bill_id,customer_id,meter_id,rate_plan_id,billing_period_start,billing_period_end,bill_date,due_date,units_consumed,peak_units,off_peak_units,bill_base_amount,fixed_charges,tax_amount,total_bill_amount,amount_paid,outstanding_balance,payment_method,payment_date,bill_status,payment_status,previous_balance,subsidy_amount,arrears,created_at,rejection_reason
BILL00004234,CUST004278,MTR004278,RP002,2023-04-01,2023-04-30,2023-05-05,2023-05-30,347.24,0,224.08,1780.68,108.65,,,0.0,,,,generated,Paid,979.45,59.63,1635.96,2023-05-05 13:27:16,Invalid or missing billing amount
BILL00006474,CUST003665,MTR003665,RP005,2024-04-01,2024-04-30,2024-05-05,2024-05-28,336.71,164.98,170.03,,285.17,170.7,,2162.84,0.0,Cash,2024-05-26,Paid,Disputed,4540.83,78.41,271.48,2024-05-05 22:45:39,Invalid or missing billing amount
BILL00019624,CUST003369,MTR003369,RP003,2023-12-01,2023-12-31,2024-01-05,2024-01-24,2328.43,1052.15,UNKNOWN,18391.65,196.52,1839.17,,20427.35,0.0,Online,2024-01-13,Paid,Partial,3198.22,0,647.54,2024-01-05 18:16:15,Invalid or missing billing amount
BILL00019347,CUST002735,MTR002735,RP006,2023-01-01,2023-01-31,2023-02-05,2023-02-17,214.82,98.66,,981.51,187.95,98.15,,0.0,1267.61,,,Disputed,Paid,3674.26,66.42,1434.61,2023-02-05 15:16:58,Invalid or missing billing amount
BILL00014800,CUST001593,MTR001593,,2023-12-01,2023-12-31,2024-01-05,2024-01-29,1917780.0,847.5,,14901.13,313.15,1490.11,,16704.39,0.0,Auto Debit,2024-02-06,Paid,,3200.17,,93.9,,Invalid or missing billing amount
BILL00012030,CUST099428,MTR002354,,2023-08-01,0,2023-09-05,2023-09-21,414.62,-,269.87,2252.34,183.2,225.23,,0.0,2660.77,,,Generated,-,3396.83,15.75,938.5,2023-09-05 15:37:17,Invalid or missing billing amount
BILL00012102,CUST001044,MTR001044,,2023-10-01,2023-10-31,2023-11-05,2023-11-21,313.98,126.19,173.89,1547.86,165.86,154.79,,,0.0,Online,2023-11-23,Paid,Overdue,4485.76,65.04,154.81,,Invalid or missing billing amount
BILL00010708,UNKNOWN,MTR003790,RP003,2023-07-01,2023-07-31,2023-08-05,2023-08-18,12.12,4.68,7.22,42.42,391.24,4.24,,437.9,0.0,Mobile App,2023-08-05,Paid,Disputed,,0,950.74,,Invalid or missing billing amount
BILL00021408,CUST002805,MTR002805,RP002,2024-07-01,2024-07-31,2024-08-05,2024-08-23,350.26,,201.85,1801.82,157.65,180.18,,2139.65,0.0,Cheque,2024-09-07,PAID,Unpaid,1077.5,,1461.22,,Invalid or missing billing amount
BILL00020078,CUST002355,MTR002355,RP002,2024-07-01,2024-07-31,2024-08-05,,336.62,112.09,187.9,1706.34,206.05,170.63,,2083.02,0.0,Cheque,2024-08-18,Paid,Paid,4785.84,9.91,791.45,2024-08-05 04:26:14,Invalid or missing billing amount
BILL00019033,CUST004192,MTR004192,RP002,2023-05-01,2023-05-31,2023-06-05,2023-06-29,2123510.0,1007.63,1215.73,16649.84,98.19,1664.98,,18413.0,0.0,Cheque,2023-06-11,,Unpaid,2898.52,0,622.04,2023-06-05 14:11:25,Invalid or missing billing amount
BILL00015398,CUST003278,MTR003278,RP001,2024-02-01,2024-02-29,,2024-03-30,385.04,163.54,203.78,2045.28,282.01,0,,0.0,2531.82,,,Revised,Written Off,3432.6,,1298.35,2024-03-05 23:51:37,Invalid or missing billing amount
BILL00009116,CUST002015,MTR002015,RP004,2024-03-01,2024-03-31,,2024-04-22,21787.4,7763.3,10916.68,183792.9,275.55,18379.29,,0.0,202447.74,,,Generated,Paid,3070.73,,1082.69,2024-04-05 19:20:36,Invalid or missing billing amount
BILL00019095,CUST004123,,,,2024-04-30,2024-05-05,2024-05-27,161.57,59.05,103.27,688.63,407.07,68.86,,0.0,1164.57,,,Disputed,Unpaid,326.02,0,1683.32,2024-05-05 14:22:43,Invalid or missing billing amount
BILL00009537,CUST000357,MTR000357,RP001,2023-02-01,2023-02-28,,,17744.39,6603.76,10869.99,149427.32,445.15,14942.73,,0.0,164815.19,,,Generated,Overdue,2615.41,0,465.63,2023-03-05 15:12:11,Invalid or missing billing amount
BILL00004247,CUST003307,MTR003307,RP001,2024-03-01,2024-03-31,2024-04-05,2024-04-15,16.47,7.24,9.05,57.64,253.08,5.76,,0.0,316.49,,,Sent,Partial,1014.19,120.15,1531.2,2024-04-05 06:28:05,Invalid or missing billing amount
BILL00000479,CUST003090,MTR003090,RP002,2023-03-01,2023-03-31,2023-04-05,2023-04-17,302.36,112.0,185.95,1466.52,176.32,146.65,,0.0,1789.49,,,Overdue,Disputed,4388.1,19.2,455.7,2023-04-05 04:32:19,Invalid or missing billing amount
BILL00015271,CUST000856,MTR000856,RP003,2024-01-01,,2024-02-05,,352.01,148.99,182.7,1814.07,98.11,181.41,,0.0,2093.59,,,Disputed,Overdue,4798.69,87.76,1879.53,2024-02-05 22:03:03,Invalid or missing billing amount
BILL00021504,CUST003569,MTR003569,RP006,2023-01-01,,2023-02-05,2023-02-24,327.78,106.06,222.84,1644.46,96.65,UNKNOWN,,1905.56,0.0,Auto Debit,2023-02-23,Paid,Disputed,4259.23,97.23,1652.21,2023-02-05 21:53:16,Invalid or missing billing amount
BILL00016570,CUST000403,MTR000403,RP001,-,2024-05-31,2024-06-05,2024-06-21,1333.11,660.3,906.99,9931.43,202.67,993.14,,11127.24,0.0,Cash,2024-06-17,Paid,Overdue,2851.31,0,-,,Invalid or missing billing amount
BILL00005081,CUST001722,MTR001722,RP004,2024-12-01,2024-12-31,2025-01-05,2025-01-24,287.45,106.42,151.92,1380.97,361.55,138.1,,1880.62,0.0,Auto Debit,2025-01-25,Paid,Disputed,,98.12,1955.39,2025-01-05 19:27:17,Invalid or missing billing amount
BILL00002913,CUST000960,MTR000960,RP001,2023-07-01,2023-07-31,2023-08-05,2023-08-29,292.67,135.26,188.67,1409.69,198.48,140.97,,1749.13,0.0,Auto Debit,2023-09-08,Paid,,2002.29,79.69,163.44,2023-08-05 19:43:19,Invalid or missing billing amount
BILL00011232,CUST000660,MTR000660,RP004,2024-01-01,2024-01-31,,2024-02-28,317.61,133.91,206.71,1573.27,286.74,157.33,,0.0,2017.34,,,Revised,Overdue,2074.66,0,769.11,2024-02-05 12:37:16,Invalid or missing billing amount
BILL00006142,CUST002685,MTR002685,RP002,2024-12-01,2024-12-31,,2025-01-26,422.07,126.8,215.73,2304.49,441.61,230.45,,0.0,2976.55,,,Disputed,Disputed,2651.85,111.45,1866.85,,Invalid or missing billing amount
BILL00004787,CUST000148,MTR000148,RP003,2023-11-01,2023-11-30,2023-12-05,2023-12-15,266.27,96.06,154.74,1264.48,407.54,126.45,,1798.48,0.0,cheque,2023-11-30,Paid,Unpaid,3963.35,114.46,1459.8,2023-12-05 01:46:47,Invalid or missing billing amount
BILL00024412,CUST002473,MTR002473,RP004,2023-07-01,2023-07-31,2023-08-05,2023-08-28,0,9625.63,11726.16,190300.84,86.02,19030.08,,0.0,209416.94,,,Sent,Disputed,998.47,0,1749.68,2023-08-05 12:03:00,Invalid or missing billing amount
BILL00004826,CUST000540,MTR000540,RP002,2023-06-01,2023/06/30,2023-07-05,2023-07-16,,126.7,149.45,1238.91,238.94,123.89,,0.0,1601.74,,,Overdue,Written Off,3595.25,109.25,1839.29,2023-07-05 01:17:07,Invalid or missing billing amount
BILL00005428,0,MTR002440,RP004,2024-01-01,2024-01-31,2024-02-05,2024-02-29,0,127.16,158.18,1416.72,328.66,141.67,,1887.06,0.0,Cheque,2024-03-12,Paid,Paid,1021.64,158.7,1394.35,2024-02-05 06:01:11,Invalid or missing billing amount
BILL00006406,CUST001893,MTR001893,RP004,2024-02-01,2024/02/29,2024-03-05,,253.6,76.37,150.41,1194.8,138.51,119.48,,0.0,1452.79,,,Disputed,Overdue,2713.22,28.87,951.65,2024-03-05 23:22:53,Invalid or missing billing amount
BILL00000079,CUST004369,MTR004369,RP002,2024-02-01,2024-02-29,2024-03-05,2024-03-28,19184.58,8649.95,11392.49,161668.93,285.13,16166.89,,0.0,178120.95,,,Overdue,Unpaid,2568.03,,,2024-03-05 04:49:07,Invalid or missing billing amount
BILL00020216,CUST004224,MTR004224,RP004,2024-03-01,2024-03-31,,2024-04-24,363.19,180.4,229.38,1892.33,465.98,189.23,,0.0,2547.54,,,Overdue,Unpaid,4053.28,0,1021.69,2024-04-05 07:30:14,Invalid or missing billing amount
BILL00009800,CUST003732,MTR003732,RP003,,2024-09-30,2024-10-05,,1700.29,546.65,870.69,13052.47,308.15,1305.25,,14665.87,0.0,Cheque,2024-09-30,Paid,Overdue,4821.08,0,72.27,2024-10-05 02:12:26,Invalid or missing billing amount
BILL00010949,CUST001584,MTR001584,RP001,2023-06-01,2023-06-30,2023-07-05,2023-07-17,1667.7,552.93,892.25,12775.45,420.34,1277.55,,0.0,14473.34,,,Sent,Written Off,1664.22,0,178.37,2023-07-05 04:35:56,Invalid or missing billing amount
BILL00003114,CUST003140,MTR003140,RP006,2024-09-01,2024-09-30,2024-10-05,2024-10-21,29948.09,,17254.58,253158.77,407.39,25315.88,,278882.03,0.0,Auto Debit,,Paid,Paid,3284.24,0,1186.57,,Invalid or missing billing amount
BILL00022532,CUST004356,MTR004356,RP003,2023-10-01,2023-10-31,2023-11-05,,282.83,87.64,157.85,1355.57,253.01,135.56,,0.0,1744.14,,,Sent,Overdue,356.05,35.99,1945.36,2023-11-05 16:23:58,Invalid or missing billing amount
BILL00015288,CUST001500,MTR001500,RP004,2024-03-01,2024-03-31,2024-04-05,2024-04-21,46.36,17.78,28.37,162.26,UNKNOWN,16.23,,471.22,0.0,Mobile App,2024-05-06,Paid,Written Off,1164.73,0,769.55,2024-04-05 07:52:34,Invalid or missing billing amount
BILL00018065,CUST000632,MTR000632,RP003,2023-01-01,2023-01-31,2023-02-05,2023-02-18,167.84,57.86,115.12,723.12,480.09,72.31,,0.0,1275.52,,,Overdue,Disputed,2370.66,88.08,1334.78,2023-02-05 00:22:21,Invalid or missing billing amount
BILL00009749,CUST003801,MTR003801,RP006,2024-06-01,2024-06-30,,2024-07-29,1174.82,386.16,UNKNOWN,8585.97,414.41,858.6,,0.0,9858.98,,,Overdue,Overdue,152.94,0,,,Invalid or missing billing amount
BILL00020906,CUST001323,MTR001323,RP002,2024-02-01,2024-02-29,2024-03-05,2024-03-29,294.52,95.53,203.49,1419.86,341.0,141.99,,0.0,1902.85,,,Disputed,0,1094.46,80.47,647.17,2024-03-05 23:07:53,Invalid or missing billing amount
BILL00023918,CUST001721,MTR001721,RP006,2024-08-01,2024-08-31,2024-09-05,,168.93,75.87,,729.12,406.26,72.91,,1208.28,0.0,Bank Transfer,2024-09-10,Paid,Disputed,2252.14,167.03,68.11,2024-09-05 13:53:33,Invalid or missing billing amount
BILL00009785,CUST003555,MTR003555,RP004,2024-08-01,2024-08-31,2024-09-05,2024-09-21,140.96,56.84,72.23,575.28,198.94,57.53,,831.75,0.0,Bank Transfer,2024-10-04,Paid,Partial,4052.33,84.31,1829.07,2024-09-05 09:56:16,Invalid or missing billing amount
BILL00017597,CUST000300,MTR000300,RP006,2024-03-01,2024-03-31,2024-04-05,2024-04-16,809.26,285.44,496.77,5478.71,493.08,547.87,,,0.0,Cheque,2024-04-09,Paid,0,1089.14,51.39,300.96,2024-04-05 05:41:34,Invalid or missing billing amount
BILL00001804,CUST000147,-,RP002,2023-05-01,2023-05-31,2023-06-05,,257.79,93.53,136.26,1217.85,213.98,121.78,,1553.61,0.0,Auto Debit,2023-06-14,paid,Written Off,3136.55,4.39,1343.84,2023-06-05 16:10:50,Invalid or missing billing amount
BILL00007309,CUST004788,MTR004788,RP003,2023-05-01,-,2023-06-05,2023-06-16,160.15,69.94,84.91,680.83,439.71,68.08,,1188.61,0.0,,2023-06-26,Paid,Paid,1230.71,,1132.03,2023-06-05 16:16:01,Invalid or missing billing amount
BILL00014049,CUST001903,MTR001903,RP006,2024-10-01,2024-10-31,2024-11-05,2024-11-27,309.55,133.19,,1516.85,423.02,151.69,,2091.56,0.0,Cash,2024-12-04,Paid,Unpaid,4680.71,187.63,,,Invalid or missing billing amount
BILL00012540,CUST000098,MTR000098,RP005,2024-07-01,2024-07-31,2024-08-05,2024-08-16,850.68,309.84,457.84,5830.78,381.99,583.08,,6795.85,0.0,Bank Transfer,2024-08-31,Paid,Unpaid,3671.81,188.28,202.87,2024-08-05 05:49:02,Invalid or missing billing amount
BILL00019821,CUST001599,MTR001599,RP001,2024-11-01,2024-11-30,2024-12-05,2024-12-27,170.94,71.33,86.39,740.17,199.11,74.02,,0.0,,,,Disputed,Overdue,1662.38,4.71,1807.94,2024-12-05 00:37:02,Invalid or missing billing amount
BILL00012434,CUST001798,MTR001798,RP002,2024-01-01,2024-01-31,,2024-03-01,16614.95,6958.99,9608.86,139827.08,58.08,13982.71,,0.0,153867.87,,,Revised,Disputed,2384.95,0,344.26,2024-02-05 10:59:54,Invalid or missing billing amount
BILL00004682,CUST000088,MTR000088,RP005,2024-10-01,-,,2024-11-21,392.91,137.99,200.43,2100.37,279.1,210.04,,2589.51,0.0,Auto Debit,2024-11-28,Paid,Written Off,1330.32,137.13,40.34,2024-11-05 13:56:09,Invalid or missing billing amount
BILL00000259,CUST001324,MTR001324,RP005,2024-05-01,,,2024-06-22,354.69,156.1,189.67,1832.83,67.74,183.28,,2083.85,0.0,Mobile App,2024-06-06,Paid,Paid,477.03,78.64,1148.05,2024-06-05 18:03:27,Invalid or missing billing amount
BILL00003800,CUST003309,MTR003309,RP003,2024-01-01,2024-01-31,2024-02-05,2024-02-24,276.83,104.78,-,1322.57,356.48,132.26,,0.0,1811.31,,,Disputed,Partial,754.51,,539.25,2024-02-05 21:00:14,Invalid or missing billing amount
BILL00008776,CUST003047,MTR003047,RP002,2024-07-01,2024-07-31,2024-08-05,2024-08-27,316.59,123.83,172.73,1566.13,324.58,156.61,,0.0,2047.32,,,Overdue,Written Off,3697.61,159.37,722.76,2024-08-05 13:21:47,Invalid or missing billing amount
BILL00007119,CUST002821,MTR002821,RP001,2024-04-01,2024-04-30,2024-05-05,2024-05-22,1757.62,528.25,1045.41,13539.77,289.92,1353.98,,0.0,15183.67,,,Revised,Overdue,3772.52,0,0,2024-05-05 20:38:52,Invalid or missing billing amount
BILL00022726,CUST099682,MTR003699,0,2024-04-01,2024-04-30,2024-05-05,2024-05-25,229.35,80.87,146.62,1061.42,391.93,106.14,,1559.5,0.0,Cash,2024-05-10,paid,Paid,3667.63,55.68,1763.17,2024-05-05 07:07:28,Invalid or missing billing amount
BILL00013095,CUST000476,MTR000476,RP001,2024-06-01,2024-06-30,2024-07-05,,8458.18,3256.23,4728.02,70494.53,143.73,7049.45,,77687.71,0.0,Mobile App,2024-07-08,Paid,Partial,973.55,0,,2024-07-05 18:02:33,Invalid or missing billing amount
BILL00015311,CUST000486,MTR000486,,2023-05-01,2023-05-31,2023-06-05,2023-06-23,35983.91,12757.27,23295.22,304463.24,386.45,30446.32,,0.0,335296.01,,,Generated,Partial,4873.68,,589.68,2023-06-05 06:07:59,Invalid or missing billing amount
BILL00012744,CUST003829,MTR003829,UNKNOWN,2024-05-01,2024-05-31,2024-06-05,2024-06-20,293.92,134.09,157.88,1416.56,453.96,141.66,,0.0,2012.18,,,Generated,Partial,462.58,0,362.07,2024-06-05 10:18:43,Invalid or missing billing amount
BILL00016678,CUST002399,MTR002399,RP001,2023-02-01,2023-02-28,2023-03-05,2023-03-23,1078.58,360.69,545.04,7767.93,443.17,776.79,,8987.89,0.0,Auto Debit,2023-03-31,Paid,Unpaid,3310.92,10.71,249.03,2023-03-05 23:26:23,Invalid or missing billing amount
BILL00013965,CUST000467,MTR000467,RP006,2023-11-01,2023-11-30T00:00:00Z,2023-12-05,,184.28,-,114.94,813.54,255.18,81.35,,1150.07,0.0,,2023-12-21,Paid,Disputed,4172.81,12.47,1252.61,2023-12-05 02:26:31,Invalid or missing billing amount
BILL00006398,CUST000084,MTR000084,RP002,2023-06-01,2023-06-30,2023-07-05,2023-07-30,1280.24,569.11,799.35,9482.04,498.39,948.2,,0.0,10928.63,,,,Paid,628.76,0,1835.96,2023-07-05 02:52:39,Invalid or missing billing amount
BILL00004439,CUST001778,MTR001778,RP003,01/03/2023,2023-03-31,,2023-04-28,604.64,264.89,389.51,3739.44,276.0,373.94,,4389.38,0.0,Cash,2023-04-18,Paid,Unpaid,3443.37,65.07,214.19,2023-04-05 16:22:24,Invalid or missing billing amount
BILL00010800,CUST003968,MTR003968,RP005,2024-11-01,2024-11-30,2024-12-05,2024-12-21,16879.01,6375.38,8481.36,142071.58,341.6,14207.16,,156620.34,0.0,mobile app,2024-12-01,Paid,Disputed,2852.39,0,1948.21,2024-12-05 07:48:09,Invalid or missing billing amount
BILL00014961,CUST001798,MTR001798,RP002,2024-05-01,2024-05-31,2024-06-05,2024-06-24,23367.53,11381.39,14522.82,197224.01,72.59,19722.4,,0.0,217018.99,,,Overdue,Partial,3633.4,0,106.81,2024-06-05 19:42:11,Invalid or missing billing amount
BILL00006870,CUST001870,MTR001870,RP004,2024-10-01,2024-10-31,2024-11-05,2024-11-21,126.66,39.02,72.86,496.63,394.23,49.66,,940.52,0.0,Cash,,,Disputed,2114.87,69.83,274.38,2024-11-05 00:24:47,Invalid or missing billing amount
BILL00013319,CUST001996,MTR001996,RP004,2023-07-01,2023-07-31,2023-08-05,2023-08-26,90.55,42.38,57.99,316.93,496.58,31.69,,0.0,845.19,,,Overdue,Paid,2230.31,,1864.22,2023-08-05 07:51:47,Invalid or missing billing amount
BILL00008646,CUST000458,,RP005,2023-03-01,2023-03-31,2023-04-05,2023-04-30,319.83,131.74,216.59,1588.81,397.87,158.88,,0.0,2145.56,,,Overdue,Partial,693.68,0,547.0,2023-04-05 23:40:21,Invalid or missing billing amount
BILL00023041,CUST003084,MTR003084,RP004,2024-10-01,2024-10-31,2024-11-05,2024-11-16,248.43,99.72,143.78,1166.37,249.65,116.64,,1532.65,0.0,Online,,Paid,Partial,643.81,111.33,289.31,2024-11-05 02:47:47,Invalid or missing billing amount
BILL00020261,CUST001685,MTR001685,RP001,2024-02-01,2024-02-29,2024-03-05,2024-03-29,378.84,149.42,263.38,2001.88,322.2,200.19,,0.0,2524.27,,,Overdue,Unpaid,596.84,180.91,873.45,2024-03-05 03:16:28,Invalid or missing billing amount
BILL00010873,CUST000310,MTR000310,RP006,2023-07-01,2023-07-31,2023-08-05,2023-08-20,181.86,61.43,104.67,800.23,250.29,UNKNOWN,,1130.54,0.0,Auto Debit,2023-08-13,Paid,Overdue,2954.19,57.56,780.03,2023-08-05 20:57:55,Invalid or missing billing amount
BILL00012537,CUST004633,MTR004633,RP001,2023-06-01,2023-06-30,2023-07-05,2023-07-23,2135.74,884.07,1088.08,16753.79,287.06,1675.38,,18716.23,0.0,Cash,2023-08-07,,Paid,3812.65,-,0,2023-07-05 14:47:02,Invalid or missing billing amount
BILL00010002,CUST003108,MTR003108,RP001,2024-08-01,,2024-09-05,2024-09-29,2366.35,859.72,1459.56,18713.97,,1871.4,,20975.06,0.0,Auto Debit,2024-10-10,Paid,Written Off,344.39,0,373.21,2024-09-05 19:12:03,Invalid or missing billing amount
BILL00012279,CUST000013,MTR000013,RP003,2023-09-01,2023-09-30,2023-10-05,2023-10-24,131.12,62.44,71.2,521.16,325.65,52.12,,898.93,0.0,Cheque,2023-10-06,-,Written Off,790.33,127.24,1269.25,2023-10-05 11:35:04,Invalid or missing billing amount
BILL00011262,CUST002431,MTR002431,RP006,01-10-2024,2024-10-31,2024-11-05,2024-11-17,250.59,113.32,156.63,1178.24,434.08,117.82,,0.0,1730.15,,,Overdue,Partial,68.2,192.23,445.43,2024-11-05 21:03:45,Invalid or missing billing amount
BILL00010516,CUST003994,MTR003994,RP006,2023-04-01,2023-04-30,2023-05-05,2023-05-17,287.19,138.16,187.51,1379.55,361.1,137.95,,0.0,1878.59,,,Disputed,Partial,1029.37,174.93,667.38,2023-05-05 19:39:53,Invalid or missing billing amount
BILL00013465,CUST002964,MTR002964,RP005,2023-11-01,2023-11-30,,2023-12-27,236.17,113.7,128.71,1098.93,271.14,109.89,,1479.96,0.0,Cash,2024-01-02,Paid,0,1598.81,90.31,220.11,2023-12-05 08:33:00,Invalid or missing billing amount
BILL00008664,CUST003108,MTR003108,RP001,2023-11-01,2023-11-30,2023-12-05,2023-12-20,2260.74,798.62,1258.0,17816.29,114.9,1781.63,,0.0,19712.82,,,Overdue,Written Off,4467.5,0,367.49,,Invalid or missing billing amount
BILL00019870,CUST000371,MTR000371,RP003,2023-11-01,30-11-2023,,2023-12-27,401.32,123.96,214.99,2159.24,460.52,215.92,,0.0,2835.68,,,Disputed,Written Off,383.37,115.23,1467.92,2023-12-05 09:22:24,Invalid or missing billing amount
BILL00018034,CUST000497,MTR000497,RP006,2023-04-01,2023-04-30,2023-05-05,2023-05-23,2185.59,865.33,1183.23,17177.51,132.95,1717.75,,19028.22,0.0,Mobile App,2023-05-29,Paid,Overdue,3207.53,0,636.95,2023-05-05 00:19:02,Invalid or missing billing amount
BILL00004166,CUST003296,MTR003296,RP004,2024-11-01,2024-11-30,2024-12-05,,2816.54,961.78,1767.6,22540.59,286.77,2254.06,,25081.42,0.0,Cash,2024-11-30,Paid,Paid,1371.56,0,1486.17,2024-12-05 05:31:45,Invalid or missing billing amount
BILL00018291,CUST000921,MTR000921,RP005,2023-01-01,2023-01-31,2023-02-05,2023-02-24,283.43,88.03,175.19,1358.87,433.82,,,1928.58,0.0,Auto Debit,2023-02-12,Paid,Overdue,4097.85,0,64.03,2023-02-05 00:28:11,Invalid or missing billing amount
BILL00007102,CUST002265,MTR002265,RP003,2023-02-01,2023-02-28,,2023-03-20,2848.09,1400.64,1732.64,0,232.04,2280.88,,25321.69,0.0,Cash,2023-03-18,,Partial,1689.97,UNKNOWN,,2023-03-05 04:12:20,Invalid or missing billing amount
BILL00014720,CUST000238,MTR000238,RP003,2023-07-01,2023-07-31,2023-08-05,2023-08-15,240.13,90.17,161.23,1120.71,447.19,112.07,,1679.98,0.0,Cash,2023-08-17,paid,Disputed,1174.56,0,1205.69,,Invalid or missing billing amount
BILL00005813,CUST002037,MTR002037,RP001,2024-06-01,2024-06-30,2024-07-05,2024-07-19,32823.52,,21588.28,277599.92,349.21,27759.99,,305709.12,0.0,Auto Debit,2024-07-21,UNKNOWN,Overdue,3143.62,0,647.07,2024-07-05 19:55:00,Invalid or missing billing amount
BILL00011783,CUST001730,MTR001730,RP006,2024-12-01,2024-12-31,2025-01-05,2025-01-23,3118.65,1482.21,-,25108.53,499.27,2510.85,,0.0,28118.65,,,Generated,Disputed,1337.86,0,964.57,2025-01-05 00:32:21,Invalid or missing billing amount
BILL00018648,CUST002874,MTR002874,RP003,2024-03-01,2024-03-31,2024-04-05,2024-04-16,112.03,51.83,,416.17,401.85,41.62,,0.0,859.64,,,Sent,Disputed,1925.7,0,1786.18,2024-04-05 22:06:32,Invalid or missing billing amount
BILL00004860,CUST002022,MTR002022,RP002,2023-05-01,2023-05-31,,2023-06-22,25297.37,10911.28,,213627.64,336.87,21362.76,,235327.28,0.0,Auto Debit,2023-07-07,Paid,Unpaid,570.93,0,1694.71,2023-06-05 01:54:19,Invalid or missing billing amount
BILL00011906,CUST000001,MTR000001,RP002,2024-04-01,2024-04-30,2024-05-05,2024-05-21,229.52,80.5,138.51,1062.36,340.69,106.24,,,1509.29,,,Overdue,Overdue,,152.99,70.06,2024-05-05 16:09:37,Invalid or missing billing amount
BILL00002308,CUST002500,MTR002500,RP002,2023-06-01,2023-06-30,2023-07-05,2023-07-29,2523.49,768.2,1745.61,20049.66,156.35,2004.97,,22210.98,0.0,Mobile App,2023-07-10,Paid,Paid,318.4,0,106.41,2023-07-05 10:13:03,Invalid or missing billing amount
BILL00002101,CUST000716,MTR000716,RP006,2024-12-01,2024-12-31,,2025-01-16,323.18,-,215.88,1612.26,125.57,161.23,,1899.06,0.0,Mobile App,2025-01-19,Paid,Written Off,1632.75,0,1238.03,,Invalid or missing billing amount
BILL00009593,CUST004398,MTR004398,RP006,2023-03-01,2023-03-31,2023-04-05,,179.12,76.78,110.14,785.16,185.85,78.52,,0.0,1049.53,,,Sent,Unpaid,4544.37,178.54,899.01,2023-04-05 13:53:21,Invalid or missing billing amount
BILL00018792,CUST003854,MTR003854,RP001,2023-12-01,2023-12-31,,2024-01-30,360.13,,228.57,1870.91,325.64,187.09,,2383.64,0.0,Mobile App,2024-02-01,Paid,Paid,581.72,70.87,202.83,2024-01-05 16:09:57,Invalid or missing billing amount
BILL00013354,CUST000598,MTR000598,RP005,2024-06-01,2024-06-30,2024-07-05,2024-07-23,343.8,123.64,230.35,1756.6,,175.66,,2048.48,0.0,Auto Debit,2024-08-06,,Partial,3104.63,120.8,1914.41,2024-07-05 18:01:48,Invalid or missing billing amount
BILL00020816,CUST004762,MTR004762,RP002,2023-09-01,2023-09-30,2023-10-05,2023-10-23,,77.63,101.77,882.01,214.3,88.2,,1184.52,0.0,Mobile App,,Paid,Disputed,2169.26,32.1,214.25,2023-10-05 09:53:20,Invalid or missing billing amount
BILL00017006,CUST001263,MTR001263,RP006,2024-08-01,0,2024-09-05,2024-09-17,102.86,48.86,64.65,365.73,224.18,36.57,,,626.48,,,Overdue,Unpaid,,42.12,525.3,2024-09-05 04:15:31,Invalid or missing billing amount
BILL00013470,CUST001766,MTR001766,RP001,UNKNOWN,2024-10-31,,2024-11-21,302.98,118.71,183.5,1470.86,319.14,147.09,,0.0,1937.09,,,Generated,Overdue,4379.04,134.74,946.06,2024-11-05 17:15:57,Invalid or missing billing amount
BILL00016263,CUST004940,MTR004940,RP001,2023-11-01,2023-11-30,2023-12-05,2023-12-20,222.21,96.85,123.0,1022.16,416.3,102.22,,0.0,1540.68,,,Disputed,Written Off,1359.17,,505.47,2023-12-05 05:29:12,Invalid or missing billing amount
BILL00007157,CUST003398,MTR003398,RP004,2023-08-01,31-08-2023,2023-09-05,2023-09-20,32284.79,14562.86,,273020.72,300.08,27302.07,,300622.87,0.0,Bank Transfer,2023-09-06,Paid,Partial,1021.68,0,315.65,,Invalid or missing billing amount
BILL00001866,CUST002652,MTR002652,RP001,2023-08-01,2023-08-31,,2023-09-15,1004.42,481.67,612.79,7137.57,,-,,7974.47,0.0,Cash,2023-09-06,0,Disputed,4415.49,UNKNOWN,1161.52,2023-09-05 14:18:28,Invalid or missing billing amount
BILL00014026,CUST000398,MTR000398,RP001,2023-04-01,2023-04-30,2023-05-05,2023-05-15,186.08,81.7,124.16,823.44,423.04,82.34,,1328.82,0.0,Online,2023-05-09,Paid,Overdue,4757.54,83.17,UNKNOWN,2023-05-05 09:47:14,Invalid or missing billing amount
BILL00019211,CUST000864,MTR000864,RP003,2024-11-01,2024-11-30,2024-12-05,2024-12-28,238.59,93.05,151.77,1112.24,66.22,111.22,,1289.69,0.0,Cheque,2024-12-25,Paid,Paid,3295.85,32.15,0,2024-12-05 10:19:48,Invalid or missing billing amount
BILL00013104,CUST002468,MTR002468,RP006,2024-10-01,2024-10-31,,2024-11-30,33063.19,14880.39,21731.02,279637.11,214.0,27963.71,,307814.83,0.0,Bank Transfer,2024-11-26,Paid,Partial,2794.61,0,1149.76,2024-11-05 23:53:03,Invalid or missing billing amount
BILL00009946,CUST004426,MTR004426,RP002,2023-05-01,2023/05/31,2023-06-05,2023-06-23,474.85,170.42,267.87,2673.95,0,267.4,,3104.23,0.0,MOBILE APP,2023-06-30,Paid,Paid,3709.63,18.57,-,,Invalid or missing billing amount
BILL00009093,CUST001744,MTR001744,RP006,2024-03-01,2024-03-31,2024-04-05,2024-04-23,1411.92,0,759.46,10601.32,93.32,1060.13,,11754.77,0.0,Online,2024-05-07,Paid,Partial,1766.34,0,,2024-04-05 15:01:37,Invalid or missing billing amount
BILL00021948,CUST001250,MTR001250,RP001,2023-08-01,2023-08-31,2023-09-05,2023-09-23,184.39,77.32,121.48,814.14,,81.41,,0.0,1295.39,,,Overdue,Overdue,2454.3,131.06,1167.69,2023-09-05 22:47:45,Invalid or missing billing amount
BILL00023598,CUST004797,MTR004797,RP002,2023-07-01,2023-07-31,2023-08-05,2023-08-26,199.02,91.02,108.27,894.61,98.53,89.46,,0.0,1082.6,,,Disputed,Written Off,4553.91,130.85,171.91,2023-08-05 11:34:06,Invalid or missing billing amount
BILL00021423,CUST003916,MTR003916,RP003,2024-12-01,2024-12-31,2025-01-05,2025-01-28,-,87.81,177.54,1294.46,404.92,129.45,,1828.83,0.0,mobile app,2025-01-12,Paid,Overdue,1570.84,109.66,UNKNOWN,2025-01-05 22:12:58,Invalid or missing billing amount
BILL00010162,CUST001798,-,RP002,2023-05-01,2023-05-31,2023-06-05,2023-06-23,12943.2,4691.44,,108617.2,133.95,10861.72,,119612.87,0.0,Cheque,2023-06-06,Paid,Disputed,4888.84,0,918.92,2023-06-05 14:18:32,Invalid or missing billing amount
BILL00007842,CUST000968,MTR000968,RP001,2023-09-01,2023-09-30,2023-10-05,2023-10-27,228.87,87.26,147.38,1058.79,,105.88,,0.0,1657.66,,,overdue,Overdue,2368.72,128.31,761.95,,Invalid or missing billing amount
BILL00021483,CUST002492,MTR002492,RP002,2023-01-01,2023-01-31,2023-02-05,2023-02-20,2217.29,715.4,1207.18,17446.97,71.72,1744.7,,19263.38,0.0,Cheque,2023-02-10,Paid,Overdue,4873.16,0,1471.41,2023-02-05 09:38:01,Invalid or missing billing amount
BILL00015773,CUST004408,MTR004408,RP003,01-12-2023,2023-12-31,2024-01-05,,252.23,77.21,154.33,1187.26,394.15,118.73,,1700.15,0.0,,2024-02-08,Paid,Unpaid,2440.76,155.84,597.22,2024-01-05 11:08:17,Invalid or missing billing amount
BILL00016420,CUST003429,MTR003429,RP005,2024-08-01,2024-08-31,2024-09-05,2024-09-15,405.68,191.8,-,2189.76,249.8,218.98,,0.0,2658.54,,,Revised,Disputed,1896.68,168.17,1041.25,2024-09-05 04:15:38,Invalid or missing billing amount
BILL00013163,CUST003203,MTR003203,RP002,2024-08-01,2024-08-31,2024-09-05,2024-09-20,71.75,33.87,37.98,251.12,216.34,25.11,,492.57,0.0,Cash,2024-08-31,Paid,Disputed,1642.72,0,1805.9,,Invalid or missing billing amount
BILL00012312,CUST000454,MTR000454,,2024-07-01,,2024-08-05,2024-08-17,232.72,116.11,152.78,1079.96,461.55,108.0,,1649.51,0.0,Mobile App,2024-08-29,Paid,Disputed,4445.5,0,1532.62,2024-08-05 07:28:14,Invalid or missing billing amount
BILL00000335,CUST001144,MTR001144,RP001,2024-07-01,2024-07-31,2024-08-05,2024-08-29,255.46,126.37,154.83,1205.03,68.56,120.5,,0.0,1394.09,,,Disputed,Disputed,98.23,55.83,763.02,,Invalid or missing billing amount
BILL00003471,CUST003638,MTR003638,RP005,0,2024-05-31,2024-06-05,2024-06-15,0.8962100000000001,420.45,490.43,6217.78,235.59,621.78,,0.0,,,,Disputed,Partial,654.59,UNKNOWN,469.45,2024-06-05 21:29:05,Invalid or missing billing amount
BILL00013276,CUST000152,MTR000152,RP006,01/10/2023,2023-10-31,,2023-11-20,239.26,98.59,160.31,,130.68,111.59,,1358.2,0.0,-,2023-11-04,Paid,Disputed,1895.83,68.46,1083.29,2023-11-05 10:42:30,Invalid or missing billing amount
BILL00019489,CUST002307,MTR002307,,2024-12-01,2024-12-31,2025-01-05,2025-01-20,160.11,,96.84,680.61,160.24,68.06,,908.91,0.0,Cash,2025-01-11,Paid,Paid,3989.24,37.57,1409.49,2025-01-05 21:33:30,Invalid or missing billing amount
BILL00006415,CUST000497,MTR000497,RP006,2024-08-01,2024-08-31,2024-09-05,2024-09-17,2379.01,882.08,1282.53,18821.59,262.44,-,,0.0,20966.19,,,Sent,Disputed,2566.83,0,464.56,,Invalid or missing billing amount
BILL00009769,CUST003767,MTR003767,RP005,2024-05-01,2024-05-31,2024-06-05,2024-06-18,24209.26,9111.01,12914.65,204378.71,217.67,20437.87,,225034.25,0.0,Cheque,2024-06-12,Paid,Partial,825.24,0,1715.46,2024-06-05 17:32:49,Invalid or missing billing amount
BILL00005336,CUST001996,MTR001996,RP004,2024-10-01,2024-10-31,2024-11-05,2024-11-23,188.05,,129.53,834.28,468.48,0,,0.0,1386.19,,,Generated,Paid,1884.25,119.57,400.06,2024-11-05 04:17:52,Invalid or missing billing amount
BILL00021812,CUST004548,MTR004548,RP001,2023-07-01,2023-07-31,2023-08-05,2023-08-25,1865.8,707.67,,14459.3,433.78,1445.93,,0.0,,,,Generated,Partial,491.7,0,1395.67,2023-08-05 17:59:43,Invalid or missing billing amount
BILL00024711,CUST001511,MTR001511,RP005,2024-08-01,2024-08-31,,2024-09-20,359.56,109.73,,1866.92,,186.69,,2282.04,0.0,Auto Debit,2024-09-11,Paid,Disputed,2036.54,83.63,1114.55,2024-09-05 22:13:34,Invalid or missing billing amount
BILL00014807,CUST001704,MTR001704,UNKNOWN,2023-01-01,2023-01-31,,2023-02-21,288.51,105.5,177.36,1386.8,150.41,138.68,,0.0,1675.9,,,Overdue,Paid,3821.83,0,79.91,2023-02-05 10:06:38,Invalid or missing billing amount
BILL00018813,CUST002718,MTR002718,RP003,2023-07-01,31/07/2023,2023-08-05,2023-08-22,2468.73,1176.83,1605.57,19584.21,385.14,1958.42,,0.0,21927.77,,,,Overdue,3167.14,0,1038.28,,Invalid or missing billing amount
BILL00010642,CUST002764,MTR002764,RP005,2023-07-01,2023-07-31,,2023-08-23,228.61,105.39,152.75,1057.36,UNKNOWN,105.74,,1655.19,0.0,Bank Transfer,2023-09-07,,,1858.89,30.51,UNKNOWN,,Invalid or missing billing amount
BILL00006348,CUST002470,MTR002470,RP006,2024-12-01,2024-12-31,2025-01-05,2025-01-30,19944.98,7984.59,11812.46,168132.33,154.62,16813.23,,185100.18,,-,2025-01-20,Paid,Paid,649.55,0,1457.18,2025-01-05 15:44:32,Invalid or missing billing amount
BILL00021665,CUST003932,MTR003932,RP006,2024-03-01,2024-03-31,2024-04-05,,436.24,131.62,260.53,2403.68,64.34,240.37,,2708.39,0.0,Online,,Paid,Partial,2016.06,43.65,87.66,2024-04-05 09:47:51,Invalid or missing billing amount
BILL00007256,CUST002541,MTR002541,RP006,2024-07-01,2024-07-31,2024-08-05,2024-08-16,74.0,33.62,51.65,259.0,495.2,25.9,,0.0,780.1,,,Disputed,Unpaid,4625.15,0,17.44,2024-08-05 08:51:18,Invalid or missing billing amount
BILL00005779,CUST004362,MTR004362,RP001,2023-05-01,2023-05-31,2023-06-05,2023-06-25,240.7,109.25,146.72,1123.85,262.95,112.38,,1499.18,0.0,Online,2023-07-10,Paid,Paid,,69.29,911.04,2023-06-05 23:39:09,Invalid or missing billing amount
BILL00021303,CUST003921,MTR003921,RP006,2024-04-01,2024-04-30,2024-05-05,2024-05-21,246.5,79.47,158.44,UNKNOWN,178.3,115.58,,1449.63,0.0,Online,2024-05-30,Paid,Paid,1645.07,82.54,834.23,2024-05-05 04:50:18,Invalid or missing billing amount
BILL00018401,CUST000099,MTR000099,RP001,2024-10-01,2024-10-31,2024-11-05,,156.07,UNKNOWN,84.51,658.38,203.23,65.84,,927.46,0.0,Bank Transfer,2024-12-08,PAID,Written Off,1876.19,38.28,1260.87,2024-11-05 00:17:58,Invalid or missing billing amount
BILL00001101,CUST000447,MTR000447,RP006,2023-10-01,2023-10-31,2023-11-05,2023-11-27,325.93,144.31,169.42,1631.51,441.95,163.15,,2236.61,0.0,Mobile App,2023-11-26,Paid,Paid,4745.36,115.9,1921.27,2023-11-05 16:47:02,Invalid or missing billing amount
BILL00015232,CUST001668,MTR001668,RP003,2023-02-01,2023-02-28,2023-03-05,2023-03-27,347.96,120.03,,1785.72,386.44,178.57,,2350.73,0.0,Auto Debit,2023-03-22,Paid,Paid,4509.0,,1528.91,2023-03-05 02:46:17,Invalid or missing billing amount
BILL00007444,CUST001018,MTR001018,RP003,2024-06-01,2024-06-30,2024-07-05,,256.53,127.95,128.96,1210.91,412.66,121.09,,0.0,0.0,Cash,2024-07-28,Paid,Overdue,4853.87,39.04,738.14,2024-07-05 16:56:56,Invalid or missing billing amount
BILL00014623,CUST000370,MTR000370,RP006,2023-12-01,2023-12-31,2024-01-05,2024-01-22,321.34,139.95,199.67,1599.38,-,159.94,,,0.0,Cash,,,Disputed,1573.65,164.8,935.06,2024-01-05 14:48:20,Invalid or missing billing amount
BILL00005696,CUST003204,MTR003204,RP005,2024-08-01,2024/08/31,2024-09-05,,729.21,333.13,380.46,4798.28,122.82,479.83,,5400.93,,Cash,2024-09-10,Paid,Overdue,1725.18,176.45,1290.86,2024-09-05 15:14:56,Invalid or missing billing amount
BILL00014670,CUST003641,MTR003641,RP006,2023-05-01,2023-05-31,2023-06-05,2023-06-17,2403.07,999.52,0,19026.1,347.66,1902.61,,21276.37,0.0,Cash,2023-05-29,PAID,Written Off,2723.62,0,1903.75,2023-06-05 14:26:08,Invalid or missing billing amount
BILL00018824,CUST002300,MTR002300,RP005,2024-09-01,2024-09-30,2024-10-05,2024-10-18,205.45,90.9,125.63,929.97,181.4,93.0,,0.0,1204.37,,,Overdue,Written Off,2780.99,67.93,765.63,2024-10-05 15:56:33,Invalid or missing billing amount
BILL00009515,CUST004021,MTR004021,RP003,2023-12-01,2023-12-31,2024-01-05,2024-01-16,334.04,120.75,212.78,1688.28,195.3,168.83,,0.0,2052.41,,,Overdue,Disputed,4724.39,103.02,1972.68,2024-01-05 07:43:10,Invalid or missing billing amount
BILL00023205,CUST004538,MTR004538,RP005,2023-06-01,2023-06-30,2023-07-05,2023-07-24,1043.93,401.83,594.38,7473.41,,747.34,,8457.91,0.0,Cheque,,PAID,Overdue,4342.82,143.95,789.89,2023-07-05 10:11:27,Invalid or missing billing amount
BILL00010996,CUST002549,,RP001,2024-03-01,2024-03-31,2024-04-05,,329.06,130.97,214.64,1653.42,274.1,165.34,,2092.86,0.0,Cheque,2024-04-27,Paid,Overdue,2697.33,16.97,785.64,,Invalid or missing billing amount
BILL00000513,CUST000781,MTR000781,RP003,,2024-07-31,2024-08-05,2024-08-16,188.4,61.87,94.7,836.2,279.34,83.62,,1199.16,0.0,online,2024-07-31,Paid,Unpaid,1985.82,0,1103.11,2024-08-05 09:21:40,Invalid or missing billing amount
BILL00014543,CUST002744,MTR002744,RP002,2024-08-01,2024-08-31,2024-09-05,2024-09-25,383.99,129.86,195.12,2037.93,234.9,203.79,,0.0,2476.62,,,Generated,Written Off,2280.09,,422.08,2024-09-05 09:22:54,Invalid or missing billing amount
BILL00011740,CUST004456,MTR004456,RP003,2023-02-01,2023-02-28,2023-03-05,2023-03-29,2482.12,1075.04,1688.76,19698.02,216.19,1969.8,,21884.01,0.0,Bank Transfer,2023-03-13,Paid,Overdue,627.07,0,135.03,2023-03-05 04:10:45,Invalid or missing billing amount
BILL00013847,CUST000311,MTR000311,RP004,2024-08-01,2024-08-31,2024-09-05,2024-09-17,344.26,171.65,190.12,1759.82,211.34,175.98,,0.0,2147.14,,,Disputed,Disputed,1502.31,97.08,1119.77,2024-09-05 05:42:18,Invalid or missing billing amount
BILL00002498,CUST003053,MTR003053,RP002,2023-04-01,2023-04-30,2023-05-05,2023-05-15,287.79,124.81,153.5,,313.3,138.28,,0.0,1834.42,,,Generated,0,3486.59,34.12,1835.51,,Invalid or missing billing amount
BILL00011491,CUST004635,MTR004635,RP001,2024-07-01,2024-07-31,2024-08-05,2024-08-21,2024.4,963.63,1043.08,15807.4,0,1580.74,,17865.35,0.0,Cash,2024-08-21,Paid,Overdue,393.21,0,1659.26,2024-08-05 08:56:55,Invalid or missing billing amount
BILL00017429,CUST001942,MTR001942,RP001,2024-10-01,2024-10-31,2024-11-05,2024-11-21,108.87,36.71,61.92,398.79,264.4,39.88,,703.06,0.0,Bank Transfer,2024-12-03,Paid,0,2343.19,87.55,1473.3,2024-11-05 04:31:45,Invalid or missing billing amount
BILL00020797,CUST001352,MTR001352,RP006,2024-08-01,2024-08-31,2024-09-05,2024-09-20,1990.5,899.66,1390.59,15519.25,286.01,1551.93,,17357.19,0.0,Mobile App,2024-09-22,Paid,Unpaid,1582.68,0,1511.1,2024-09-05 05:27:06,Invalid or missing billing amount
BILL00019423,CUST003232,MTR003232,RP004,2024-05-01,2024-05-31,2024-06-05,2024-06-28,547.27,213.41,327.09,3251.8,108.21,325.18,,0.0,3685.19,,,Overdue,UNKNOWN,1057.91,140.66,1362.81,2024-06-05 03:26:31,Invalid or missing billing amount
BILL00001704,CUST003694,MTR003694,RP001,2023-05-01,2023-05-31,2023-06-05,2023-06-25,181.55,56.87,96.33,798.53,397.92,79.85,,0.0,1276.3,,,Generated,Overdue,4450.83,0,1763.69,2023-06-05 10:14:43,Invalid or missing billing amount
BILL00010011,CUST000405,MTR000405,RP005,2024-03-01,2024-03-31,,2024-04-29,214.36,UNKNOWN,141.16,978.98,360.79,97.9,,1437.67,0.0,Cheque,2024-04-23,Paid,Unpaid,4840.65,12.0,1771.91,2024-04-05 01:07:05,Invalid or missing billing amount
BILL00009585,CUST001138,MTR001138,RP003,2023-03-01,2023-03-31,2023-04-05,2023-04-22,290.0,104.47,150.2,1395.0,205.45,139.5,,1739.95,,Cash,2023-04-24,Paid,,3224.58,132.6,-,2023-04-05 15:31:29,Invalid or missing billing amount
BILL00001732,CUST002222,MTR002222,RP006,2024-09-01,2024-09-30,2024-10-05,2024-10-15,2735.93,1128.97,1392.33,21855.4,339.52,2185.54,,24380.46,0.0,Bank Transfer,2024-10-01,Paid,Partial,346.38,0,1166.73,2024-10-05 14:18:40,Invalid or missing billing amount
BILL00012827,CUST000196,MTR000196,RP006,2024-07-01,2024-07-31,2024-08-05,2024-08-15,362.37,137.51,193.22,1886.59,155.59,188.66,,2230.84,0.0,Cash,2024-08-26,Paid,Written Off,1385.38,98.31,321.57,2024-08-05 17:34:23,Invalid or missing billing amount
BILL00007948,CUST001133,MTR001133,RP005,2023-08-01,2023-08-31,2023-09-05,2023-09-26,2206.09,1025.16,0,17351.76,84.21,1735.18,,0.0,19171.16,,,Generated,Partial,3853.5,0,148.52,2023-09-05 09:05:56,Invalid or missing billing amount
BILL00010549,CUST001673,MTR001673,RP002,2024-01-01,2024-01-31,2024-02-05,2024-02-21,1140.47,368.16,698.03,8293.99,449.83,829.4,,9573.23,0.0,Cash,2024-02-06,PAID,Partial,3497.51,0,1074.9,2024-02-05 01:14:18,Invalid or missing billing amount
BILL00017321,CUST004230,MTR004230,RP003,2024-02-01,2024-02-29,2024-03-05,,303.9,149.97,UNKNOWN,1477.3,89.34,147.73,,1714.37,0.0,Bank Transfer,2024-03-01,Paid,Overdue,1466.27,173.09,1066.02,2024-03-05 23:48:00,Invalid or missing billing amount
BILL00005864,CUST004025,MTR004025,RP003,2023-05-01,2023-05-31,2023-06-05,2023-06-26,367.64,183.62,206.63,1923.48,236.97,192.35,,2352.8,0.0,Cash,2023-07-05,Paid,Partial,2521.11,116.75,1676.59,,Invalid or missing billing amount
BILL00001640,CUST003596,MTR003596,RP003,2024-09-01,2024-09-30,2024-10-05,2024-10-26,24572.7,10422.53,12441.47,207467.95,371.5,20746.8,,228586.25,0.0,Cash,2024-10-15,Paid,Unpaid,3153.52,0,1278.2,,Invalid or missing billing amount
BILL00008223,CUST000838,MTR000838,RP001,2024-07-01,2024-07-31,2024-08-05,2024-08-23,191.78,75.18,105.39,854.79,,85.48,,0.0,1025.14,,,Sent,Partial,2601.03,0,1553.28,2024-08-05 16:24:17,Invalid or missing billing amount
BILL00017644,CUST004390,MTR004390,RP006,2023-02-01,2023-02-28,2023-03-05,2023-03-26,1055.3,325.13,667.37,7570.05,448.57,757.0,,8775.62,0.0,Cheque,2023-04-10,,Disputed,901.97,29.18,1353.63,2023-03-05 23:22:02,Invalid or missing billing amount
BILL00001525,CUST001108,MTR001108,RP006,,2023-09-30,2023-10-05,2023-10-16,24630.23,,14521.05,207956.95,67.69,20795.7,,228820.34,0.0,Cash,,Paid,Unpaid,1121.85,0,472.45,2023-10-05 10:00:34,Invalid or missing billing amount
BILL00000454,CUST003218,MTR003218,RP003,2023-02-01,1677542400,2023-03-05,2023-03-16,226.43,,150.58,1045.37,211.56,104.54,,1361.46,0.0,Auto Debit,2023-03-24,Paid,OVERDUE,4887.27,117.06,1956.58,2023-03-05 17:17:43,Invalid or missing billing amount
BILL00011735,CUST001713,MTR001713,RP005,2024/05/01,2024-05-31,2024-06-05,,251.67,81.97,,1184.18,137.73,118.42,,1440.33,0.0,Mobile App,2024-06-29,Paid,Paid,3017.26,75.63,1752.36,,Invalid or missing billing amount
BILL00011152,CUST001282,MTR001282,RP002,2023-12-01,2023-12-31,2024-01-05,2024-01-22,475.74,,273.19,2680.18,432.67,268.02,,3380.87,0.0,Bank Transfer,2024-01-30,Paid,Overdue,2665.76,184.39,552.14,2024-01-05 18:41:29,Invalid or missing billing amount
BILL00017890,CUST003179,MTR003179,,2024-03-01,2024-03-31,2024-04-05,2024-04-24,1871.28,911.38,1275.22,14505.88,336.4,1450.59,,16292.87,0.0,Mobile App,2024-04-15,Paid,Written Off,821.29,0,912.92,2024-04-05 19:03:01,Invalid or missing billing amount
BILL00014935,CUST004505,MTR004505,-,2024-04-01,2024-04-30,2024-05-05,2024-05-30,255.74,116.62,135.29,1206.57,472.94,120.66,,1800.17,0.0,Auto Debit,2024-06-05,PAID,Partial,-,151.24,1066.72,2024-05-05 10:32:51,Invalid or missing billing amount
BILL00023277,CUST004160,MTR004160,RP005,2024-12-01,2024-12-31,2025-01-05,2025-01-22,304.19,150.42,197.66,-,490.72,147.93,,0.0,2117.98,,,Generated,Overdue,503.86,58.97,1469.35,2025-01-05 03:26:19,Invalid or missing billing amount
BILL00005847,CUST004370,MTR004370,RP001,,2023-03-31,2023-04-05,2023-04-17,324.18,132.46,196.73,1619.26,393.3,161.93,,2174.49,0.0,Cheque,2023-04-18,Paid,Written Off,1909.34,70.67,1956.06,2023-04-05 04:12:00,Invalid or missing billing amount
BILL00011360,CUST004781,MTR004781,RP005,2023-12-01,2023-12-31,2024-01-05,2024-01-30,243.02,,163.44,1136.61,320.77,113.66,,1571.04,0.0,auto debit,2024-02-02,Paid,WRITTEN OFF,4459.44,144.22,419.12,2024-01-05 03:41:42,Invalid or missing billing amount
BILL00003513,CUST004700,MTR004700,RP006,2023-07-01,2023-07-31,2023-08-05,2023-08-17,378.71,114.07,191.24,2000.97,385.56,200.1,,2586.63,0.0,Cheque,2023-08-09,Paid,Unpaid,1981.79,94.42,236.6,2023-08-05 04:10:36,Invalid or missing billing amount
BILL00018218,CUST000991,MTR000991,RP004,1690848000,2023-08-31,2023-09-05,2023-09-27,179.31,69.97,101.52,786.21,241.12,,,1105.94,0.0,Bank Transfer,2023-10-04,Paid,Written Off,3772.03,-,608.55,2023-09-05 23:09:09,Invalid or missing billing amount
BILL00009222,CUST003383,MTR003383,RP001,2024-05-01,2024-05-31,2024-06-05,2024-06-25,225.58,83.81,126.64,1040.69,360.04,104.07,,1504.8,0.0,Cash,2024-06-10,Paid,Written Off,2423.03,175.32,1516.12,2024-06-05 23:39:37,Invalid or missing billing amount
BILL00012538,CUST002341,MTR002341,RP006,2024-01-01,2024-01-31,2024-02-05,,622110.0,293.25,365.98,3887.94,411.23,388.79,,4687.96,0.0,,2024-02-15,Paid,Unpaid,479.73,61.23,1694.29,2024-02-05 09:34:30,Invalid or missing billing amount
BILL00015939,,MTR000596,RP001,2024-09-01,30-09-2024,2024-10-05,2024-10-18,2245.72,764.88,1451.88,17688.62,177.65,1768.86,,0.0,19635.13,,,Sent,Unpaid,3143.26,0,980.68,2024-10-05 06:55:05,Invalid or missing billing amount
BILL00023535,CUST003468,MTR003468,RP001,2023-05-01,2023-05-31,2023-06-05,2023-06-18,1530.51,626.0,940.95,11609.33,380.93,1160.93,,13151.19,0.0,Cheque,2023-06-24,Paid,Partial,162.44,0,,2023-06-05 14:43:59,Invalid or missing billing amount
BILL00018347,CUST002602,MTR002602,RP001,2023-11-01,2023-11-30,2023-12-05,2023-12-21,2030.24,889.29,1396.8,15857.04,361.07,1585.7,,17803.81,0.0,Cash,2023-12-20,Paid,Written Off,4322.93,0,1640.62,2023-12-05 09:40:05,Invalid or missing billing amount
BILL00002462,CUST002588,MTR002588,RP001,2024-09-01,2024-09-30,2024-10-05,2024-10-23,262.16,101.88,174.23,1241.88,134.9,124.19,,0.0,1500.97,,,Revised,Unpaid,2573.35,87.35,1567.31,2024-10-05 09:36:31,Invalid or missing billing amount
BILL00009958,CUST000554,MTR000554,RP001,-,2023-11-30,2023-12-05,2023-12-30,313.66,132.57,209.37,1545.62,334.41,154.56,,0.0,2034.59,,,Generated,Partial,8.5,100.34,1671.18,,Invalid or missing billing amount
BILL00010875,CUST001630,MTR001630,RP002,2024-09-01,2024-09-30,2024-10-05,2024-10-27,160.71,79.49,96.87,683.9,311.24,68.39,,1063.53,0.0,Online,2024-10-10,Paid,Paid,719.09,196.91,905.96,2024-10-05 11:03:53,Invalid or missing billing amount
BILL00011376,CUST003290,MTR003290,RP005,2024-07-01,2024-07-31,2024-08-05,2024-08-19,202.74,85.13,114.24,915.07,155.83,91.51,,1162.41,0.0,Bank Transfer,2024-08-02,Paid,Partial,4220.08,108.44,1660.75,2024-08-05 10:49:00,Invalid or missing billing amount
BILL00023261,CUST001962,MTR001962,RP003,2023-05-01,2023-05-31,2023-06-05,2023-06-27,148.2,53.61,93.23,615.1,355.81,61.51,,0.0,1032.42,,,Revised,Unpaid,932.89,126.79,898.35,2023-06-05 18:44:42,Invalid or missing billing amount
BILL00009369,CUST000391,MTR000391,,2023-11-01,2023-11-30,2023-12-05,2023-12-18,319.03,121.94,188.67,1583.21,86.31,158.32,,0.0,1827.84,,,Disputed,Partial,3648.3,56.26,1618.5,2023-12-05 13:25:57,Invalid or missing billing amount
BILL00024557,CUST001815,MTR001815,RP005,2023-01-01,2023-01-31,2023-02-05,2023-02-27,350.47,165.7,242.93,1803.29,225.63,180.33,,0.0,2209.25,,,Cancelled,Unpaid,2573.93,22.83,650.94,2023-02-05 08:54:02,Invalid or missing billing amount
BILL00019234,CUST004795,MTR004795,RP006,2023-08-01,2023-08-31,2023-09-05,2023-09-28,16069.16,7628.88,8218.31,135187.86,253.31,13518.79,,0.0,148959.96,,,UNKNOWN,Overdue,2516.95,0,,2023-09-05 22:01:10,Invalid or missing billing amount
BILL00024695,CUST002237,MTR002237,RP002,2023-03-01,2023-03-31,2023-04-05,2023-04-28,220.76,107.57,,1014.18,372.24,101.42,,1487.84,0.0,,2023-05-12,PAID,Paid,1983.17,18.23,457.08,,Invalid or missing billing amount
BILL00014202,CUST004081,MTR004081,RP006,,2024-07-31,2024-08-05,2024-08-16,1339.96,,746.74,9989.66,478.32,998.97,,11466.95,0.0,Online,2024-08-24,Paid,Paid,781.85,0,848.42,2024-08-05 23:50:19,Invalid or missing billing amount
BILL00014681,CUST000930,MTR000930,RP003,2023-02-01,2023-02-28,2023-03-05,2023-03-29,26946.91,10543.97,14618.21,227648.73,383.44,22764.87,,0.0,250797.05,,,Generated,UNKNOWN,344.26,0,540.92,2023-03-05 21:44:28,Invalid or missing billing amount
BILL00007830,CUST001849,MTR001849,RP001,2023-04-01,2023-04-30,2023-05-05,2023-05-17,9639.28,3719.04,6688.7,80533.88,246.92,8053.39,,88834.19,0.0,Online,2023-05-27,Paid,Paid,4981.43,0,505.27,2023-05-05 07:55:32,Invalid or missing billing amount
BILL00008815,CUST001899,MTR001899,RP005,2023-03-01,2023-03-31,2023-04-05,2023-04-21,1118.94,407.9,,8110.99,446.89,811.1,,9368.98,0.0,Online,2023-04-12,Paid,Partial,1687.04,192.78,1145.47,2023-04-05 05:06:06,Invalid or missing billing amount
BILL00022478,CUST003488,MTR003488,RP001,,2024-08-31,2024-09-05,2024-09-27,1711.86,0,948.7,13150.81,411.59,1315.08,,0.0,14877.48,,,Disputed,Partial,2997.33,0,1944.6,2024-09-05 23:02:41,Invalid or missing billing amount
BILL00021737,CUST002764,MTR002764,RP005,2023-12-01,,2024-01-05,2024-01-25,378.73,160.63,208.95,2001.11,113.95,200.11,,0.0,2315.17,,,Overdue,Disputed,1280.09,63.13,1304.09,2024-01-05 10:40:40,Invalid or missing billing amount
BILL00021421,CUST000023,MTR000023,RP005,2024-07-01,2024-07-31,2024-08-05,2024-08-26,286.87,123.51,181.27,1377.79,363.49,137.78,,0.0,1879.06,,,SENT,OVERDUE,3988.62,194.74,905.3,2024-08-05 14:47:34,Invalid or missing billing amount
BILL00008496,CUST002659,MTR002659,RP006,2024-06-01,2024-06-30,2024-07-05,2024-07-28,379.2,122.85,212.31,2004.4,121.31,200.44,,2326.15,0.0,Online,2024-07-12,Paid,Overdue,3818.76,160.03,1266.3,2024-07-05 00:56:11,Invalid or missing billing amount
BILL00018000,CUST003872,MTR003872,RP004,2024-11-01,2024-11-30,2024-12-05,2024-12-21,2073.41,721.12,1184.06,16223.98,113.39,1622.4,,0.0,17959.78,,,Generated,Written Off,4146.99,0,1265.04,2024-12-05 06:21:39,Invalid or missing billing amount
BILL00024569,CUST000621,MTR000621,RP002,01-05-2024,,2024-06-05,2024-06-24,92.82,38.94,59.65,324.87,275.55,32.49,,,0.0,Online,2024-06-28,Paid,Paid,1332.62,175.15,,2024-06-05 14:37:51,Invalid or missing billing amount
BILL00023414,CUST000248,MTR000248,RP003,2024-08-01,2024-08-31,2024-09-05,2024-09-25,315.82,105.63,191.87,1560.74,312.85,,,0.0,2029.66,,,Overdue,Partial,,0,639.78,,Invalid or missing billing amount
BILL00020779,CUST002940,MTR002940,RP001,2023-11-01,2023-11-30,2023-12-05,2023-12-27,331.07 kWh,148.45,178.12,1667.49,323.63,166.75,,2157.87,0.0,Cheque,2024-01-03,Paid,Written Off,2703.87,0,1887.19,2023-12-05 05:00:11,Invalid or missing billing amount
BILL00001846,CUST003094,MTR003094,RP003,2024-06-01,2024-06-30,2024-07-05,2024-07-26,383.24,173.56,202.05,2032.68,240.1,203.27,,2476.05,0.0,Bank Transfer,2024-08-05,Paid,Written Off,1622.55,0,151.19,2024-07-05 01:23:24,Invalid or missing billing amount
BILL00021358,CUST003043,MTR003043,RP004,2023-12-01,2023/12/31,2024-01-05,2024-01-17,277.12,125.99,150.42,1324.16,107.64,132.42,,1564.22,0.0,Auto Debit,2024-02-01,Paid,Disputed,3601.33,46.34,867.56,2024-01-05 07:06:26,Invalid or missing billing amount
BILL00017645,CUST001037,MTR001037,RP006,2024-01-01,2024-01-31,2024-02-05,2024-02-15,380.9,155.81,205.25,2016.3,211.73,201.63,,,0.0,Mobile App,2024-02-17,Paid,Overdue,1517.15,39.71,530.56,2024-02-05 08:14:52,Invalid or missing billing amount
BILL00013608,CUST000989,MTR000989,RP003,2023-05-01,,,2023-06-17,203.24,,104.75,917.82,475.13,91.78,,1484.73,0.0,Cash,2023-06-27,Paid,Paid,509.36,50.26,414.96,2023-06-05 12:14:49,Invalid or missing billing amount
BILL00004496,CUST001336,MTR001336,RP006,2023-08-01,2023-08-31,2023-09-05,2023-09-25,263.06,104.94,131.56,1246.83,480.58,124.68,,1852.09,0.0,Online,,Paid,Paid,246.27,115.32,445.89,2023-09-05 19:00:33,Invalid or missing billing amount
BILL00003608,CUST000421,MTR000421,UNKNOWN,2023-09-01,2023-09-30,2023-10-05,,232.71,78.73,146.7,1079.91,420.64,107.99,,1608.54,0.0,Cash,2023-11-02,Paid,Disputed,2695.55,0,680.9,2023-10-05 01:51:52,Invalid or missing billing amount
BILL00013067,CUST001578,MTR001578,RP006,2024-10-01,-,2024-11-05,2024-11-20,-,34.34,,343.07,75.97,34.31,,453.35,0.0,,2024-11-07,Paid,Unpaid,3908.98,140.25,499.14,2024-11-05 20:09:32,Invalid or missing billing amount
BILL00012009,CUST004351,UNKNOWN,RP001,2023-03-01,2023-03-31,2023-04-05,2023-04-19,118.19,48.47,63.31,450.04,314.49,45.0,,0.0,809.53,,,Revised,Overdue,3980.09,107.22,1605.78,2023-04-05 12:20:54,Invalid or missing billing amount
BILL00011886,CUST004285,0,RP004,2024-09-01,2024-09-30,2024-10-05,2024-10-25,2253.61,689.28,1576.18,17755.69,133.69,UNKNOWN,,0.0,19664.94,,,Overdue,Unpaid,32.99,0,588.94,2024-10-05 09:21:46,Invalid or missing billing amount
BILL00001388,CUST001442,MTR001442,RP006,2023-05-01,2023-05-31,2023-06-05,2023-06-30,184.42,88.09,128.02,814.31,445.82,81.43,,1341.56,0.0,cash,2023-07-04,Paid,Partial,4782.64,88.93,1778.98,2023-06-05 06:25:52,Invalid or missing billing amount
BILL00021869,CUST002135,MTR002135,RP006,2023-11-01T00:00:00Z,2023-11-30,2023-12-05,,364.71,162.57,210.92,1902.97,307.74,190.3,,0.0,2401.01,,,Disputed,Written Off,1911.84,75.82,1670.06,2023-12-05 19:16:32,Invalid or missing billing amount
BILL00018528,,MTR003034,RP002,2023-12-01,2023-12-31,,2024-01-30,31012.08,10485.85,19337.71,262202.68,265.33,26220.27,,0.0,288688.28,,,Overdue,Disputed,4886.55,0,1209.23,2024-01-05 07:45:22,Invalid or missing billing amount
BILL00016976,CUST000140,MTR000140,RP001,2023-08-01,2023-08-31,2023-09-05,2023-09-25,138.38,44.55,82.71,561.09,398.56,56.11,,1015.76,0.0,Online,2023-09-25,,Overdue,,159.34,1464.63,2023-09-05 00:41:58,Invalid or missing billing amount
BILL00021929,CUST002681,MTR002681,RP006,2023-01-01,2023-01-31,2023-02-05,,188.28,72.43,117.9,835.54,486.36,83.55,,0.0,1405.45,,,Disputed,Paid,1055.28,7.33,1516.64,2023-02-05 16:48:34,Invalid or missing billing amount
BILL00004603,CUST003365,MTR003365,RP002,2023-03-01,2023-03-31,2023-04-05,2023-04-27,896.5,409.65,489.12,6220.25,194.18,622.03,,0.0,7036.46,,,Sent,Partial,4539.6,0.74,1791.94,2023-04-05 22:00:17,Invalid or missing billing amount
BILL00011285,CUST003135,MTR003135,RP006,2023-05-01,2023-05-31,2023-06-05,2023-06-18,206.09,89.96,113.57,933.5,51.1,93.35,,1077.94,0.0,Bank Transfer,2023-06-15,Paid,Overdue,2041.2,-,1641.74,,Invalid or missing billing amount
BILL00009178,CUST099813,MTR004174,RP002,2024-08-01,2024-08-31,2024-09-05,2024-09-28,286.4,109.07,193.36,1375.2,78.55,137.52,,1591.27,0.0,Cash,2024-09-16,Paid,Paid,2471.65,65.5,227.81,2024-09-05 21:40:00,Invalid or missing billing amount
BILL00022904,CUST001249,MTR001249,RP005,01/04/2023,2023-04-30,2023-05-05,2023-05-25,24979.63,10452.19,14889.94,210926.86,399.54,21092.69,,232419.08,0.0,Bank Transfer,2023-06-02,Paid,Paid,614.56,0,1658.1,2023-05-05 01:44:06,Invalid or missing billing amount
BILL00020620,CUST003900,MTR003900,RP004,2024-11-01,2024-11-30,2024-12-05,2024-12-25,345.12,117.85,184.47,1765.84,149.23,176.58,,2091.65,0.0,Cheque,2024-12-24,paid,Paid,1159.75,84.1,1536.38,2024-12-05 12:53:13,Invalid or missing billing amount
BILL00010033,CUST003330,MTR003330,RP006,2024-06-01,1719705600,2024-07-05,2024-07-19,225.02,107.4,146.77,1037.61,364.77,103.76,,0.0,1506.14,,,Overdue,Disputed,218.04,68.47,514.55,2024-07-05 03:48:50,Invalid or missing billing amount
BILL00010942,CUST003588,MTR003588,RP002,2023-05-01,2023-05-31,2023-06-05,2023-06-18,349.05,-,243.82,1793.35,70.1,179.34,,,0.0,Cheque,2023-06-25,Paid,Unpaid,4520.05,110.44,1909.94,2023-06-05 02:49:18,Invalid or missing billing amount
BILL00019492,CUST003053,MTR003053,RP002,UNKNOWN,2023-10-31,,2023-11-15,429.03,176.85,279.91,2353.21,487.47,235.32,,0.0,3076.0,,,Generated,Partial,1127.3,-,782.13,2023-11-05 17:22:58,Invalid or missing billing amount
BILL00000297,CUST001104,MTR001104,RP003,2024-04-01,2024-04-30,2024-05-05,2024-05-24,"365,12",161.9,207.69,1905.84,60.19,190.58,,2156.61,0.0,Cheque,2024-05-07,Paid,Paid,3467.59,20.5,333.53,,Invalid or missing billing amount
BILL00015506,CUST001542,MTR001542,RP004,2024-12-01,2024-12-31,2025-01-05,2025-01-16,251.25,118.57,171.79,1181.88,374.14,118.19,,1674.2,0.0,Auto Debit,2025-01-29,Paid,Paid,3510.57,94.91,590.99,,Invalid or missing billing amount
BILL00005731,CUST002814,MTR002814,RP004,2023-04-01,1682812800,2023-05-05,2023-05-17,253.07,96.28,139.54,1191.88,107.43,119.19,,1418.5,0.0,Online,2023-05-07,Paid,Disputed,1293.87,136.58,1351.82,2023-05-05 03:57:46,Invalid or missing billing amount
BILL00007701,CUST000044,MTR000044,-,2023-11-01,2023-11-30,2023-12-05,2023-12-20,216.42,73.45,142.61,990.31,349.82,99.03,,0.0,1439.16,,,Generated,Disputed,2994.48,112.98,316.06,2023-12-05 13:02:00,Invalid or missing billing amount
BILL00002781,CUST000883,MTR000883,RP001,2024-02-01,2024-02-29,2024-03-05,2024-03-26,243.73,,129.87,1140.51,76.16,114.05,,1330.73,0.0,-,2024-03-14,Paid,Written Off,4035.2,15.11,,,Invalid or missing billing amount
BILL00004021,CUST000248,MTR000248,RP003,2024-04-01,2024-04-30,2024-05-05,2024-05-21,268.87,115.01,182.85,1278.79,,127.88,,1536.58,0.0,Cheque,,Paid,Paid,,0,1437.89,2024-05-05 17:24:29,Invalid or missing billing amount
BILL00024951,CUST001098,MTR001098,RP005,01/07/2024,2024-07-31,2024-08-05,2024-08-19,167.54,53.85,101.3,721.47,427.23,72.15,,1220.85,0.0,Bank Transfer,2024-08-23,Paid,Paid,3794.36,163.3,0,2024-08-05 21:51:54,Invalid or missing billing amount
BILL00005182,CUST003393,MTR003393,RP004,2023-06-01,1688083200,2023-07-05,2023-07-25,236.6,81.88,133.56,1101.3,418.89,110.13,,,1630.32,,,Overdue,Disputed,1872.65,33.93,1725.22,2023-07-05 04:39:01,Invalid or missing billing amount
BILL00022721,CUST001069,MTR001069,RP002,2023-09-01,2023-09-30,2023-10-05,2023-10-27,1.96564,659.36,1043.41,15307.94,443.53,1530.79,,17282.26,0.0,Auto Debit,2023-11-11,Paid,Written Off,4551.44,0,568.41,,Invalid or missing billing amount
BILL00009323,CUST001855,MTR001855,RP004,2024-06-01,2024-06-30,2024-07-05,2024-07-22,279.57,93.44,,1337.63,276.67,133.76,,,0.0,Cheque,,Paid,Written Off,3206.9,113.75,1745.01,2024-07-05 15:54:43,Invalid or missing billing amount
BILL00009967,CUST002415,MTR002415,RP005,2024-07-01,2024-07-31,,2024-08-29,193.56,-,108.03,864.58,137.83,86.46,,1088.87,0.0,Online,2024-08-25,Paid,Unpaid,3444.46,196.97,1449.09,2024-08-05 18:24:20,Invalid or missing billing amount
BILL00012098,CUST003951,MTR003951,RP001,2023-10-01,31/10/2023,,2023-11-23,1660.96,694.06,966.4,12718.16,425.44,1271.82,,14415.42,0.0,Online,2023-11-29,Paid,Unpaid,1591.73,0,566.17,2023-11-05 22:18:18,Invalid or missing billing amount
BILL00014496,CUST003123,MTR003123,RP006,2023-10-01,2023-10-31,2023-11-05,2023-11-30,207.69,84.18,104.02,942.29,446.1,94.23,,1482.63,0.0,Cash,2023-12-10,Paid,Written Off,,27.79,702.96,,Invalid or missing billing amount
BILL00007091,CUST002477,MTR002477,RP004,2023-04-01,2023-04-30,2023-05-05,,217.92,91.85,118.19,998.56,353.51,99.86,,0.0,1451.93,,,Disputed,Unpaid,2583.49,124.52,91.6,2023-05-05 04:28:21,Invalid or missing billing amount
BILL00014793,CUST000064,MTR000064,RP003,2024-04-01T00:00:00Z,2024-04-30,2024-05-05,2024-05-24,707.81,348.07,426.58,4616.38,,461.64,,5528.6,0.0,Mobile App,2024-05-20,Paid,Unpaid,-,53.4,1389.86,2024-05-05 02:14:47,Invalid or missing billing amount
BILL00013581,CUST003088,MTR003088,RP006,01-05-2024,2024-05-31,,2024-06-22,215.94,67.97,,987.67,302.17,98.77,,1388.61,0.0,CHEQUE,2024-07-06,Paid,Written Off,4019.14,180.97,1620.33,2024-06-05 12:31:19,Invalid or missing billing amount
BILL00005007,CUST000403,MTR000403,RP001,2024-04-01,2024-04-30,2024-05-05,2024-05-27,2174.29,963.76,1450.45,17081.47,404.37,1708.15,,0.0,19193.99,,,Cancelled,Partial,4439.48,0,1664.72,2024-05-05 07:08:47,Invalid or missing billing amount
BILL00006687,CUST002698,MTR002698,RP003,2023-11-01,2023-11-30,2023-12-05,2023-12-26,323.18,152.36,173.09,1612.26,241.91,161.23,,0.0,2015.4,,,Disputed,Disputed,687.66,198.1,371.96,2023-12-05 21:29:32,Invalid or missing billing amount
BILL00008360,CUST004493,MTR004493,RP005,2023-08-01,2023-08-31,2023-09-05,2023-09-18,2230.44,748.58,1269.23,17558.74,124.66,1755.87,,19439.27,0.0,,2023-09-27,Paid,Paid,4679.89,0,170.49,2023-09-05 19:40:54,Invalid or missing billing amount
BILL00005246,CUST002076,MTR002076,RP006,2024-06-01,2024-06-30,2024-07-05,2024-07-26,2405.99,1136.32,1533.01,19050.91,220.76,1905.09,,21176.76,0.0,,2024-07-12,Paid,Partial,4325.91,0,1668.08,2024-07-05 12:24:04,Invalid or missing billing amount
BILL00001546,CUST002677,MTR002677,RP005,2023-09-01,2023-09-30,2023-10-05,2023-10-20,315.62,131.02,158.88,1559.34,442.24,155.93,,2157.51,0.0,Cash,2023-10-05,Paid,Paid,3527.32,8.58,130.8,2023-10-05 17:25:24,Invalid or missing billing amount
BILL00014546,CUST000488,MTR000488,RP004,2024-02-01,2024-02-29,2024-03-05,2024-03-27,194.08,70.72,125.07,867.44,344.22,86.74,,1298.4,0.0,Mobile App,2024-03-12,Paid,Written Off,2116.1,81.8,805.21,2024-03-05 11:45:37,Invalid or missing billing amount
BILL00009772,CUST099021,MTR000690,RP004,2024-10-01,2024-10-31,2024-11-05,2024-11-16,178.24,66.52,105.83,780.32,407.6,78.03,,1265.95,0.0,Auto Debit,,Paid,Paid,1960.37,87.22,949.94,2024-11-05 02:25:22,Invalid or missing billing amount
BILL00013647,CUST004710,MTR004710,RP001,2023-04-01,2023-04-30,2023-05-05,2023-05-18,287.93,98.9,146.0,1383.62,467.74,UNKNOWN,,1989.72,0.0,Mobile App,2023-05-03,Paid,Partial,1969.6,190.45,633.27,2023-05-05 09:07:58,Invalid or missing billing amount
BILL00015517,CUST000060,MTR000060,RP003,2023-02-01,2023-02-28,2023-03-05,2023-03-24,370.25,UNKNOWN,222.29,1941.75,120.95,194.18,,2256.88,0.0,Online,2023-04-01,Paid,disputed,503.63,126.74,802.45,2023-03-05 06:20:32,Invalid or missing billing amount
BILL00013794,CUST001316,MTR001316,RP003,2024-11-01,2024-11-30,,2024-12-24,640.91,249.14,376.74,4047.73,301.42,404.77,,4753.92,0.0,Auto Debit,2024-12-31,Paid,Disputed,1860.51,168.18,1248.99,2024-12-05 15:53:22,Invalid or missing billing amount
BILL00019999,CUST001756,MTR001756,RP002,2023-01-01,2023-01-31,2023-02-05,,226.73,83.32,139.21,UNKNOWN,,104.7,,0.0,1371.18,,,Overdue,Overdue,1944.06,,1789.29,2023-02-05 05:55:05,Invalid or missing billing amount
BILL00007722,CUST002622,MTR002622,RP002,2023-02-01,2023-02-28,2023-03-05,2023-03-17,1953.15,642.98,1077.9,15201.78,126.91,1520.18,,16848.87,0.0,-,2023-03-05,Paid,Partial,337.41,0,1230.47,2023-03-05 13:20:59,Invalid or missing billing amount
BILL00000120,CUST003467,MTR003467,RP001,2023-08-01,2023-08-31,2023-09-05,2023-09-25,307.52,0,,1502.64,83.25,150.26,,1736.15,0.0,Cheque,2023-09-30,Paid,Overdue,4369.68,133.87,189.65,2023-09-05 03:52:38,Invalid or missing billing amount
BILL00011550,CUST001414,MTR001414,RP003,2023-08-01,2023-08-31,2023-09-05,2023-09-21,297.88,102.89,194.44,1438.34,253.2,143.83,,0.0,1835.37,,,Overdue,Paid,205.74,139.99,1301.91,2023-09-05 06:10:59,Invalid or missing billing amount
BILL00011751,CUST001700,MTR001700,0,,2024-03-31,,2024-04-26,-,89.6,,1245.29,107.38,124.53,,1477.2,0.0,Cheque,2024-04-16,Paid,Disputed,126.73,0,825.5,2024-04-05 08:29:04,Invalid or missing billing amount
BILL00000990,CUST002586,MTR002586,RP003,2024-11-01,2024-11-30,,2024-12-24,202.44,86.3,105.66,913.42,281.56,91.34,,0.0,,,,OVERDUE,Paid,572.74,155.68,436.68,2024-12-05 22:49:29,Invalid or missing billing amount
BILL00018340,CUST002743,MTR002743,RP004,2023-04-01,2023-04-30,2023-05-05,2023-05-19,251.31,82.64,171.4,1182.2,101.75,118.22,,1402.17,0.0,Online,2023-05-20,Paid,Disputed,2135.02,114.36,1098.96,2023-05-05 21:06:11,Invalid or missing billing amount
BILL00022383,CUST002516,MTR002516,RP001,2023-12-01,2023-12-31,2024-01-05,,256.86,125.18,129.5,1212.73,213.62,121.27,,1547.62,0.0,Bank Transfer,2024-02-01,PAID,Overdue,2059.64,0,1115.16,2024-01-05 11:48:45,Invalid or missing billing amount
BILL00018777,CUST002622,MTR002622,RP002,2024-01-01,2024-01-31,2024-02-05,2024-02-29,2146.11,727.82,1302.64,16841.94,149.19,1684.19,,0.0,,,,Sent,Overdue,4542.74,0,538.17,2024-02-05 06:54:31,Invalid or missing billing amount
BILL00003258,CUST000697,MTR000697,RP003,2024-07-01,2024-07-31,2024-08-05,,223.27,91.48,144.0,1027.99,272.26,102.8,,0.0,1403.05,,,disputed,Written Off,580.14,95.74,967.24,2024-08-05 10:52:49,Invalid or missing billing amount
BILL00020160,CUST004189,MTR004189,RP006,2024-03-01,2024-03-31,2024-04-05,2024-04-29,275.84,117.06,138.36,1317.12,328.09,131.71,,1776.92,0.0,Cash,2024-04-16,Paid,Partial,0,3.75,894.58,,Invalid or missing billing amount
BILL00008221,CUST001294,MTR001294,RP004,2023-08-01,2023-08-31,2023-09-05,2023-09-28,2231.6,1067.94,1148.65,17568.6,458.55,UNKNOWN,,19784.01,0.0,Auto Debit,2023-10-11,Paid,Paid,138.7,0,734.51,2023-09-05 08:41:32,Invalid or missing billing amount
BILL00018464,CUST001694,MTR001694,,2023-08-01,2023-08-31,2023-09-05,2023-09-24,2034.28,741.72,1075.34,15891.38,475.36,1589.14,,0.0,17955.88,,,Generated,Unpaid,1975.12,0,1357.4,2023-09-05 13:45:36,Invalid or missing billing amount
BILL00010008,CUST000375,MTR000375,RP006,2024-08-01,2024-08-31,2024-09-05,2024-09-21,104.72,40.95,71.51,375.96,153.69,-,,0.0,567.25,,,GENERATED,Unpaid,45.16,30.05,,2024-09-05 19:00:53,Invalid or missing billing amount
BILL00012047,CUST002920,MTR002920,RP005,2023-08-01,2023-08-31,2023-09-05,2023-09-19,251.2,76.1,,1181.6,57.34,118.16,,1357.1,0.0,,2023-09-29,Paid,Overdue,3268.35,115.91,1613.21,2023-09-05 02:37:23,Invalid or missing billing amount
BILL00017875,CUST003312,MTR003312,RP001,,2024-03-31,2024-04-05,2024-04-27,440.81,208.42,282.58,2435.67,233.51,243.57,,0.0,2912.75,,,Overdue,Paid,3845.95,14.78,,2024-04-05 01:37:54,Invalid or missing billing amount
BILL00001556,CUST004311,MTR004311,RP001,2024-10-01,2024-10-31,2024-11-05,2024-11-16,3038.05,1178.04,1813.87,24423.43,166.54,2442.34,,0.0,27032.31,,,Generated,Written Off,4586.94,0,872.7,2024-11-05 23:56:39,Invalid or missing billing amount
BILL00021947,CUST000500,MTR000500,RP003,2024-04-01,2024-04-30,2024-05-05,2024-05-30,1383.98,681.31,913.08,10363.83,404.19,1036.38,,11804.4,0.0,Cash,2024-06-04,Paid,Overdue,,0,,2024-05-05 04:11:34,Invalid or missing billing amount
BILL00000353,CUST003155,MTR003155,RP006,2024-03-01,2024-03-31,2024-04-05,2024-04-21,22494.32,8215.17,14544.75,189801.72,248.68,18980.17,,209030.57,0.0,Cash,,Paid,,4924.89,0,983.27,2024-04-05 18:32:21,Invalid or missing billing amount
BILL00009239,CUST001718,MTR001718,UNKNOWN,2023-06-01,2023-06-30,2023-07-05,2023-07-18,600.69,272.13,418.74,3705.87,438.89,370.59,,0.0,4515.35,,,Revised,Disputed,1416.27,199.32,695.92,,Invalid or missing billing amount
BILL00008460,CUST002808,MTR002808,RP004,2023-01-01,2023-01-31,2023-02-05,2023-02-21,260.41,97.92,131.24,1232.26,118.26,123.23,,0.0,1473.75,,,Disputed,Written Off,4657.2,144.49,1656.48,2023-02-05 20:00:19,Invalid or missing billing amount
BILL00004870,CUST001574,MTR001574,RP004,2024-01-01,2024-01-31,2024-02-05,2024-02-22,335.14,114.0,197.19,1695.98,229.66,169.6,,2095.24,0.0,Online,2024-03-08,,Written Off,1830.4,135.23,727.85,2024-02-05 16:17:25,Invalid or missing billing amount
BILL00009080,CUST004365,MTR004365,,2023-05-01,2023-05-31,2023-06-05,2023-06-29,143.99,47.63,76.68,591.95,-,59.19,,0.0,799.66,,,generated,Paid,4456.61,10.95,937.06,,Invalid or missing billing amount
BILL00013899,CUST002339,MTR002339,,2023-03-01,2023-03-31,2023-04-05,2023-04-18,1854.66,857.39,948.62,14364.61,222.13,1436.46,,0.0,16023.2,,,Sent,WRITTEN OFF,2319.32,,394.36,2023-04-05 03:26:33,Invalid or missing billing amount
BILL00023986,CUST004595,MTR004595,RP001,2023-12-01,2023-12-31,2024-01-05,,270.83,121.3,144.11,1289.57,256.79,-,,1675.32,0.0,Auto Debit,2024-01-02,Paid,Written Off,4926.29,,1568.28,2024-01-05 02:55:05,Invalid or missing billing amount
BILL00024075,CUST002694,MTR002694,RP002,2024-02-01,2024-02-29,2024-03-05,2024-03-16,171.61,70.66,108.85,743.86,102.55,74.39,,0.0,920.8,,,Overdue,Written Off,,90.28,1363.56,,Invalid or missing billing amount
BILL00019600,CUST000235,MTR000235,RP006,2024-05-01,2024-05-31,2024-06-05,2024-06-21,178.47,54.78,116.34,781.59,172.54,78.16,,1032.29,0.0,Auto Debit,2024-06-23,Paid,Unpaid,2929.08,UNKNOWN,653.85,2024-06-05 15:01:00,Invalid or missing billing amount
BILL00022858,CUST000980,MTR000980,RP001,2023-03-01,31/03/2023,,2023-04-25,2542.42,1175.75,1533.45,20210.57,314.43,2021.06,,22546.06,0.0,Auto Debit,2023-04-09,Paid,Paid,6.35,0,1558.28,2023-04-05 17:27:40,Invalid or missing billing amount
BILL00016107,CUST001043,0,RP005,2024-11-01,2024-11-30,2024-12-05,2024-12-23,UNKNOWN,192.29,0,UNKNOWN,469.15,387.22,,4728.58,0.0,Mobile App,2025-01-07,Paid,Partial,1971.4,166.48,1544.17,2024-12-05 17:19:01,Invalid or missing billing amount
BILL00019152,CUST000327,MTR000327,RP004,2024-11-01,2024-11-30,2024-12-05,2024-12-23,391.62,161.68,265.11,2091.34,272.82,209.13,,2573.29,0.0,Cash,2024-12-22,Paid,,210.01,72.2,343.74,2024-12-05 00:27:57,Invalid or missing billing amount
BILL00005526,CUST002271,MTR002271,RP002,,,2023-11-05,2023-11-19,83.2,25.29,54.51,291.2,271.14,29.12,,591.46,0.0,Cheque,2023-11-14,Paid,Partial,3608.08,0,1989.18,2023-11-05 16:17:39,Invalid or missing billing amount
BILL00010895,CUST004144,-,RP001,2024-05-01,2024-05-31,2024-06-05,,1243.72,577.54,867.89,9171.62,351.37,917.16,,10440.15,0.0,Bank Transfer,2024-06-22,Paid,unpaid,,0,UNKNOWN,2024-06-05 12:51:29,Invalid or missing billing amount
BILL00007898,CUST003698,MTR003698,,2024-10-01,2024-10-31,2024-11-05,,57.06,20.95,35.44,199.71,0,19.97,,0.0,696.3,,,Generated,unpaid,2672.87,8.8,1944.81,2024-11-05 01:00:55,Invalid or missing billing amount
BILL00004227,CUST003621,MTR003621,RP004,2023-07-01,2023-07-31,2023-08-05,2023-08-23,298.57,139.58,156.54,1442.13,160.22,144.21,,1746.56,0.0,Online,2023-08-20,Paid,Unpaid,4328.86,21.58,718.22,2023-08-05 11:19:48,Invalid or missing billing amount
BILL00023198,CUST001223,MTR001223,RP006,2024-08-01,2024-08-31,2024-09-05,2024-09-18,218.23,70.69,133.03,1000.26,198.49,100.03,,,0.0,Bank Transfer,2024-08-29,,Partial,2904.26,34.28,869.2,,Invalid or missing billing amount
BILL00020270,CUST003235,MTR003235,RP004,2024-09-01,2024-09-30,2024-10-05,2024-10-30,306.15,127.17,203.38,1493.05,96.51,149.3,,1738.86,0.0,Auto Debit,2024-10-25,Paid,Overdue,2823.36,0,0,2024-10-05 05:40:28,Invalid or missing billing amount
BILL00014766,CUST000299,MTR000299,RP006,2023-08-01,2023-08-31,2023-09-05,2023-09-19,256.65,90.27,149.84,1211.57,364.3,121.16,,1697.03,0.0,Auto Debit,2023-09-24,Paid,Written Off,888.54,165.47,1912.57,2023-09-05 12:32:49,Invalid or missing billing amount
BILL00018624,CUST000422,MTR000422,RP001,2023-11-01,2023/11/30,,2023-12-20,798.88,292.32,493.56,5390.48,208.88,539.05,,0.0,6138.41,,,Overdue,Overdue,3556.78,,1820.36,2023-12-05 03:59:44,Invalid or missing billing amount
BILL00022485,CUST000383,MTR000383,,2024-11-01,,2024-12-05,2024-12-19,207.06,UNKNOWN,123.38,938.83,434.93,93.88,,0.0,1467.64,,,Overdue,Written Off,252.76,62.63,UNKNOWN,2024-12-05 07:33:55,Invalid or missing billing amount
BILL00008204,CUST004434,MTR004434,RP006,2023-03-01,2023-03-31,2023-04-05,2023-04-30,188.88,86.62,128.93,838.84,213.74,83.88,,0.0,1136.46,,,Disputed,Overdue,1882.3,176.88,67.03,,Invalid or missing billing amount
BILL00013905,CUST003519,MTR003519,RP006,2024-05-01,2024-05-31,2024-06-05,2024-06-20,163.63,56.49,100.18,699.96,401.53,70.0,,1171.49,0.0,cheque,2024-06-02,Paid,Unpaid,4243.8,132.93,1090.25,,Invalid or missing billing amount
BILL00003166,CUST002976,MTR002976,RP001,2024-08-01,2024-08-31,2024-09-05,2024-09-18,332.1,139.33,218.34,1674.7,359.66,167.47,,0.0,2201.83,,,Generated,Unpaid,3538.98,85.36,,2024-09-05 05:28:36,Invalid or missing billing amount
BILL00017805,CUST001465,MTR001465,RP001,2024-05-01,2024-05-31,2024-06-05,2024-06-18,230.34,104.43,119.96,1066.87,87.45,106.69,,0.0,1261.01,,,Generated,Unpaid,4821.87,65.01,640.78,2024-06-05 07:51:48,Invalid or missing billing amount
BILL00004849,CUST000241,MTR000241,RP001,,2024-04-30,2024-05-05,,333.2,125.87,213.2,,183.49,168.24,,0.0,2034.13,,,Generated,Written Off,1770.85,147.09,683.61,2024-05-05 14:07:24,Invalid or missing billing amount
BILL00018857,CUST003864,MTR003864,RP003,2024-03-01,2024-03-31,2024-04-05,2024-04-22,21808.89,8174.73,14223.98,183975.57,202.76,18397.56,,0.0,202575.88,,,Sent,-,969.94,0,1863.2,2024-04-05 21:00:21,Invalid or missing billing amount
BILL00022806,CUST003140,MTR003140,RP006,2023-12-01,2023-12-31,2024-01-05,2024-01-20,31082.88,,18012.37,262804.48,461.01,26280.45,,0.0,289545.94,,,Sent,Partial,1958.72,0,620.48,2024-01-05 14:34:53,Invalid or missing billing amount
BILL00012402,CUST001469,MTR001469,RP003,2023-03-01,,2023-04-05,2023-04-25,259.18,87.94,139.6,1225.49,219.37,122.55,,1567.41,0.0,Mobile App,2023-04-14,Paid,Unpaid,,180.92,621.33,,Invalid or missing billing amount
BILL00008505,CUST003944,MTR003944,RP004,2023-06-01,2023-06-30,2023-07-05,2023-07-18,2531.95,1015.95,1442.57,20121.57,349.2,2012.16,,0.0,22482.93,,,Overdue,Written Off,4852.62,0,1571.74,2023-07-05 12:04:16,Invalid or missing billing amount
BILL00010031,CUST002198,MTR002198,RP004,2024-06-01,2024-06-30,2024-07-05,2024-07-24,979.92,480.78,632.89,6929.32,83.36,692.93,,7705.61,0.0,Mobile App,2024-07-09,Paid,Paid,3169.37,0,131.86,2024-07-05 21:51:29,Invalid or missing billing amount
BILL00015798,CUST001353,MTR001353,RP006,2023-11-01,2023-11-30,2023-12-05,2023-12-16,263.25,116.79,165.76,1247.88,422.61,124.79,,0.0,1795.28,,,Sent,Overdue,1154.74,88.02,1093.68,,Invalid or missing billing amount
BILL00005230,CUST001767,MTR001767,RP001,2023-10-01,2023-10-31,2023-11-05,2023-11-21,261.93,91.56,158.84,1240.62,270.97,124.06,,0.0,,,,Sent,Overdue,2510.22,-,1026.61,2023-11-05 13:42:13,Invalid or missing billing amount
BILL00002333,CUST003460,MTR003460,RP002,2024-03-01,2024-03-31,2024-04-05,2024-04-29,259.94,83.02,146.43,1229.67,232.5,122.97,,1585.14,0.0,Bank Transfer,2024-05-08,Paid,Written Off,2770.28,0,573.96,2024-04-05 00:30:27,Invalid or missing billing amount
BILL00021613,CUST003413,MTR003413,RP005,2023-06-01,2023-06-30,2023-07-05,2023-07-29,459.93,197.55,290.32,0,257.39,256.95,,3083.85,0.0,-,2023-08-05,Paid,Paid,4309.16,0,1629.63,,Invalid or missing billing amount
BILL00024736,CUST004344,MTR004344,RP004,2024-10-01,2024-10-31,2024-11-05,2024-11-26,29100.23,9249.77,14939.76,245951.95,378.64,24595.2,,0.0,270925.8,,,Sent,Partial,4734.48,0,957.81,2024-11-05 23:47:56,Invalid or missing billing amount
BILL00010349,CUST002314,MTR002314,RP003,2024-01-01,2024-01-31,,2024-02-21,1821.71,749.25,1046.33,14084.53,400.9,1408.45,,0.0,0.0,,,,UNKNOWN,1331.05,0,1211.69,,Invalid or missing billing amount
BILL00013713,CUST002147,MTR002147,RP003,2024-05-01,2024-05-31,2024-06-05,2024-06-21,142.51,54.96,72.61,583.8,139.41,58.38,,,781.59,,,Overdue,Written Off,177.43,99.37,295.36,2024-06-05 10:40:49,Invalid or missing billing amount
BILL00006713,-,MTR003492,RP002,2023-01-01,2023-01-31,2023-02-05,2023-02-21,122.14,,77.58,471.77,450.77,47.18,,969.72,0.0,Cheque,2023-02-23,Paid,Paid,4642.88,77.71,186.98,2023-02-05 20:30:04,Invalid or missing billing amount
BILL00013406,CUST001011,MTR001011,RP002,2024-02-01,2024-02-29,2024-03-05,2024-03-22,128.14,49.74,77.92,504.77,454.17,50.48,,1009.42,0.0,Online,2024-03-12,Paid,Disputed,2300.88,0,783.46,2024-03-05 18:11:20,Invalid or missing billing amount
BILL00011237,CUST001173,MTR001173,RP003,2024-05-01,2024-05-31,2024-06-05,2024-06-25,290.58,130.24,160.65,1398.19,439.35,139.82,,0.0,1977.36,,,Revised,Written Off,2981.66,0,1162.81,2024-06-05 11:48:32,Invalid or missing billing amount
BILL00019994,CUST000618,MTR000618,RP003,2024-12-01,2024-12-31,2025-01-05,2025-01-28,264.77,84.41,158.68,1256.23,56.44,125.62,,1438.29,0.0,0,2025-02-05,Paid,Disputed,263.29,26.65,1991.18,2025-01-05 15:13:10,Invalid or missing billing amount
BILL00024678,CUST001629,MTR001629,RP001,2024-12-01,2024-12-31,2025-01-05,2025-01-25,183.49,57.07,101.88,809.2,282.83,,,1172.94,0.0,Cheque,2025-01-18,Paid,Written Off,75.09,102.79,1412.18,2025-01-05 09:59:24,Invalid or missing billing amount
BILL00002063,CUST003988,MTR003988,RP005,2023-09-01,2023-09-30,2023-10-05,2023-10-29,234.99,105.92,140.44,1092.45,250.81,109.24,,1452.5,0.0,Cheque,2023-11-02,Paid,,3872.32,76.25,136.1,2023-10-05 17:49:50,Invalid or missing billing amount
BILL00009194,0,MTR000720,RP006,2024-02-01,2024-02-29,2024-03-05,2024-03-21,178.72,67.56,96.38,782.96,371.42,78.3,,0.0,1232.68,,,Revised,Unpaid,2500.2,,303.49,2024-03-05 20:30:44,Invalid or missing billing amount
BILL00009234,CUST002583,MTR002583,RP005,2023-11-01,2023-11-30,,2023-12-29,354.29,174.01,217.27,1830.03,170.32,183.0,,2183.35,0.0,Cash,2023-12-19,Paid,Overdue,315.2,0,378.93,2023-12-05 14:30:21,Invalid or missing billing amount
BILL00006766,CUST003127,MTR003127,RP002,2023-02-01,2023-02-28,2023-03-05,2023-03-21,260.11,89.21,163.2,1230.61,261.05,123.06,,1614.72,0.0,CHEQUE,2023-04-05,Paid,Partial,162.93,166.96,1140.3,2023-03-05 08:04:52,Invalid or missing billing amount
BILL00007821,CUST003005,MTR003005,RP003,2024-09-01,2024-09-30,2024-10-05,2024-10-25,177.78,84.19,111.39,777.79,124.91,77.78,,0.0,980.48,,,Generated,Unpaid,3912.41,105.64,1496.2,2024-10-05 02:49:48,Invalid or missing billing amount
BILL00008017,CUST000113,MTR000113,RP006,2024/12/01,2024-12-31,2025-01-05,,2028.65,802.84,1110.29,15843.53,147.42,1584.35,,0.0,17575.3,,,Generated,Written Off,3082.54,,67.26,2025-01-05 16:14:40,Invalid or missing billing amount
BILL00018390,CUST001973,MTR001973,RP004,2023-05-01,2023-05-31,2023-06-05,,219.86,,116.54,1009.23,168.82,100.92,,1278.97,0.0,Mobile App,2023-06-06,Paid,Partial,4051.18,0,1733.71,2023-06-05 08:44:59,Invalid or missing billing amount
BILL00017496,CUST000918,MTR000918,RP003,2023-10-01,2023-10-31,2023-11-05,2023-11-29,98.1 kWh,29.94,54.15,343.35,78.51,34.34,,0.0,,,,Overdue,Written Off,4371.01,102.5,111.11,2023-11-05 08:51:55,Invalid or missing billing amount
BILL00012002,CUST003515,MTR003515,RP003,2023-10-01,31/10/2023,2023-11-05,2023-11-21,1607.39 kWh,663.69,1097.66,12262.82,422.22,1226.28,,13911.32,0.0,Auto Debit,2023-11-04,Paid,DISPUTED,1963.79,0,939.75,2023-11-05 06:16:12,Invalid or missing billing amount
BILL00001112,CUST001262,MTR001262,RP001,2023-06-01,2023-06-30,2023-07-05,2023-07-24,393.17,138.5,200.23,2102.19,87.55,210.22,,2399.96,0.0,Cash,2023-07-14,Paid,OVERDUE,3550.08,,827.43,2023-07-05 20:57:58,Invalid or missing billing amount
BILL00002168,CUST004063,MTR004063,RP005,2024-04-01,2024-04-30,2024-05-05,,20249.94,7576.6,12168.98,170724.49,393.12,17072.45,,188190.06,,Online,2024-05-10,Paid,Disputed,1544.95,0,1103.55,2024-05-05 16:44:23,Invalid or missing billing amount
BILL00012617,CUST002802,MTR002802,RP006,2023-03-01,2023-03-31,2023-04-05,2023-04-23,258.49,0,131.41,1221.7,53.83,122.17,,0.0,1397.69,,,Sent,Disputed,2423.42,0,485.43,2023-04-05 17:36:45,Invalid or missing billing amount
BILL00006974,CUST003499,MTR003499,RP004,2024-08-01,2024-08-31,2024-09-05,2024-09-25,15737.09,7231.41,10059.06,132365.27,439.54,13236.53,,146041.33,0.0,Auto Debit,2024-10-06,Paid,Overdue,1513.24,,1596.31,2024-09-05 19:04:24,Invalid or missing billing amount
BILL00022185,CUST003734,MTR003734,RP006,2023-06-01,2023-06-30,2023-07-05,2023-07-20,25282.26,11557.79,15264.25,213499.21,319.55,21349.92,,235168.68,0.0,Cheque,2023-07-18,Paid,Unpaid,4533.65,0,,2023-07-05 01:01:54,Invalid or missing billing amount
BILL00003919,CUST001467,MTR001467,RP004,2024-04-01,2024-04-30,2024-05-05,2024-05-16,160.89,-,106.89,,390.87,68.49,,0.0,1144.26,,,Revised,Unpaid,2845.93,0,1714.29,2024-05-05 23:19:00,Invalid or missing billing amount
BILL00014208,CUST001766,MTR001766,RP001,2023-06-01,2023-06-30,2023-07-05,2023-07-25,213.0,70.64,,971.5,483.33,97.15,,1551.98,0.0,Cash,2023-07-05,Paid,Paid,1267.76,,1973.38,2023-07-05 17:02:52,Invalid or missing billing amount
BILL00019383,CUST002134,MTR002134,RP003,2024-10-01,UNKNOWN,,,25074.53,10921.02,12957.66,211733.51,242.97,21173.35,,233149.83,0.0,Cash,2024-11-30,Paid,Written Off,3300.08,0,1819.03,2024-11-05 10:50:54,Invalid or missing billing amount
BILL00011420,CUST000043,MTR000043,RP005,2023-09-01,2023-09-30,2023-10-05,2023-10-29,210.87,69.84,,959.79,352.1,95.98,,0.0,1407.86,,,OVERDUE,Written Off,666.77,17.49,0,2023-10-05 15:07:32,Invalid or missing billing amount
BILL00006735,CUST000046,MTR000046,RP006,2023-09-01,2023-09-30,2023-10-05,2023-10-26,136.05,65.51,86.27,548.28,436.95,54.83,,1040.06,0.0,Bank Transfer,2023-10-24,Paid,Paid,1808.83,140.75,774.67,2023-10-05 03:00:52,Invalid or missing billing amount
BILL00020783,CUST001184,MTR001184,RP001,2023-12-01,2023-12-31,2024-01-05,2024-01-27,,1292.67,1404.26,21201.5,196.65,2120.15,,23518.3,0.0,Online,2024-01-17,Paid,Overdue,1444.54,0,1457.42,2024-01-05 15:56:00,Invalid or missing billing amount
BILL00009741,CUST001059,MTR001059,RP001,2023-12-01,2023-12-31,2024-01-05,2024-01-28,29842.76,14338.39,17349.26,252263.46,479.81,25226.35,,277969.62,0.0,Online,2024-01-23,Paid,Written Off,117.0,0,846.66,2024-01-05 23:47:54,Invalid or missing billing amount
BILL00000121,CUST002082,MTR002082,RP002,2024-02-01,2024-02-29,2024-03-05,2024-03-25,35743.01,16573.28,19087.84,302415.59,217.04,30241.56,,332874.19,0.0,Cheque,2024-03-27,Paid,Written Off,543.27,0,902.44,,Invalid or missing billing amount
BILL00001858,CUST000020,MTR000020,RP002,2023-07-01,2023-07-31,2023-08-05,2023-08-16,2096.33,811.05,UNKNOWN,16418.81,296.87,1641.88,,,0.0,-,2023-08-31,Paid,Unpaid,1245.45,0,1978.84,2023-08-05 18:32:53,Invalid or missing billing amount
BILL00006131,CUST000757,MTR000757,RP003,,2024-03-31,2024-04-05,2024-04-28,275.35,89.12,UNKNOWN,1314.43,174.85,131.44,,1620.72,0.0,Auto Debit,,Paid,Disputed,4473.34,173.65,77.64,,Invalid or missing billing amount
BILL00004056,CUST003424,MTR003424,RP004,2023-06-01,2023-06-30,2023-07-05,2023-07-27,217.47,66.25,124.32,996.09,215.8,99.61,,1311.49,0.0,Online,2023-07-28,Paid,Disputed,3673.96,38.7,1792.77,2023-07-05 02:29:00,Invalid or missing billing amount
BILL00005077,CUST001422,MTR001422,RP003,,1711843200,2024-04-05,2024-04-22,115.24,52.41,72.92,433.82,207.98,43.38,,685.18,0.0,Cheque,2024-04-14,Paid,Unpaid,1280.58,147.87,1538.87,2024-04-05 18:41:50,Invalid or missing billing amount
BILL00005559,CUST003180,MTR003180,RP003,2024-12-01,2024-12-31,2025-01-05,2025-01-27,2048.37,975.45,1295.37,,457.58,1601.11,,18069.84,0.0,Cheque,2025-02-04,Paid,Partial,3378.46,0,460.1,2025-01-05 11:01:08,Invalid or missing billing amount
BILL00007544,CUST001383,MTR001383,RP004,2024-05-01,2024-05-31,2024-06-05,2024-06-28,1675.65,692.76,882.92,12843.03,184.81,1284.3,,0.0,14312.13,,,Generated,Overdue,1022.87,0,1536.63,2024-06-05 06:41:28,Invalid or missing billing amount
BILL00006206,CUST004840,MTR004840,RP002,2024-05-01,,2024-06-05,2024-06-29,358.92,126.19,243.93,1862.44,163.26,186.24,,2211.94,0.0,Online,2024-07-01,Paid,Written Off,2287.68,21.25,474.33,,Invalid or missing billing amount
BILL00018327,CUST001987,MTR001987,RP006,2024-08-01,2024-08-31,2024-09-05,2024-09-26,2864.12,1028.14,1863.35,22945.02,119.75,2294.5,,25359.27,0.0,Auto Debit,2024-09-07,Paid,Written Off,2200.33,0,1618.96,2024-09-05 13:17:46,Invalid or missing billing amount
BILL00009360,CUST000832,MTR000832,RP006,2023-11-01,,2023-12-05,2023-12-30,252.31,114.46,154.67,1187.7,385.48,118.77,,0.0,1691.95,,,Sent,Paid,2019.85,9.78,1827.37,2023-12-05 12:10:27,Invalid or missing billing amount
BILL00007781,CUST002481,MTR002481,RP002,2024-03-01,,2024-04-05,2024-04-23,0,UNKNOWN,159.62,1222.9,79.23,122.29,,1424.42,0.0,Cheque,2024-05-06,Paid,Paid,887.16,0,290.46,2024-04-05 01:02:15,Invalid or missing billing amount
BILL00001933,CUST001064,MTR001064,RP001,2023/10/01,2023-10-31,2023-11-05,2023-11-23,152.13,66.78,82.51,636.71,175.06,63.67,,0.0,875.44,,,Generated,,867.99,0,313.34,2023-11-05 13:14:48,Invalid or missing billing amount
BILL00002654,CUST000446,MTR000446,RP006,2023-09-01,2023-09-30,2023-10-05,2023-10-23,1.3928800000000001,,714.03,10439.48,271.25,1043.95,,0.0,11754.68,,,,Overdue,1511.02,0,,2023-10-05 03:11:52,Invalid or missing billing amount
BILL00008640,CUST099580,MTR004293,RP005,2023-10-01,2023-10-31,2023-11-05,2023-11-24,278.18,96.18,177.42,1329.99,94.43,133.0,,1557.42,,Online,2023-11-17,Paid,Written Off,1056.84,92.83,198.28,2023-11-05 21:00:55,Invalid or missing billing amount
BILL00021617,CUST003828,MTR003828,RP002,2023-09-01,2023-09-30,,2023-10-28,271.13,106.43,163.38,1291.21,130.0,129.12,,0.0,1550.33,,,Revised,Disputed,4909.63,133.93,684.25,2023-10-05 10:22:23,Invalid or missing billing amount
BILL00003785,CUST001185,MTR001185,RP004,2024-03-01,2024-03-31,2024-04-05,,84.47,28.42,48.83,295.64,482.02,29.56,,807.23,0.0,Online,2024-04-20,Paid,Unpaid,2233.22,49.17,768.01,,Invalid or missing billing amount
BILL00015796,CUST002453,MTR002453,RP005,2024-12-01,2024-12-31,2025-01-05,2025-01-25,223.16,71.75,123.89,1027.38,238.15,102.74,,1368.27,0.0,,2025-01-16,Paid,Unpaid,4460.45,149.51,,2025-01-05 11:55:11,Invalid or missing billing amount
BILL00018115,,MTR002541,RP006,2024-10-01,2024-10-31,2024-11-05,,84.43,32.16,58.89,295.5,206.36,29.55,,0.0,531.41,,,,Overdue,456.18,0,1529.32,2024-11-05 01:55:48,Invalid or missing billing amount
BILL00011084,,MTR004430,RP001,2023-01-01,2023-01-31,2023-02-05,2023-02-19,1515.65,552.55,1001.47,11483.03,,1148.3,,,13064.23,,,Disputed,Overdue,371.23,0,UNKNOWN,2023-02-05 20:06:31,Invalid or missing billing amount
BILL00018880,CUST001292,MTR001292,RP002,2023-12-01,2023-12-31,2024-01-05,2024-01-30,248.57,77.69,,1167.13,89.31,116.71,,0.0,1373.16,,,Overdue,Unpaid,4689.01,190.81,313.96,,Invalid or missing billing amount
BILL00018485,CUST003887,MTR003887,RP001,2023-03-01,-,2023-04-05,2023-04-19,2536.1,797.95,1320.78,20156.85,396.04,2015.68,,0.0,22568.57,,,Disputed,Written Off,520.98,0,1052.47,2023-04-05 10:36:15,Invalid or missing billing amount
BILL00021386,CUST000844,MTR000844,RP002,2024-05-01,2024-05-31,2024-06-05,2024-06-29,192.79,80.46,122.88,860.35,326.74,86.03,,1273.12,0.0,,2024-07-10,Paid,Overdue,0,7.77,104.07,2024-06-05 12:40:16,Invalid or missing billing amount
BILL00015981,CUST004334,MTR004334,RP003,2024-04-01,2024-04-30,2024-05-05,2024-05-28,234.44,,162.01,1089.42,298.38,108.94,,0.0,1496.74,,,Overdue,Overdue,,175.91,116.65,2024-05-05 18:12:08,Invalid or missing billing amount
BILL00020021,CUST099286,MTR002195,RP004,2024-08-01,2024-08-31,2024-09-05,2024-09-23,57.0,27.01,39.86,199.5,111.47,19.95,,,330.92,,,Revised,Paid,,-,945.21,2024-09-05 14:44:28,Invalid or missing billing amount
BILL00023709,CUST001539,MTR001539,RP001,1675209600,2023-02-28,2023-03-05,2023-03-16,61.35,27.65,41.13,214.72,103.12,21.47,,0.0,339.32,,,CANCELLED,Disputed,2831.57,146.66,1401.88,2023-03-05 15:01:02,Invalid or missing billing amount
BILL00013985,CUST002138,MTR002138,-,2023-06-01,2023-06-30,,2023-07-15,1262.76,396.83,743.36,9333.46,353.52,933.35,,0.0,10620.33,,,Revised,,1232.76,32.13,1061.97,,Invalid or missing billing amount
BILL00021303,CUST003921,MTR003921,RP006,2024-04-01,2024-04-30,2024-05-05,2024-05-21,246.5,79.47,158.44,UNKNOWN,178.3,115.58,,1449.63,0.0,Online,2024-05-30,Paid,Paid,1645.07,82.54,834.23,2024-05-05 04:49:30,Invalid or missing billing amount
BILL00006940,CUST003141,MTR003141,RP003,2023-02-01,,2023-03-05,2023-03-18,76.83,28.69,53.01,268.9,140.18,26.89,,0.0,435.98,,,Disputed,Paid,192.49,0,982.25,2023-03-05 19:27:30,Invalid or missing billing amount
BILL00024796,CUST001941,MTR001941,RP006,2023-04-01,2023-04-30,2023-05-05,2023-05-30,267.47,103.76,,1271.09,210.84,0,,1609.04,0.0,Online,2023-05-15,paid,partial,548.98,178.15,1138.68,2023-05-05 06:26:27,Invalid or missing billing amount
BILL00014233,CUST000946,MTR000946,RP001,2023-05-01,2023-05-31,2023-06-05,2023-06-21,2095.41,978.12,1110.49,16410.99,413.38,1641.1,,18465.46,0.0,Cash,2023-06-13,Paid,Disputed,4087.72,0,578.4,2023-06-05 20:11:45,Invalid or missing billing amount
BILL00019938,CUST002934,MTR002934,RP006,2024-10-01,2024-10-31,2024-11-05,2024-11-17,55.96,18.16,35.8,195.86,223.28,19.59,,438.73,0.0,Mobile App,2024-11-04,Paid,Partial,3990.42,170.21,1779.87,2024-11-05 08:58:44,Invalid or missing billing amount
BILL00023014,CUST000956,MTR000956,RP005,2024-08-01,31/08/2024,2024-09-05,2024-09-16,308.32,147.63,208.19,1508.24,314.65,150.82,,1973.71,0.0,Mobile App,2024-09-19,Paid,Overdue,3699.64,164.98,,2024-09-05 04:27:40,Invalid or missing billing amount
BILL00010511,CUST004628,MTR004628,RP004,2023-06-01,2023-06-30,2023-07-05,,89.89,28.48,53.66,-,268.63,31.46,,0.0,614.7,,,Overdue,Overdue,698.17,,380.91,2023-07-05 01:45:48,Invalid or missing billing amount
BILL00006529,CUST002266,MTR002266,RP006,2024-05-01,2024-05-31,2024-06-05,2024-06-27,217.83,100.74,122.87,998.07,-,99.81,,,1469.41,,,Overdue,Partial,1137.86,189.18,1011.24,2024-06-05 11:26:24,Invalid or missing billing amount
BILL00013530,CUST000612,MTR000612,,2024/11/01,2024-11-30,,2024-12-30,363.41,148.59,219.93,1893.87,399.12,189.39,,2482.38,0.0,Mobile App,,Paid,Disputed,727.47,86.61,1930.77,2024-12-05 08:31:53,Invalid or missing billing amount
BILL00014574,CUST000264,MTR000264,RP001,2024-01-01,2024-01-31,2024-02-05,2024-02-18,413.76,126.66,256.22,2246.32,328.62,224.63,,2799.57,0.0,CASH,2024-02-01,Paid,Written Off,4565.02,180.53,1504.07,2024-02-05 14:17:54,Invalid or missing billing amount
BILL00004635,CUST002097,MTR002097,RP004,2023-06-01,2023-06-30,2023-07-05,,18744.11,5953.95,11972.1,157924.93,470.3,15792.49,,174187.73,0.0,Cheque,2023-06-25,Paid,PAID,3048.88,0,830.91,2023-07-05 01:02:05,Invalid or missing billing amount
BILL00003231,CUST001254,MTR001254,RP005,2023-04-01,2023-04-30,2023-05-05,2023-05-29,20719.3,8900.42,10563.14,174714.05,229.5,17471.4,,0.0,192414.95,,,Revised,Paid,4338.49,0,325.54,2023-05-05 08:52:31,Invalid or missing billing amount
BILL00012045,CUST000146,MTR000146,RP005,2023-08-01,2023-08-31,2023-09-05,2023-09-17,10856.34,4458.39,5649.31,90878.89,163.7,9087.89,,100130.48,0.0,Mobile App,2023-10-01,Paid,Unpaid,1521.97,0,1901.94,2023-09-05 23:16:32,Invalid or missing billing amount
BILL00012469,CUST001642,MTR001642,RP005,2024-03-01,2024-03-31,2024-04-05,2024-04-27,157.19,51.38,93.89,664.54,236.29,66.45,,967.29,0.0,BANK TRANSFER,2024-05-10,Paid,Partial,2141.78,93.15,1816.56,2024-04-05 01:48:36,Invalid or missing billing amount
BILL00020929,CUST000080,MTR000080,RP004,2023-11-01,2023-11-30,2023-12-05,2023-12-30,191.06,,103.09,850.83,472.82,85.08,,1408.73,0.0,Bank Transfer,2023-12-19,Paid,written off,2836.19,126.18,1426.91,2023-12-05 03:45:28,Invalid or missing billing amount
BILL00020072,CUST003413,MTR003413,RP005,2024-09-01,2024-09-30,2024-10-05,2024-10-15,388.74 kWh,155.74,194.65,2071.18,379.83,207.12,,,2658.13,,,Generated,Paid,4934.89,0,253.16,2024-10-05 17:02:23,Invalid or missing billing amount
BILL00005060,CUST002349,MTR002349,RP002,2023-09-01,2023-09-30,2023-10-05,2023-10-16,24742.0,0,17231.25,208907.0,274.22,20890.7,,230071.92,0.0,Bank Transfer,2023-10-03,Paid,Paid,4884.55,0,334.07,2023-10-05 04:22:34,Invalid or missing billing amount
BILL00018255,CUST002935,MTR002935,RP001,2023-08-01,2023-08-31,2023-09-05,2023-09-26,28681.25,10585.73,16505.97,242390.62,378.26,24239.06,,267007.95,0.0,Cash,2023-09-09,Paid,unpaid,449.72,,643.74,2023-09-05 15:06:10,Invalid or missing billing amount
BILL00023003,CUST004018,MTR004018,RP005,2024-01-01,2024-01-31,2024-02-05,2024-02-18,276.53,120.32,147.59,UNKNOWN,397.36,132.09,,1850.37,0.0,ONLINE,2024-02-22,Paid,Written Off,668.39,0,1149.12,2024-02-05 15:28:49,Invalid or missing billing amount
BILL00005186,CUST003560,MTR003560,RP005,2024-01-01,2024-01-31,2024-02-05,2024-02-18,1830.2,621.92,1241.03,14156.7,475.76,1415.67,,16048.13,,,2024-02-08,Paid,Overdue,3100.64,0,701.37,2024-02-05 00:33:53,Invalid or missing billing amount
BILL00019528,CUST000186,MTR000186,RP005,1711929600,2024-04-30,2024-05-05,2024-05-15,129.02,58.89,75.3,509.61,230.74,50.96,,791.31,0.0,Cash,2024-05-21,Paid,Written Off,1067.03,147.95,1680.4,2024-05-05 01:57:46,Invalid or missing billing amount
BILL00008784,CUST003047,MTR003047,RP002,2024-05-01,2024-05-31,2024-06-05,2024-06-16,271.59,122.73,168.02,1293.74,385.87,129.37,,,1808.98,,,Disputed,Overdue,652.17,UNKNOWN,1089.68,2024-06-05 23:05:18,Invalid or missing billing amount
BILL00021347,CUST004438,MTR004438,RP003,2024/10/01,2024-10-31,2024-11-05,,727.54,311.12,448.63,4784.09,172.01,478.41,,5434.51,0.0,Cash,,Paid,,1253.05,101.28,479.81,2024-11-05 18:59:21,Invalid or missing billing amount
BILL00002331,CUST003552,MTR003552,RP003,2024-10-01,2024-10-31,2024-11-05,2024-11-23,17958.82,6170.72,11357.79,151249.97,396.44,15125.0,,166771.41,0.0,Mobile App,2024-11-16,Paid,Overdue,417.79,0,984.69,2024-11-05 20:08:07,Invalid or missing billing amount
BILL00023561,CUST003087,,RP002,2023-01-01,31/01/2023,2023-02-05,2023-02-27,109.79,53.55,75.63,403.85,139.63,40.38,,0.0,583.85,,,Generated,Disputed,2741.78,0,1553.87,2023-02-05 05:05:46,Invalid or missing billing amount
BILL00003178,CUST001593,MTR001593,RP002,2024-07-01,2024-07-31,2024-08-05,,1898.97,695.57,1026.07,14741.25,150.88,0,,16366.25,,Bank Transfer,2024-09-02,Paid,overdue,2218.74,0,1054.3,2024-08-05 07:57:19,Invalid or missing billing amount
BILL00016074,CUST000142,MTR000142,RP004,2024-07-01,2024-07-31,2024-08-05,2024-08-26,261.36,89.14,158.27,1237.48,420.14,123.75,,0.0,1781.37,,,Revised,Disputed,1939.72,0,276.54,2024-08-05 23:54:40,Invalid or missing billing amount
BILL00005453,CUST000686,MTR000686,RP001,2023-11-01,2023-11-30,,2023-12-29,91.15,41.72,UNKNOWN,319.03,495.73,31.9,,846.65,0.0,Mobile App,2024-01-04,Paid,Partial,2317.11,0,551.57,2023-12-05 19:56:57,Invalid or missing billing amount
BILL00016672,CUST001341,MTR001341,RP003,2023-04-01T00:00:00Z,2023-04-30,2023-05-05,2023-05-25,38091.99,15903.0,20330.05,322381.91,390.97,32238.19,,355011.07,0.0,Cash,2023-05-15,Paid,Unpaid,1010.56,0,927.44,2023-05-05 06:38:05,Invalid or missing billing amount
BILL00008639,CUST000425,MTR000425,RP002,2023-05-01,2023-05-31,2023-06-05,2023-06-24,2009.5,949.06,1133.3,15680.75,116.98,1568.08,,0.0,17365.81,,,Sent,Written Off,1683.48,0,681.61,,Invalid or missing billing amount
BILL00011362,CUST000232,MTR000232,RP001,UNKNOWN,2024-03-31,2024-04-05,,183.89,73.79,116.95,811.39,356.95,81.14,,0.0,1249.48,,,Disputed,Overdue,233.77,33.84,1772.12,2024-04-05 11:26:13,Invalid or missing billing amount
BILL00015429,CUST001525,MTR001525,RP004,2023-02-01,2023-02-28,2023-03-05,,345.47,134.15,234.81,1768.29,394.94,176.83,,0.0,2340.06,,,Overdue,Paid,3194.57,0,1119.85,2023-03-05 10:00:29,Invalid or missing billing amount
BILL00011508,CUST002660,MTR002660,RP003,1675209600,2023-02-28,2023-03-05,,221.54,68.88,,1018.47,459.42,,,,0.0,Auto Debit,2023-03-08,Paid,Written Off,2809.76,152.79,1480.23,2023-03-05 08:34:43,Invalid or missing billing amount
BILL00007094,CUST002958,MTR002958,RP003,2023-10-01,2023-10-31,2023-11-05,2023-11-24,2623.07,1223.72,1325.56,20896.1,235.1,2089.61,,0.0,23220.8,,,Overdue,Disputed,4436.75,0,105.31,,Invalid or missing billing amount
BILL00011678,CUST004859,MTR004859,RP001,2024-04-01,2024-04-30,2024-05-05,2024-05-20,148.43 kWh,68.1,103.0,616.37,151.61,61.64,,0.0,829.61,,,,Disputed,1371.96,144.62,31.13,2024-05-05 04:04:46,Invalid or missing billing amount
BILL00019225,CUST003838,MTR003838,RP004,2023-09-01,2023-09-30,2023-10-05,2023-10-30,174.33,68.73,121.19,758.82,342.63,75.88,,1177.33,0.0,Online,2023-10-19,Paid,Paid,4327.72,51.64,387.14,2023-10-05 01:31:05,Invalid or missing billing amount
BILL00022515,CUST099506,MTR000092,RP006,2023-09-01,30/09/2023,2023-10-05,2023-10-28,1000.56,489.04,577.47,7104.76,233.47,710.48,,8048.71,0.0,Auto Debit,2023-10-16,Paid,Unpaid,599.82,95.51,1480.55,2023-10-05 02:58:13,Invalid or missing billing amount
BILL00006873,CUST001369,MTR001369,RP005,2024-02-01,2024-02-29,2024-03-05,2024-03-15,304.64,128.62,189.04,1482.48,330.45,148.25,,1961.18,0.0,Auto Debit,2024-03-17,Paid,Disputed,1217.15,101.06,283.83,2024-03-05 10:39:20,Invalid or missing billing amount
BILL00009878,CUST004986,MTR004986,RP005,2023-03-01,2023-03-31,2023-04-05,2023-04-27,22234.44,7861.27,15123.06,187592.74,314.09,18759.27,,0.0,206666.1,,,Generated,,1954.32,0,758.37,2023-04-05 09:23:21,Invalid or missing billing amount
BILL00006258,CUST004173,MTR004173,RP004,2023-09-01,2023-09-30,2023-10-05,2023-10-29,19738.84,7104.8,12760.73,166380.14,86.98,,,183105.13,0.0,Bank Transfer,2023-11-11,Paid,Written Off,1958.98,0,1444.79,,Invalid or missing billing amount
BILL00011746,CUST001088,MTR001088,-,2024-09-01,2024-09-30,2024-10-05,2024-10-22,2614.59,-,1343.28,20824.01,478.01,2082.4,,23384.42,0.0,Online,2024-10-21,Paid,Disputed,339.78,0,1975.57,2024-10-05 14:50:09,Invalid or missing billing amount
BILL00019117,CUST002829,MTR002829,RP006,2023-10-01,2023-09-27,2023-11-05,2023-11-20,305.55,113.7,178.7,1488.85,260.08,148.89,,1897.82,0.0,Mobile App,2023-11-19,Paid,Partial,3173.89,18.35,625.04,2023-11-05 21:50:28,Invalid or missing billing amount
BILL00017569,CUST000010,MTR000010,RP002,2023-07-01,2023-07-31,2023-08-05,2023-08-30,174.37,,113.15,759.04,-,75.9,,0.0,1257.89,,,Overdue,Unpaid,3516.34,39.28,1349.71,2023-08-05 13:22:53,Invalid or missing billing amount
BILL00016290,CUST004414,MTR004414,RP004,2023-09-01,2023-09-30,2023-10-05,2023-10-24,1383.95,474.32,917.29,10363.58,0,1036.36,,0.0,11821.06,,,Generated,Disputed,107.04,0,643.03,2023-10-05 20:53:11,Invalid or missing billing amount
BILL00008939,CUST003972,MTR003972,RP002,2024-09-01,2024-09-30,2024-10-05,,230.3,91.95,118.65,1066.65,446.5,106.67,,1619.82,0.0,Mobile App,2024-10-02,Paid,Paid,1402.49,194.28,1673.43,2024-10-05 00:27:12,Invalid or missing billing amount
BILL00020621,CUST004566,MTR004566,RP001,2023-06-01,2023-06-30,2023-07-05,,749.08,321.58,469.62,4967.18,240.34,496.72,,0.0,5704.24,,,Overdue,Disputed,4770.96,24.66,696.31,2023-07-05 05:51:27,Invalid or missing billing amount
BILL00009713,CUST004022,MTR004022,RP002,2023-04-01,2023-04-30,2023-05-05,,115.82,41.87,77.93,437.01,377.77,43.7,,0.0,858.48,,,Revised,Overdue,2177.78,101.08,1761.28,,Invalid or missing billing amount
BILL00014145,CUST001780,MTR001780,RP005,2024-10-01,2024-10-31,2024-11-05,2024-11-20,226.92,101.94,152.92,1048.06,241.38,104.81,,1394.25,0.0,Cheque,2024-11-23,Paid,Unpaid,19.97,171.62,1808.33,2024-11-05 06:05:16,Invalid or missing billing amount
BILL00024584,CUST004044,MTR004044,RP002,2024-05-01,2024-05-31,,2024-06-29,252.13,107.02,139.93,1186.71,201.88,118.67,,0.0,1507.27,,,Overdue,Paid,1188.99,83.06,1969.7,2024-06-05 01:15:34,Invalid or missing billing amount
BILL00014103,CUST001967,MTR001967,RP005,2024-06-01,0,2024-07-05,2024-07-30,24072.23,7338.79,14288.02,203213.95,410.69,20321.4,,223946.05,0.0,Bank Transfer,2024-07-25,Paid,Unpaid,1705.68,0,1811.48,2024-07-05 06:41:09,Invalid or missing billing amount
BILL00002410,CUST001591,MTR001591,RP001,,2023-12-31,2024-01-05,,291.34,127.58,187.15,1402.37,142.36,140.24,,1684.97,0.0,Cheque,2024-01-19,Paid,Overdue,1532.52,UNKNOWN,710.39,2024-01-05 00:41:14,Invalid or missing billing amount
BILL00021190,CUST001910,MTR001910,RP004,2023-10-01,2023-10-31,2023-11-05,2023-11-24,248.38,83.17,166.18,1166.09,391.01,116.61,,0.0,1673.71,,,Overdue,Partial,1709.38,192.38,945.73,2023-11-05 00:31:26,Invalid or missing billing amount
BILL00007099,CUST002497,MTR002497,RP005,2023-12-01,2023-12-31,2024-01-05,2024-01-23,2866.79,1401.95,1743.36,22967.72,246.57,0,,25511.05,0.0,,2024-01-26,Paid,Paid,1922.34,0,897.92,2024-01-05 14:22:44,Invalid or missing billing amount
BILL00010124,CUST000390,MTR000390,RP002,2023-01-01,2023-01-31,,2023-02-24,210.61,99.13,123.71,958.36,150.18,95.84,,1204.37,0.0,Mobile App,2023-03-03,Paid,Partial,3551.83,128.51,1668.68,2023-02-05 18:21:38,Invalid or missing billing amount
BILL00019167,CUST000499,MTR000499,RP005,2024-06-01,2024-06-30,2024-07-05,2024-07-15,252.66,94.69,176.4,1189.63,86.41,118.96,,1395.0,0.0,Auto Debit,2024-07-12,,Overdue,3761.7,113.23,792.57,2024-07-05 23:07:32,Invalid or missing billing amount
BILL00001559,CUST003479,,RP005,2023-11-01,2023-11-30,2023-12-05,2023-12-17,331.5,125.1,170.36,1670.5,291.05,167.05,,0.0,2128.6,,,Overdue,Unpaid,4764.09,,UNKNOWN,2023-12-05 06:46:16,Invalid or missing billing amount
BILL00001964,CUST001096,MTR001096,RP005,2023-05-01,2023-05-31,2023-06-05,2023-06-24,2342.75,1096.03,1516.35,18513.38,495.46,1851.34,,20860.17,0.0,auto debit,2023-06-19,Paid,Written Off,3598.03,0,16.15,2023-06-05 18:52:11,Invalid or missing billing amount
BILL00008078,,MTR003848,RP001,2023-09-01,30-09-2023,2023-10-05,2023-10-29,155.49,70.06,103.75,655.2,157.21,65.52,,877.93,0.0,Mobile App,2023-10-11,Paid,Disputed,4091.23,135.54,,2023-10-05 05:22:10,Invalid or missing billing amount
BILL00015046,CUST002549,MTR002549,RP001,2023-09-01,2023-09-30,2023-10-05,,188.84,61.22,0,838.62,104.14,83.86,,1026.62,0.0,Online,2023-10-03,Paid,Unpaid,4632.55,182.78,1262.75,2023-10-05 04:22:47,Invalid or missing billing amount
BILL00004103,CUST000182,MTR000182,RP005,2023-03-01,2023-03-31,2023-04-05,2023-04-28,355.06,122.92,206.35,1835.42,156.69,183.54,,2175.65,0.0,Mobile App,2023-04-26,-,Paid,1933.88,,621.68,2023-04-05 10:45:12,Invalid or missing billing amount
BILL00016076,CUST004455,MTR004455,RP002,2024-02-01,2024-02-29,2024-03-05,2024-03-15,1055.99,370.3,,7575.91,258.74,757.59,,8592.25,,Bank Transfer,,Paid,Partial,1287.45,,1238.65,2024-03-05 18:59:55,Invalid or missing billing amount
BILL00006328,CUST002349,MTR002349,RP002,2023-12-01,2023-12-31,2024-01-05,2024-01-30,34926.34,15533.62,20192.23,295473.89,349.62,29547.39,,0.0,325370.9,,,Sent,Overdue,2340.66,0,479.92,2024-01-05 16:29:40,Invalid or missing billing amount
BILL00006300,CUST004751,MTR004751,RP002,0,2024-10-31,,,159.6,50.99,84.77,677.8,171.86,67.78,,0.0,917.44,,,Disputed,Paid,2149.9,113.31,1666.88,2024-11-05 08:01:53,Invalid or missing billing amount
BILL00004956,CUST001254,MTR001254,RP005,2024-02-01,2024-02-29,2024-03-05,2024-03-18,39265.99,15052.8,23060.7,332360.91,307.38,33236.09,,,0.0,Cheque,2024-03-10,Paid,Disputed,593.68,0,,2024-03-05 05:07:09,Invalid or missing billing amount
BILL00002408,CUST001680,MTR001680,RP002,1717200000,2024-06-30,2024-07-05,2024-07-27,2162.91,942.41,1481.51,16984.74,,1698.47,,0.0,18929.49,,,Overdue,Partial,1184.57,0,1885.82,2024-07-05 04:20:49,Invalid or missing billing amount
BILL00022571,CUST001307,MTR001307,RP001,2024-04-01,2024-04-30,2024-05-05,2024-05-27,1219.78,598.98,732.3,8968.13,227.59,896.81,,10092.53,0.0,cash,2024-06-10,Paid,Partial,2754.05,0,0.84,,Invalid or missing billing amount
BILL00022775,CUST000939,MTR000939,RP001,2024-09-01,2024-09-30,2024-10-05,2024-10-30,1987.98,863.34,1238.03,15497.83,352.65,1549.78,,0.0,,,,Disputed,Overdue,1221.98,0,1379.08,2024-10-05 05:10:52,Invalid or missing billing amount
BILL00016671,CUST003937,MTR003937,RP005,2023-03-01,2023-03-31,2023-04-05,2023-04-22,272.25,106.86,170.3,1297.38,380.49,129.74,,1807.61,0.0,Cash,2023-04-24,Paid,Paid,0,79.26,146.53,2023-04-05 17:38:42,Invalid or missing billing amount
BILL00019777,CUST000014,MTR000014,RP002,2024-02-01,,2024-03-05,2024-03-24,24024.22,9026.86,13271.74,202805.87,-,20280.59,,0.0,223287.11,,,Sent,,1445.53,0,1506.35,,Invalid or missing billing amount
BILL00014592,CUST002253,MTR002253,RP003,2023-01-01,2023-01-31,2023-02-05,2023-02-15,2979.64,1417.78,1883.89,23926.94,318.75,2392.69,,0.0,26638.38,,,Sent,Disputed,3015.05,0,1616.33,2023-02-05 05:39:42,Invalid or missing billing amount
BILL00008111,CUST001992,MTR001992,RP002,2024-10-01,2024-10-31,2024-11-05,2024-11-17,139.04,59.16,88.92,564.72,350.51,56.47,,971.7,,Mobile App,2024-11-20,Paid,Paid,4120.3,57.66,758.37,2024-11-05 04:59:15,Invalid or missing billing amount
BILL00019609,CUST000049,MTR000049,RP003,2024-06-01,2024-06-30,,,1062.67,394.62,537.87,7632.7,288.51,763.27,,0.0,8684.48,,,Overdue,Written Off,3127.11,81.8,662.34,2024-07-05 12:55:57,Invalid or missing billing amount
BILL00018489,CUST000623,MTR000623,RP006,2023-10-01,2023-10-31,2023-11-05,,191.04,68.13,115.23,850.72,121.66,85.07,,1057.45,0.0,Online,2023-11-07,Paid,Partial,,33.88,1233.5,2023-11-05 00:00:00,Invalid or missing billing amount
BILL00007672,CUST001316,MTR001316,RP003,2023-06-01,2023-06-30,2023-07-05,2023-07-23,856.9,413.15,550.0,5883.65,136.53,588.37,,0.0,6608.55,,,Generated,Overdue,4917.57,52.85,1305.47,2023-07-05 13:54:03,Invalid or missing billing amount
BILL00012217,CUST002458,MTR002458,RP003,2024-03-01,2024-03-31,2024-04-05,2024-04-18,167.29,53.66,-,720.1,469.88,72.01,,0.0,1261.99,,,Disputed,Unpaid,725.9,171.64,84.33,2024-04-05 12:33:22,Invalid or missing billing amount
BILL00016986,CUST001641,MTR001641,RP005,2024-09-01,2024-09-30,,2024-10-22,27146.45,9502.96,16705.9,229344.83,52.38,22934.48,,252331.69,0.0,Online,2024-10-27,Paid,Written Off,4080.71,0,1488.27,2024-10-05 19:20:23,Invalid or missing billing amount
BILL00002292,CUST002615,MTR002615,RP002,2024-05-01T00:00:00Z,2024-05-31,2024-06-05,2024-06-30,1306.27,435.91,736.86,,171.91,970.33,,10845.53,0.0,Auto Debit,2024-06-25,Paid,Paid,2107.59,0,,2024-06-05 22:33:15,Invalid or missing billing amount
BILL00013294,CUST004035,MTR004035,RP003,01/09/2024,2024/09/30,,2024-10-25,162.27,,109.07,692.49,395.72,69.25,,0.0,1157.45,,,Generated,Paid,2348.06,100.32,1136.81,2024-10-05 03:36:42,Invalid or missing billing amount
BILL00009641,CUST001952,MTR001952,,2023-03-01,2023-03-31,,2023-04-24,125.12,53.05,71.06,488.16,96.1,48.82,,633.08,0.0,Online,2023-04-29,Paid,unpaid,2776.09,0,1064.23,2023-04-05 13:06:42,Invalid or missing billing amount
BILL00016825,CUST004887,MTR004887,RP001,01-10-2023,2023-10-31,2023-11-05,2023-11-27,153.9,67.01,90.37,646.45,272.0,64.65,,983.1,0.0,Cash,2023-11-09,Paid,Partial,2264.95,0,656.02,2023-11-05 01:20:30,Invalid or missing billing amount
BILL00022182,CUST003835,MTR003835,RP005,2023-07-01,2023-07-31,2023-08-05,2023-08-23,225.52,75.95,113.54,1040.36,375.2,104.04,,1519.6,,Cash,2023-08-29,Paid,Overdue,1282.3,,1933.02,2023-08-05 04:31:30,Invalid or missing billing amount
BILL00013656,CUST004359,MTR004359,RP002,2023-05-01,2023-05-31,,2023-06-19,291.54,117.57,178.24,1403.47,121.01,140.35,,1664.83,0.0,Auto Debit,2023-06-16,Paid,Unpaid,2336.29,142.48,977.59,2023-06-05 00:54:02,Invalid or missing billing amount
BILL00001652,CUST000286,MTR000286,RP003,2023-05-01,2023-05-31,2023-06-05,2023-06-30,142.58,48.03,89.04,584.19,193.93,,,0.0,836.54,,,Overdue,Disputed,1873.45,158.15,1333.22,,Invalid or missing billing amount
BILL00000563,CUST001291,MTR001291,RP005,2024-05-01,2024-05-31,2024-06-05,2024-06-22,193.87,,103.14,866.29,265.5,86.63,,1218.42,0.0,Bank Transfer,2024-07-06,Paid,Partial,3371.51,181.11,1156.11,2024-06-05 04:07:38,Invalid or missing billing amount
BILL00016287,CUST002287,MTR002287,RP004,2024-08-01,2024-08-31,,2024-09-15,37528.32,18524.3,-,317590.72,493.41,31759.07,,0.0,349843.2,,,Sent,Disputed,1041.34,0,1093.48,2024-09-05 12:13:48,Invalid or missing billing amount
BILL00020108,CUST002739,MTR002739,RP002,2024-04-01,2024-04-30,2024-05-05,,275.76,109.05,191.39,1316.68,494.63,131.67,,1942.98,0.0,Auto Debit,2024-05-08,Paid,Disputed,3546.28,69.18,1179.43,2024-05-05 23:15:51,Invalid or missing billing amount
BILL00012260,CUST002217,MTR002217,RP006,2024-01-01,2024-01-31,,2024-02-27,146.09,62.24,90.97,603.5,203.96,60.35,,867.81,0.0,,2024-03-12,Paid,Disputed,4961.65,169.59,1245.78,2024-02-05 05:58:01,Invalid or missing billing amount
BILL00021145,CUST000141,MTR000141,RP005,2023-06-01,2023-06-30,2023-07-05,2023-07-25,2321.97,1131.07,1394.57,18336.74,117.57,1833.67,,20287.98,0.0,,,Paid,Partial,1039.74,0,716.54,2023-07-05 23:44:15,Invalid or missing billing amount
BILL00009784,CUST001865,MTR001865,RP005,2023-03-01,2023-03-31,2023-04-05,2023-04-30,208.33,65.32,130.87,945.82,200.9,94.58,,1241.29,0.0,Cheque,2023-04-25,Paid,Overdue,2978.24,97.05,1659.53,2023-04-05 17:18:05,Invalid or missing billing amount
BILL00023045,CUST004108,,RP002,2024-01-01,0,2024-02-05,2024-02-16,311.6,99.4,206.27,1531.2,131.27,153.12,,0.0,1815.59,,,Overdue,Partial,1325.22,52.1,888.03,2024-02-05 15:23:54,Invalid or missing billing amount
BILL00009841,CUST001173,MTR001173,RP003,2024-07-01,2024-07-31,2024-08-05,2024-08-16,290.83,129.58,185.13,1399.56,453.95,139.96,,1993.48,0.0,Bank Transfer,,Paid,Overdue,1610.32,0,1795.77,2024-08-05 09:33:27,Invalid or missing billing amount
BILL00003808,CUST004920,,RP006,,2024-04-30,2024-05-05,2024-05-17,2099.6,889.5,1233.82,16446.6,332.44,1644.66,,0.0,18423.7,,,Overdue,Unpaid,2336.99,0,670.13,2024-05-05 11:59:50,Invalid or missing billing amount
BILL00021846,CUST002657,MTR002657,RP005,2024-11-01,2024-11-30,2024-12-05,2024-12-20,,480.51,676.64,7025.37,349.98,702.54,,,0.0,Online,,Paid,Written Off,907.14,91.77,595.0,2024-12-05 22:45:14,Invalid or missing billing amount
BILL00002937,CUST002549,MTR002549,RP001,2024-01-01,2024-01-31,2024-02-05,2024-02-15,324.2,108.66,184.48,1619.4,104.57,161.94,,0.0,1885.91,,,Revised,,2024.21,80.15,73.56,2024-02-05 20:42:58,Invalid or missing billing amount
BILL00021727,CUST001010,MTR001010,0,2023-03-01,2023-03-31,2023-04-05,2023-04-26,207.41,72.75,132.52,940.75,,94.08,,0.0,1176.02,,,Overdue,Written Off,3976.86,87.87,301.59,2023-04-05 02:34:43,Invalid or missing billing amount
BILL00002097,CUST003297,MTR003297,,2024-05-01,2024-05-31,2024-06-05,2024-06-15,327.89,145.01,208.12,1645.23,174.03,164.52,,0.0,1983.78,,,Disputed,Disputed,1867.83,18.62,965.88,,Invalid or missing billing amount
BILL00011413,CUST003800,MTR003800,RP003,2024-07-01,2024-07-31,2024-08-05,2024-08-30,1.83731,622.21,970.82,14217.14,73.39,-,,15712.23,,Cash,2024-09-04,Paid,Written Off,3484.78,,697.81,,Invalid or missing billing amount
BILL00022893,CUST002535,MTR002535,RP004,2023-09-01,,2023-10-05,2023-10-19,216.51,78.31,134.61,990.8,433.64,99.08,,0.0,1523.52,,,Overdue,Partial,1617.71,153.58,1382.82,2023-10-05 14:50:27,Invalid or missing billing amount
BILL00003894,CUST000042,MTR000042,RP005,2024-09-01,2024-09-30,2024-10-05,2024-10-16,130.08,48.03,90.78,515.44,225.71,51.54,,0.0,792.69,,,Revised,Unpaid,2423.09,93.63,60.28,2024-10-05 08:06:15,Invalid or missing billing amount
BILL00010823,CUST002162,MTR002162,RP004,2024-10-01,2024-10-31T00:00:00Z,2024-11-05,2024-11-18,273.88,99.56,-,1306.34,126.1,130.63,,1563.07,0.0,Cash,2024-11-05,Paid,Paid,451.98,,501.05,2024-11-05 00:59:27,Invalid or missing billing amount
BILL00014533,CUST003384,MTR003384,RP001,2024-11-01,2024-11-30,,2024-12-30,550.81,208.89,290.45,3281.88,468.44,328.19,,4078.51,0.0,Auto Debit,2025-01-07,Paid,Paid,3333.71,27.47,1157.52,2024-12-05 16:28:47,Invalid or missing billing amount
BILL00024235,CUST003354,MTR003354,RP001,2023-10-01,2023-10-31,2023-11-05,2023-11-18,389.64,150.39,257.6,2077.48,279.85,207.75,,2565.08,0.0,Auto Debit,2023-11-30,Paid,Disputed,3625.9,UNKNOWN,1405.73,2023-11-05 19:50:16,Invalid or missing billing amount
BILL00011927,CUST004335,MTR004335,RP004,2023-07-01,2023-07-31,2023-08-05,,205.04,73.27,131.68,927.72,406.42,92.77,,1426.91,0.0,Mobile App,2023-08-15,Paid,OVERDUE,740.64,74.56,1779.49,2023-08-05 22:41:36,Invalid or missing billing amount
BILL00014142,CUST000821,MTR000821,RP004,2024-11-01,2024-11-30,,2024-12-19,342.32,,198.86,1746.24,71.56,174.62,,1992.42,0.0,Online,2024-12-29,Paid,Unpaid,2041.33,100.04,529.25,2024-12-05 13:54:35,Invalid or missing billing amount
BILL00020440,CUST001122,MTR001122,RP005,2023-05-01,2023-05-31,2023-06-05,2023-06-25,374.17,176.84,0,1969.19,-,196.92,,2570.3,0.0,Bank Transfer,2023-06-09,Paid,Overdue,2795.61,183.81,218.21,2023-06-05 19:48:59,Invalid or missing billing amount
BILL00021966,CUST002962,MTR002962,RP005,2024-08-01,2024-08-31,2024-09-05,,259.54,96.11,138.94,1227.47,92.85,122.75,,1443.07,0.0,Online,2024-09-26,Paid,,1542.63,152.15,1278.01,,Invalid or missing billing amount
BILL00011194,CUST002293,MTR002293,RP004,2023-09-01,1696032000,2023-10-05,2023-10-20,192.61,61.66,117.91,859.36,410.57,85.94,,1355.86,0.0,Cheque,2023-10-25,Paid,Partial,1315.71,63.47,434.84,2023-10-05 03:00:07,Invalid or missing billing amount
BILL00005214,CUST004948,MTR004948,RP002,2023-01-01,2023-01-31,2023-02-05,2023-02-27,332.47,135.64,194.23,1677.29,116.38,167.73,,1961.4,0.0,Auto Debit,2023-03-05,Paid,Disputed,4480.12,186.95,347.54,2023-02-05 07:19:20,Invalid or missing billing amount
BILL00022781,CUST000866,MTR000866,RP002,2024-04-01,2024-04-30,2024-05-05,2024-05-26,2280.36,1045.6,1418.68,,127.66,1798.31,,19909.03,0.0,Bank Transfer,2024-06-03,Paid,Paid,583.5,0,1750.82,2024-05-05 19:55:08,Invalid or missing billing amount
BILL00020096,CUST002447,MTR002447,RP004,UNKNOWN,2024-10-31,2024-11-05,2024-11-22,426.47,147.29,213.78,2335.29,139.89,UNKNOWN,,0.0,2708.71,,,Disputed,Unpaid,3443.48,95.28,324.34,2024-11-05 01:32:50,Invalid or missing billing amount
BILL00000257,CUST004411,MTR004411,RP004,2023-09-01,2023-09-30,2023-10-05,,188.43,0,114.9,836.37,188.31,83.64,,1108.32,0.0,Online,,,Written Off,1759.88,99.44,547.54,2023-10-05 18:35:29,Invalid or missing billing amount
BILL00000447,CUST001612,MTR001612,RP001,2024-04-01,2024-04-30,2024-05-05,2024-05-25,305.9,,211.38,1491.3,461.19,149.13,,2101.62,0.0,BANK TRANSFER,2024-05-16,Paid,Paid,4924.51,39.27,140.12,2024-05-05 11:00:52,Invalid or missing billing amount
BILL00019072,CUST003114,MTR003114,RP006,2023-11-01,2023-11-30,,2023-12-24,246.74,81.03,157.51,1157.07,147.69,115.71,,0.0,1420.47,,,Sent,Overdue,4443.01,149.8,1421.39,2023-12-05 16:12:48,Invalid or missing billing amount
BILL00017282,CUST003950,MTR003950,RP002,,2023-07-31,2023-08-05,2023-08-22,18064.96,5806.38,11442.63,152152.16,413.5,15215.22,,167780.88,0.0,Cash,,Paid,Disputed,1654.3,0,489.99,2023-08-05 08:35:55,Invalid or missing billing amount
BILL00012290,CUST003191,MTR003191,RP001,2024-02-01,29/02/2024,2024-03-05,2024-03-21,,0,11907.84,,379.89,18590.7,,204877.61,0.0,Cheque,2024-03-05,Paid,Paid,2070.79,0,1338.93,2024-03-05 08:52:54,Invalid or missing billing amount
BILL00006385,CUST001113,MTR001113,RP001,2024-08-01,2024-08-31,,2024-09-30,18322.97,6377.44,9910.65,154345.24,344.82,15434.52,,170124.59,0.0,Cash,2024-10-03,Paid,unpaid,970.69,0,UNKNOWN,2024-09-05 20:23:12,Invalid or missing billing amount
BILL00020485,CUST001319,MTR001319,,2024-04-01,2024-04-30,2024-05-05,2024-05-27,31247.34,9841.64,18822.87,264202.39,163.41,26420.24,,290786.04,0.0,Cheque,2024-05-12,Paid,Unpaid,4348.92,0,1278.91,2024-05-05 01:33:39,Invalid or missing billing amount
BILL00014233,CUST000946,MTR000946,RP001,2023-05-01,2023-05-31,2023-06-05,2023-06-21,2095.41,978.12,1110.49,16410.99,413.38,1641.1,,18465.46,0.0,Cash,2023-06-13,Paid,Disputed,4087.72,0,578.4,2023-06-05 20:11:37,Invalid or missing billing amount
BILL00023313,CUST002501,MTR002501,RP004,2023-02-01,2023-02-28,,2023-03-26,0,6463.83,12241.12,174914.82,426.09,17491.48,,0.0,0.0,,,Generated,Unpaid,3089.13,0,1019.55,2023-03-05 08:56:54,Invalid or missing billing amount
BILL00017493,CUST002726,MTR002726,RP004,2023-12-01,2023/12/31,2024-01-05,2024-01-30,2473.34,886.55,1684.82,19623.39,245.74,1962.34,,0.0,21831.47,,,Disputed,Disputed,2819.12,0,1731.83,2024-01-05 18:28:08,Invalid or missing billing amount
BILL00015621,CUST000580,MTR000580,,2024-04-01,2024-04-30,2024-05-05,2024-05-24,297.81,121.2,165.53,1437.95,127.56,143.8,,1709.32,0.0,Cheque,2024-05-23,Paid,Overdue,3716.21,,741.35,2024-05-05 23:12:51,Invalid or missing billing amount
BILL00013510,CUST002335,MTR002335,RP004,,2023-05-31,2023-06-05,2023-06-16,260.73,0,136.61,1234.02,463.72,123.4,,1821.14,0.0,Auto Debit,2023-06-29,Paid,Written Off,869.58,76.52,1570.72,2023-06-05 03:37:47,Invalid or missing billing amount
BILL00010452,CUST001098,MTR001098,RP005,2023-02-01,2023-02-28,2023-03-05,2023-03-30,101.64,40.76,61.39,359.02,236.17,35.9,,,0.0,Cash,2023-04-02,Paid,disputed,2505.13,163.78,1156.93,2023-03-05 10:31:17,Invalid or missing billing amount
BILL00008290,CUST003497,MTR003497,RP005,2023-03-01,2023-03-31,2023-04-05,2023-04-27,2449.32,1034.51,1673.24,19419.22,354.18,1941.92,,21715.32,0.0,Cash,,Paid,Unpaid,2176.5,0,756.08,2023-04-05 18:58:51,Invalid or missing billing amount
BILL00021216,CUST099878,MTR002185,RP001,2023-06-01,2023-06-30,2023-07-05,2023-07-25,118.11,42.54,72.26,449.61,186.52,44.96,,681.08,0.0,Auto Debit,2023-08-05,Paid,Unpaid,835.78,67.93,1569.45,2023-07-05 04:32:00,Invalid or missing billing amount
BILL00001913,CUST001400,MTR001400,RP002,2024-12-01,2024-12-31,2025-01-05,2025-01-18,623.53,302.83,338.36,3900.0,104.98,390.0,,4394.98,0.0,,2025-01-28,Paid,Unpaid,4217.1,149.48,847.76,2025-01-05 20:01:18,Invalid or missing billing amount
BILL00017051,CUST003658,MTR003658,-,2024-03-01,2024-03-31,2024-04-05,2024-04-24,17063.7,6116.79,10390.58,143641.45,475.33,14364.15,,158480.93,0.0,Bank Transfer,2024-05-05,Paid,Partial,3363.32,0,288.76,2024-04-05 20:03:04,Invalid or missing billing amount
BILL00003164,CUST002825,MTR002825,RP003,2024-08-01,2024-08-31,2024-09-05,2024-09-22,270.91,113.12,140.78,1290.01,310.27,129.0,,0.0,1729.28,,,Overdue,Overdue,692.49,184.36,1853.11,2024-09-05 15:26:35,Invalid or missing billing amount
BILL00010718,CUST000483,MTR000483,RP001,2023-10-01,2023-10-31,2023-11-05,2023-11-24,213.09,106.43,,972.0,394.75,97.2,,0.0,1463.94,,,Revised,Unpaid,82.07,105.61,1296.77,2023-11-05 19:38:44,Invalid or missing billing amount
BILL00013717,CUST004605,MTR004605,RP003,2023-06-01,,2023-07-05,2023-07-22,94.54,36.55,,330.89,160.91,33.09,,524.89,,Cheque,2023-07-20,Paid,Paid,2602.19,,16.22,,Invalid or missing billing amount
BILL00020252,CUST004832,MTR004832,RP006,2023-06-01,2023-06-30,2023-07-05,,114.24,38.09,62.25,428.32,215.94,42.83,,687.09,0.0,-,2023-07-07,Paid,Written Off,4091.33,0,348.18,2023-07-05 01:22:04,Invalid or missing billing amount
BILL00002651,CUST001911,MTR001911,RP004,2023-07-01,2023-07-31,2023-08-05,2023-08-18,272.36,124.24,,1297.98,401.7,129.8,,0.0,1829.48,,,GENERATED,Partial,3113.68,72.6,1049.35,,Invalid or missing billing amount
BILL00010126,CUST001115,MTR001115,RP003,2023-12-01,2023-12-31,2024-01-05,2024-01-26,68.85,33.93,37.18,240.97,394.65,24.1,,659.72,0.0,Cheque,2024-01-29,-,Partial,2723.8,0,1747.81,2024-01-05 17:05:41,Invalid or missing billing amount
BILL00017216,CUST001528,MTR001528,RP003,2023-10-01,2023-10-31,,2023-11-15,373.0,128.23,252.87,1961.0,236.57,196.1,,2393.67,0.0,Cheque,2023-11-06,PAID,Written Off,4465.14,131.04,474.67,2023-11-05 10:50:16,Invalid or missing billing amount
BILL00020585,CUST001007,MTR001007,RP003,2024-01-01,2024-01-31,2024-02-05,2024-02-17,284.4,127.73,167.62,1364.2,88.32,136.42,,1588.94,0.0,Cash,2024-02-13,Paid,Paid,2587.88,91.86,620.5,2024-02-05 20:51:04,Invalid or missing billing amount
BILL00001244,CUST002612,MTR002612,RP003,2023-02-01T00:00:00Z,2023-02-28,2023-03-05,2023-03-19,328.21,159.1,167.47,1647.47,381.28,164.75,,0.0,2193.5,,,Generated,Written Off,4610.96,97.96,1354.89,2023-03-05 19:20:54,Invalid or missing billing amount
BILL00022157,CUST004525,,RP003,2024-10-01,2024-10-31,2024-11-05,,1649.14,679.4,1090.09,12617.69,266.75,1261.77,,0.0,14146.21,,,-,,2898.32,0,1004.22,2024-11-05 08:34:57,Invalid or missing billing amount
BILL00004515,CUST003310,MTR003310,RP001,2024-11-01,0,2024-12-05,2024-12-21,377.08,147.7,,1989.56,67.93,198.96,,0.0,2256.45,,,Revised,Written Off,266.51,55.98,1776.24,,Invalid or missing billing amount
BILL00008730,CUST004039,MTR004039,RP002,2023-10-01,2023-10-31,2023-11-05,2023-11-15,240.01,108.22,140.46,1120.05,,112.01,,0.0,1645.15,,,Disputed,Overdue,2349.66,133.3,1979.97,2023-11-05 03:08:48,Invalid or missing billing amount
BILL00022604,CUST003921,MTR003921,RP006,2023-09-01,2023-09-30,2023-10-05,2023-10-23,251.24,100.62,145.91,1181.82,184.76,118.18,,0.0,1484.76,,,Sent,Disputed,2478.27,106.23,1942.17,2023-10-05 20:06:36,Invalid or missing billing amount
BILL00007087,CUST001458,MTR001458,RP002,,2024-02-29,,2024-03-17,163.76,,103.02,700.68,95.41,70.07,,866.16,0.0,Auto Debit,2024-03-31,Paid,Disputed,4998.34,198.17,945.06,2024-03-05 22:52:43,Invalid or missing billing amount
BILL00022408,CUST004717,MTR004717,RP004,2023-08-01,0,2023-09-05,2023-09-24,2947.76,931.19,1669.11,23655.96,379.59,2365.6,,0.0,26401.15,,,,,1352.62,0,1609.45,2023-09-05 16:51:10,Invalid or missing billing amount
BILL00021446,CUST002784,MTR002784,RP001,2023-01-01,2023-01-31,2023-02-05,2023-02-17,1464.26,449.77,934.34,11046.21,83.47,1104.62,,0.0,12234.3,,,Revised,Unpaid,UNKNOWN,0,329.75,2023-02-05 17:32:14,Invalid or missing billing amount
BILL00017965,CUST001794,MTR001794,RP006,2023-11-01,2023-11-30,2023-12-05,2023-12-24,263.74,82.34,153.33,1250.57,289.01,125.06,,0.0,1664.64,,,Revised,Unpaid,2438.25,197.71,1018.2,2023-12-05 18:50:24,Invalid or missing billing amount
BILL00014136,CUST002333,MTR002333,RP006,2024-09-01,2024-09-30,2024-10-05,2024-10-23,62.41,30.62,32.13,218.44,265.5,21.84,,0.0,505.77,,,Cancelled,Disputed,2211.58,79.14,638.52,2024-10-05 07:09:25,Invalid or missing billing amount
BILL00021835,CUST001265,MTR001265,RP005,2024-02-01,2024-02-29,,2024-03-27,40037.77,12798.68,21396.95,338921.04,418.02,33892.1,,373231.16,0.0,Cheque,2024-03-12,Paid,Unpaid,4325.98,0,436.6,2024-03-05 04:01:23,Invalid or missing billing amount
BILL00015729,CUST003746,MTR003746,RP004,2024-07-01,2024-07-31,2024-08-05,2024-08-27,218.09,74.85,141.4,999.5,149.81,99.95,,0.0,1249.25,,,Generated,Partial,3529.66,165.08,1588.42,2024-08-05 20:37:30,Invalid or missing billing amount
BILL00013960,CUST000009,MTR000009,RP006,1696118400,,2023-11-05,2023-11-28,181.57,56.4,116.28,798.63,347.92,79.86,,1226.41,0.0,Cheque,2023-12-03,Paid,Written Off,2141.34,103.17,359.78,2023-11-05 18:42:16,Invalid or missing billing amount
BILL00022204,CUST002407,MTR002407,RP003,01/10/2024,2024-10-31,2024-11-05,2024-11-15,306.39,128.35,175.99,1494.73,163.84,149.47,,1808.04,0.0,Cheque,2024-11-17,Paid,Written Off,4128.37,0,1911.44,2024-11-05 13:32:40,Invalid or missing billing amount
BILL00010620,CUST004626,MTR004626,RP006,2023-04-01,2023-04-30,2023-05-05,2023-05-28,1048.02,463.65,713.81,7508.17,,750.82,,8437.9,0.0,Mobile App,2023-05-30,Paid,Disputed,2690.53,107.82,,2023-05-05 10:20:09,Invalid or missing billing amount
BILL00003580,CUST002735,MTR002735,RP006,2023-03-01,2023-03-31,2023-04-05,2023-04-17,325.18,113.77,175.65,1626.26,441.12,162.63,,2230.01,0.0,Cash,2023-04-03,Paid,Disputed,4017.81,50.72,1983.02,2023-04-05 15:08:18,Invalid or missing billing amount
BILL00001270,CUST000937,MTR000937,RP005,2023-02-01,2023-02-28,2023-03-05,,359.81,123.14,236.02,1868.67,229.99,186.87,,2285.53,0.0,Bank Transfer,2023-03-20,Paid,Written Off,2866.0,43.06,726.2,2023-03-05 06:48:31,Invalid or missing billing amount
BILL00020847,CUST001402,MTR001402,RP001,2023-03-01,2023-03-31,2023-04-05,,18866.21,7349.2,10669.38,158962.79,375.11,15896.28,,0.0,175234.18,,,Disputed,Unpaid,1053.93,0,1635.12,2023-04-05 20:49:20,Invalid or missing billing amount
BILL00019459,CUST004821,MTR004821,RP003,2023-09-01,2023-09-30,2023-10-05,2023-10-29,754.41,,384.0,5012.48,266.53,501.25,,5780.27,0.0,Auto Debit,2023-10-28,0,Disputed,4398.2,181.91,1755.59,2023-10-05 13:33:44,Invalid or missing billing amount
BILL00011527,CUST004876,MTR004876,RP004,2024-11-01,2024-11-30,2024-12-05,2024-12-15,230.2,101.98,160.7,1066.1,425.93,-,,1598.64,0.0,MOBILE APP,2024-12-15,Paid,Disputed,4392.45,96.63,823.81,2024-12-05 21:38:47,Invalid or missing billing amount
BILL00000283,CUST002657,MTR002657,RP005,2024-08-01,2024-08-31,2024-09-05,,773.89,261.06,491.3,5178.07,226.02,,,0.0,5921.89,,,Generated,Paid,1219.66,82.18,809.89,2024-09-05 09:28:22,Invalid or missing billing amount
BILL00000412,CUST004230,MTR004230,RP003,2023-12-01,2023-12-31,2024-01-05,2024-01-19,,123.33,192.33,1913.54,365.9,191.35,,0.0,2470.79,,,Disputed,Disputed,4639.57,105.37,357.95,2024-01-05 01:50:45,Invalid or missing billing amount
BILL00017967,CUST000139,MTR000139,,2024-09-01,2024-09-30,2024-10-05,2024-10-21,161.02,64.4,96.54,685.61,217.05,68.56,,971.22,0.0,Cheque,,Paid,Paid,2054.96,49.89,1487.17,2024-10-05 02:16:37,Invalid or missing billing amount
BILL00020157,CUST000151,MTR000151,RP004,1717200000,2024-06-30,2024-07-05,2024-07-22,983.07,390.29,528.89,6956.1,438.04,695.61,,0.0,8089.75,,,Generated,Disputed,1119.81,,384.83,2024-07-05 10:34:40,Invalid or missing billing amount
BILL00005883,CUST001812,MTR001812,,2024-10-01,2024-10-31,2024-11-05,2024-11-19,2294.61,1031.47,1283.34,18104.19,337.83,1810.42,,20252.44,0.0,Cash,2024-11-29,Paid,Overdue,3726.5,0,1635.74,2024-11-05 19:48:29,Invalid or missing billing amount
BILL00002284,CUST002369,MTR002369,RP003,2023-04-01,2023-04-30,2023-05-05,2023-05-16,74.73,26.94,50.08,,169.8,26.16,,457.52,0.0,Auto Debit,2023-05-17,Paid,Overdue,2580.16,0,435.01,2023-05-05 00:57:58,Invalid or missing billing amount
BILL00002800,CUST003123,MTR003123,RP006,2023-03-01,2023-03-31,2023-04-05,2023-04-15,251.18,114.03,141.32,1181.49,141.27,118.15,,1440.91,0.0,Cash,2023-04-06,Paid,Unpaid,4221.49,32.98,1999.37,2023-04-05 03:45:24,Invalid or missing billing amount
BILL00016583,CUST003828,MTR003828,RP002,2023-06-01,2023-06-30,2023-07-05,2023-07-23,104.3,48.38,56.33,373.65,301.77,37.37,,0.0,712.79,,,Sent,Partial,596.44,195.07,104.55,2023-07-05 02:42:27,Invalid or missing billing amount
BILL00024321,CUST000378,MTR000378,RP001,2024-05-01,2024-05-31,2024-06-05,2024-06-24,103.44,46.13,62.52,368.92,69.53,36.89,,0.0,475.34,,,Disputed,Partial,4357.19,0,30.05,,Invalid or missing billing amount
BILL00000756,CUST001894,MTR001894,RP005,2024-12-01,2024-12-31,,2025-01-25,198.22,64.06,103.3,890.21,103.47,89.02,,0.0,1082.7,,,,Overdue,4134.25,1.5,,2025-01-05 09:27:06,Invalid or missing billing amount
BILL00014734,CUST004507,MTR004507,RP004,0,2024-06-30,2024-07-05,,228.15,100.73,,1054.83,93.75,105.48,,1254.05,0.0,Cash,2024-07-17,Paid,UNPAID,4042.79,84.42,,,Invalid or missing billing amount
BILL00002093,CUST004414,MTR004414,RP004,2024-09-01,30/09/2024,2024-10-05,2024-10-24,1628.11,530.93,904.93,12438.93,60.18,1243.89,,,0.0,Mobile App,2024-11-05,Paid,Paid,2213.65,0,-,2024-10-05 02:49:18,Invalid or missing billing amount
BILL00005753,,MTR002807,RP005,2024-03-01,2024-03-31,2024-04-05,,212.65,65.02,119.96,969.58,271.77,96.96,,,1338.3,,,Overdue,Unpaid,3155.76,196.96,735.74,2024-04-05 01:48:37,Invalid or missing billing amount
BILL00013458,CUST000659,MTR000659,RP001,2023-02-01,2023-02-28,,2023-03-30,,62.1,92.37,694.3,440.54,69.43,,1204.27,0.0,Auto Debit,2023-04-12,Paid,Disputed,1815.27,36.17,969.27,2023-03-05 07:50:09,Invalid or missing billing amount
BILL00014223,CUST000600,MTR000600,RP004,2024-11-01,2024-11-30,2024-12-05,2024-12-26,239.56,84.27,141.66,1117.58,413.73,111.76,,1643.07,0.0,Cash,2025-01-04,Paid,Partial,1151.01,64.79,718.07,,Invalid or missing billing amount
BILL00016416,,MTR004627,RP003,2023-01-01,2023-01-31,2023-02-05,2023-02-16,1466.8,664.74,1007.65,11067.8,152.65,1106.78,,0.0,12327.23,,,Overdue,Written Off,0,0,981.7,2023-02-05 17:56:48,Invalid or missing billing amount
BILL00009843,CUST003311,MTR003311,RP005,2023-11-01,2023-11-30,2023-12-05,2023-12-22,2046.11,742.91,1258.28,15991.93,155.57,1599.19,,0.0,17746.7,,,Cancelled,Disputed,1043.92,0,421.93,2023-12-05 05:21:42,Invalid or missing billing amount
BILL00006743,CUST000535,MTR000535,RP001,2024-01-01,2024-01-31,2024-02-05,2024-03-01,2082.86,842.51,1370.94,16304.31,212.32,1630.43,,0.0,18147.06,,,Revised,Partial,609.28,0,,2024-02-05 16:35:11,Invalid or missing billing amount
BILL00008685,CUST002460,MTR002460,RP002,2023-11-01,2023-11-30,2023-12-05,2023-12-19,339.65,160.6,209.39,1727.55,443.69,172.75,,2343.99,0.0,Online,2023-12-13,Paid,Partial,3117.25,189.9,239.25,2023-12-05 23:18:56,Invalid or missing billing amount
BILL00005354,CUST002490,MTR002490,,1717200000,2024-06-30,2024-07-05,2024-07-16,269.51,,158.61,0,327.81,128.23,,0.0,1738.34,,,Generated,Overdue,2750.11,80.87,53.77,2024-07-05 11:55:57,Invalid or missing billing amount
BILL00002151,CUST001558,MTR001558,RP005,2023-05-01,2023-05-31,2023-06-05,2023-06-25,155.62,65.18,107.95,655.91,405.43,65.59,,0.0,1126.93,,,overdue,Paid,3066.41,123.85,1314.01,2023-06-05 19:44:11,Invalid or missing billing amount
BILL00011380,CUST000179,MTR000179,RP001,2024-04-01,2024-04-30,,2024-05-27,706.83,,456.42,4608.06,-,460.81,,5254.55,0.0,Online,2024-05-14,Paid,Disputed,986.49,190.45,965.39,2024-05-05 10:10:43,Invalid or missing billing amount
BILL00013745,CUST003411,MTR003411,RP004,2024-02-01,2024-02-29,2024-03-05,2024-03-29,316.11,138.85,186.85,1562.77,286.1,156.28,,2005.15,0.0,Online,2024-03-12,Paid,Paid,1636.63,97.33,1672.52,2024-03-05 16:59:44,Invalid or missing billing amount
BILL00012065,CUST000922,MTR000922,RP003,2023-06-01,2023-06-30,2023-07-05,2023-07-17,2129.8,862.24,1306.8,16703.3,135.23,1670.33,,0.0,18508.86,,,Disputed,Unpaid,1155.44,0,536.24,,Invalid or missing billing amount
BILL00005397,CUST003049,MTR003049,-,2023-10-01,2023-10-31,2023-11-05,2023-11-16,,10404.02,17748.29,250699.12,357.06,25069.91,,276126.09,0.0,Cheque,2023-11-22,PAID,Paid,3997.96,0,245.89,2023-11-05 05:10:10,Invalid or missing billing amount
BILL00013483,CUST003427,MTR003427,RP005,2023-01-01,2023-01-31,2023-02-05,2023-02-22,261.79,109.52,147.09,1239.85,-,123.98,,0.0,1681.63,,,Disputed,Paid,2656.8,0,1682.97,2023-02-05 08:51:37,Invalid or missing billing amount
BILL00000799,CUST003069,MTR003069,RP005,2023-08-01,,2023-09-05,2023-09-22,299.05,104.8,177.94,1444.78,65.61,144.48,,0.0,1654.87,,,Overdue,Partial,988.51,198.13,546.71,2023-09-05 18:46:58,Invalid or missing billing amount
BILL00010860,,MTR004917,RP001,2023-12-01,2023-12-31,2024-01-05,2024-01-24,150.69,67.01,91.18,628.79,190.12,62.88,,881.79,0.0,Cash,2024-01-26,Paid,Overdue,929.79,142.02,1141.0,2024-01-05 08:41:10,Invalid or missing billing amount
BILL00021112,CUST004577,MTR004577,RP004,2023-06-01,,2023-07-05,2023-07-23,178.73,62.47,97.32,783.01,199.94,78.3,,0.0,1061.26,,,Overdue,Overdue,3852.37,178.85,572.74,2023-07-05 17:50:35,Invalid or missing billing amount
BILL00019041,CUST003734,MTR003734,RP006,2024-04-01,2024-03-31,2024-05-05,2024-05-18,39912.61,12031.91,23627.94,337857.18,239.9,33785.72,,0.0,371882.81,,,Sent,Overdue,2889.98,0,1120.86,2024-05-05 04:48:45,Invalid or missing billing amount
BILL00003049,0,MTR000288,RP003,2024-02-01,2024-02-29,2024-03-05,,257.84,109.55,153.86,1218.12,457.25,121.81,,0.0,1797.18,,,Disputed,Paid,4747.33,128.57,891.54,2024-03-05 12:31:10,Invalid or missing billing amount
BILL00002413,CUST004271,MTR004271,RP001,2024-12-01,0,2025-01-05,2025-01-21,150.27,63.1,99.32,626.49,252.71,62.65,,941.85,0.0,Auto Debit,2025-01-19,Paid,Disputed,2153.39,54.63,1693.67,2025-01-05 20:22:33,Invalid or missing billing amount
BILL00020511,CUST001806,MTR001806,RP001,2024-06-01,2024-06-30,2024-07-05,2024-07-16,258.74,121.61,160.87,1223.07,499.89,122.31,,0.0,1845.27,,,Disputed,Disputed,2690.19,91.89,1035.06,2024-07-05 20:00:30,Invalid or missing billing amount
BILL00019003,CUST001313,MTR001313,RP004,,2023-11-30,2023-12-05,2023-12-22,210.01,98.69,0,955.05,468.19,95.51,,0.0,1518.75,,,Overdue,Unpaid,1820.57,79.86,29.57,,Invalid or missing billing amount
BILL00008669,CUST000726,MTR000726,RP002,-,2023-11-30,2023-12-05,2023-12-19,2465530.0,1039.25,1423.25,19557.01,438.91,1955.7,,21951.62,0.0,cash,2023-12-18,Paid,Overdue,1177.56,0,1436.47,2023-12-05 17:06:40,Invalid or missing billing amount
BILL00007081,CUST001132,MTR001132,RP003,2024-12-01,2024-12-31,2025-01-05,2025-01-25,368.17,160.39,201.73,1927.19,371.34,192.72,,2491.25,0.0,Bank Transfer,,Paid,Paid,4514.45,UNKNOWN,1850.97,2025-01-05 18:42:20,Invalid or missing billing amount
BILL00023887,CUST001759,MTR001759,RP002,2023-09-01,2023-09-30,2023-10-05,2023-10-20,994.39,453.23,533.96,7052.31,173.1,705.23,,7930.64,0.0,Auto Debit,2023-10-23,Paid,Paid,3011.25,24.89,824.41,2023-10-05 08:34:13,Invalid or missing billing amount
BILL00015338,CUST004859,MTR004859,RP001,2024-05-01,2024-05-31,2024-06-05,2024-06-22,325.96,130.29,221.33,1631.72,438.37,163.17,,2233.26,0.0,Auto Debit,2024-06-28,Paid,DISPUTED,375.4,110.44,956.68,,Invalid or missing billing amount
BILL00009023,CUST004762,MTR004762,RP002,2023-10-01,2023-10-31,2023-11-05,2023-11-16,0.17181,68.97,105.73,744.96,394.11,74.5,,1213.57,0.0,Online,,Paid,Unpaid,3632.08,62.66,914.32,2023-11-05 07:54:32,Invalid or missing billing amount
BILL00012082,CUST004745,MTR004745,RP005,01-08-2024,2024-08-31,,2024-09-21,870.05,290.62,448.71,5995.42,193.95,599.54,,0.0,6788.92,,,generated,Disputed,2422.82,82.91,949.83,,Invalid or missing billing amount
BILL00018717,CUST000148,MTR000148,RP003,2024-05-01,2024-05-31,2024-06-05,2024-06-26,255.17,83.05,145.58,1203.43,150.84,120.34,,0.0,1474.61,,,Overdue,Overdue,1254.28,23.42,1266.22,2024-06-05 07:07:08,Invalid or missing billing amount
BILL00005210,CUST003888,MTR003888,RP003,,2024-02-29,2024-03-05,,2401900.0,1021.78,1451.96,19016.15,421.07,0,,0.0,21338.84,,,Generated,paid,4250.12,0,1150.68,2024-03-05 04:02:57,Invalid or missing billing amount
BILL00004135,CUST000205,MTR000205,RP005,2024-06-01,2024-06-30,2024-07-05,2024-07-25,15748.58,7628.48,9781.17,132462.93,130.59,13246.29,,0.0,145839.81,,,Cancelled,Unpaid,3201.68,0,354.07,2024-07-05 13:11:56,Invalid or missing billing amount
BILL00017439,CUST004078,MTR004078,RP004,2023-07-01,2023-07-31,2023-08-05,2023-08-23,1239.16,380.27,735.14,9132.86,285.93,913.29,,10332.08,0.0,Auto Debit,2023-08-14,Paid,Partial,3020.5,0,1027.45,2023-08-05 01:08:04,Invalid or missing billing amount
BILL00016671,CUST003937,MTR003937,RP005,2023-03-01,2023-03-31,2023-04-05,2023-04-22,272.25,106.86,170.3,1297.38,380.49,129.74,,1807.61,0.0,Cash,2023-04-24,Paid,Paid,0,79.26,146.53,2023-04-05 17:38:14,Invalid or missing billing amount
BILL00011409,CUST004400,MTR004400,RP006,-,2024-05-31,2024-06-05,2024-06-28,1625.24,597.22,909.85,12414.54,118.2,1241.45,,0.0,13774.19,,,Generated,Disputed,297.1,0,643.2,2024-06-05 05:02:18,Invalid or missing billing amount
BILL00022909,CUST001815,MTR001815,RP005,2023-09-01,2023-09-30,2023-10-05,2023-10-16,,105.69,169.48,1235.22,91.29,123.52,,0.0,1450.04,,,Generated,Paid,4272.64,139.01,967.52,2023-10-05 13:28:36,Invalid or missing billing amount
BILL00011752,CUST004621,MTR004621,RP006,2024-10-01,2024-10-31,2024-11-05,,283.17,97.58,167.01,,444.61,135.74,,0.0,1937.79,,,Revised,Paid,1475.43,0,1230.54,2024-11-05 02:53:01,Invalid or missing billing amount
BILL00014468,CUST000775,MTR000775,RP005,2023-12-01,2023-12-31,,2024-01-15,259.52,109.44,160.98,1227.36,449.58,122.74,,0.0,1799.68,,,Revised,,4122.59,4.86,1622.89,2024-01-05 00:43:32,Invalid or missing billing amount
BILL00016927,CUST003240,MTR003240,RP003,2024-03-01,2024-03-31,2024-04-05,,1516.95,674.33,1005.55,11494.08,341.94,1149.41,,0.0,12985.42,,,Overdue,Unpaid,206.63,0,1654.68,2024-04-05 14:27:25,Invalid or missing billing amount
BILL00021639,CUST002665,MTR002665,RP002,2023-03-01,2023-03-31,2023-04-05,2023-04-25,1011.23,320.49,655.03,7195.45,150.76,719.55,,8065.77,0.0,,2023-04-12,Paid,Disputed,3415.76,113.82,244.82,2023-04-05 01:55:39,Invalid or missing billing amount
BILL00001569,CUST001115,MTR001115,RP003,2023-06-01,2023-06-30,2023-07-05,2023-07-20,92.77,30.98,46.73,324.69,494.12,32.47,,851.29,0.0,Online,2023-07-03,Paid,,4664.78,0,1174.3,2023-07-05 21:36:50,Invalid or missing billing amount
BILL00011078,CUST004497,MTR004497,RP003,,2023-02-28,2023-03-05,,374.7,115.8,254.33,1972.9,329.33,197.29,,2499.52,0.0,Cash,2023-04-02,Paid,Paid,3834.0,70.63,1368.62,2023-03-05 02:52:19,Invalid or missing billing amount
BILL00010408,CUST000924,MTR000924,RP003,2024-02-01,0,2024-03-05,2024-03-22,72.78,22.98,47.49,254.73,307.98,25.47,,588.18,0.0,Cash,2024-04-05,Paid,Partial,1761.63,116.76,1069.25,2024-03-05 23:38:09,Invalid or missing billing amount
BILL00014428,CUST004607,MTR004607,RP003,2023-03-01,2023-03-31,2023-04-05,2023-04-19,65.3,30.33,-,228.55,478.71,22.86,,0.0,730.12,,,Overdue,Overdue,2514.17,0,960.59,2023-04-05 15:36:49,Invalid or missing billing amount
BILL00001510,CUST004304,MTR004304,RP003,2023-03-01,,2023-04-05,2023-04-30,171.67,75.5,88.42,744.18,472.33,74.42,,1290.94,0.0,Mobile App,2023-05-02,Paid,Overdue,4239.92,13.97,180.83,,Invalid or missing billing amount
BILL00000876,CUST000076,MTR000076,RP001,2024-11-01,2024-11-30,2024-12-05,2024-12-19,306.24,103.58,,1493.68,87.45,149.37,,1730.5,0.0,Bank Transfer,2024-11-30,Paid,,2930.96,0,437.85,2024-12-05 16:03:31,Invalid or missing billing amount
BILL00014460,CUST001032,MTR001032,RP005,UNKNOWN,2024-11-30,2024-12-05,2024-12-30,1732.34,669.25,1084.8,13324.89,457.18,1332.49,,15114.56,0.0,Cash,2024-12-26,Paid,Partial,330.53,0,597.12,2024-12-05 05:25:32,Invalid or missing billing amount
BILL00023618,CUST003482,MTR003482,RP003,2023-07-01,2023-07-31,2023-08-05,2023-08-23,224.01,109.46,,1032.05,111.66,103.21,,0.0,1246.93,,,Overdue,Partial,1316.86,91.98,1835.67,2023-08-05 02:04:41,Invalid or missing billing amount
BILL00014717,CUST001827,MTR001827,RP002,2024-10-01,2024-10-31,2024-11-05,2024-11-18,,148.22,160.19,1439.88,333.48,143.99,,1917.35,0.0,Auto Debit,2024-11-02,PAID,Overdue,4223.44,60.33,1845.92,2024-11-05 09:55:51,Invalid or missing billing amount
BILL00014591,CUST001667,MTR001667,RP001,2024-11-01,2024-11-30,2024-12-05,2024-12-22,222.79,93.86,115.81,1025.34,112.85,102.53,,1240.72,0.0,Bank Transfer,2024-12-26,Paid,,0,19.38,1166.69,2024-12-05 04:58:06,Invalid or missing billing amount
BILL00011241,CUST000060,MTR000060,RP003,2023-05-01,2023-05-31,2023-06-05,2023-06-21,,130.09,,1946.65,160.59,194.66,,0.0,2301.9,,,Generated,Unpaid,3572.76,163.31,976.05,2023-06-05 23:59:54,Invalid or missing billing amount
BILL00003982,CUST001567,,RP004,2023-05-01,2023-05-31,,2023-06-22,2360.84,969.99,UNKNOWN,18667.14,157.24,1866.71,,0.0,20691.09,,,Cancelled,Unpaid,2388.94,0,,,Invalid or missing billing amount
BILL00015776,CUST002915,MTR002915,UNKNOWN,2023-03-01,2023-03-31,2023-04-05,,,132.99,162.48,1324.77,305.39,132.48,,1762.63,0.0,Mobile App,2023-05-05,Paid,Disputed,UNKNOWN,77.23,-,,Invalid or missing billing amount
BILL00010721,CUST003101,MTR003101,RP001,-,2023-04-30,2023-05-05,2023-05-22,171.92,64.18,115.52,745.56,437.64,74.56,,1257.76,0.0,-,2023-05-26,,Paid,560.7,,,2023-05-05 07:23:58,Invalid or missing billing amount
BILL00019679,CUST001909,MTR001909,RP001,2023-08-01,1693440000,2023-09-05,2023-09-27,197.22,87.15,116.69,884.71,144.39,88.47,,1117.57,0.0,Cash,2023-10-10,Paid,Unpaid,4059.42,166.46,1523.83,2023-09-05 03:35:22,Invalid or missing billing amount
BILL00020460,CUST004418,MTR004418,RP004,2024-12-01,1735603200,2025-01-05,2025-01-23,2067.87,,,16176.89,473.66,-,,0.0,18268.24,,,Generated,Disputed,3431.38,0,1750.71,2025-01-05 12:38:53,Invalid or missing billing amount
BILL00017674,CUST003302,UNKNOWN,RP002,2024-02-01,2024-02-29,2024-03-05,2024-03-16,283.43 kWh,138.74,194.91,1358.87,98.78,135.89,,0.0,1593.53,,,Overdue,Disputed,4663.12,38.04,,,Invalid or missing billing amount
BILL00015421,CUST004825,MTR004825,RP002,2024-02-01,2024-02-29,2024-03-05,2024-03-26,160.41,54.6,99.3,682.25,102.4,68.23,,852.88,0.0,Auto Debit,,Paid,Partial,4329.23,0,166.01,2024-03-05 22:40:52,Invalid or missing billing amount
BILL00010623,CUST004209,MTR004209,RP002,2024-04-01,2024-04-30,2024-05-05,2024-05-23,2026.84,870.92,1299.13,15828.14,379.79,1582.81,,17790.74,0.0,Cheque,2024-05-29,Paid,Partial,512.2,0,1940.4,2024-05-05 03:50:46,Invalid or missing billing amount
BILL00018215,CUST004164,MTR004164,RP001,2024-02-01,2024-02-29,2024-03-05,2024-03-29,873.93,323.96,562.94,6028.4,83.56,602.84,,6714.81,0.0,Cash,2024-04-02,Paid,Overdue,1708.24,116.62,1402.91,2024-03-05 19:17:05,Invalid or missing billing amount
BILL00002405,CUST000721,MTR000721,RP001,2023-01-01,2023-01-31,,2023-02-26,2408.54,786.8,1348.94,19072.59,207.74,1907.26,,21187.59,0.0,Online,,Paid,Unpaid,618.83,0,1797.56,2023-02-05 22:50:14,Invalid or missing billing amount
BILL00016214,UNKNOWN,MTR002364,RP004,2023-05-01,2023-05-31,2023-06-05,2023-06-21,17658.34,5748.01,10465.17,148695.89,164.78,14869.59,,163730.26,0.0,Cash,,,Partial,4570.53,0,1154.55,2023-06-05 23:39:56,Invalid or missing billing amount
BILL00014860,CUST000080,MTR000080,RP004,2024-07-01,31/07/2024,,2024-08-21,111.66,37.77,72.53,414.13,377.64,41.41,,0.0,833.18,,,Generated,,2461.86,23.13,402.42,2024-08-05 03:35:17,Invalid or missing billing amount
BILL00006987,CUST002269,MTR002269,RP003,2024-03-01,2024-03-31,2024-04-05,2024-04-28,188.42,0,,836.31,121.35,83.63,,1041.29,0.0,Cash,,Paid,Paid,1157.22,45.05,1867.02,2024-04-05 02:46:34,Invalid or missing billing amount
BILL00013610,CUST002077,MTR002077,RP003,2023-11-01,2023-11-30,2023-12-05,2023-12-23,693.03,279.15,481.64,4490.75,242.36,449.08,,0.0,5182.2,,,SENT,UNKNOWN,272.14,160.5,1535.71,,Invalid or missing billing amount
BILL00012583,CUST004333,MTR004333,RP004,2023-11-01,2023-11-30,,2023-12-24,1361.5,658.28,856.18,,111.67,1017.28,,0.0,11301.7,,,Sent,,2706.88,0,1266.72,2023-12-05 16:31:48,Invalid or missing billing amount
BILL00012890,CUST000198,MTR000198,RP003,2024-07-01,2024-07-31,2024-08-05,,224.49,106.87,132.32,,161.03,103.47,,1299.19,0.0,Cash,2024-08-03,Paid,Written Off,577.78,110.67,1463.15,,Invalid or missing billing amount
BILL00008572,CUST004675,MTR004675,RP003,2023-03-01,2023-03-31,2023-04-05,2023-04-24,193.07,78.15,105.32,861.88,458.82,86.19,,1406.89,0.0,Online,2023-04-16,Paid,Paid,2980.01,104.56,897.45,2023-04-05 21:07:53,Invalid or missing billing amount
BILL00023353,CUST002867,MTR002867,,2024-11-01,2024-11-30,2024-12-05,2024-12-25,134.05,56.06,92.54,537.28,474.75,53.73,,1065.76,0.0,Auto Debit,2024-12-24,Paid,Written Off,1653.82,102.76,771.68,2024-12-05 10:03:00,Invalid or missing billing amount
BILL00012813,CUST004637,MTR004637,RP006,2024-02-01,29-02-2024,2024-03-05,2024-03-27,308.99,113.57,208.01,1512.93,355.15,151.29,,2019.37,0.0,Cheque,2024-04-09,Paid,Partial,478.51,181.76,1132.5,2024-03-05 01:47:01,Invalid or missing billing amount
BILL00000252,CUST004039,MTR004039,RP002,2023-12-01,2023-12-31,2024-01-05,,39.94,19.64,UNKNOWN,139.79,160.19,13.98,,0.0,313.96,,,,Paid,2814.74,194.52,1538.96,2024-01-05 21:41:23,Invalid or missing billing amount
BILL00014854,CUST001016,MTR001016,RP004,2024-11-01,2024-11-30,2024-12-05,2024-12-22,1285.32,632.52,769.35,9525.22,399.68,952.52,,0.0,10877.42,,,Overdue,,2972.79,0,1087.84,2024-12-05 10:17:26,Invalid or missing billing amount
BILL00016279,CUST004000,MTR004000,RP001,2023-01-01,2023-01-31,2023-02-05,2023-02-18,2311.8,751.91,1302.91,18250.3,397.37,1825.03,,,20472.7,,,Overdue,Written Off,2796.18,0,1563.26,2023-02-05 10:26:28,Invalid or missing billing amount
BILL00016888,CUST002757,MTR002757,RP001,2024-06-01,2024-06-30,2024-07-05,2024-07-23,267.19,97.67,169.11,1269.55,217.12,UNKNOWN,,0.0,1613.61,,,Cancelled,Written Off,1931.88,0,1133.69,2024-07-05 21:54:22,Invalid or missing billing amount
BILL00003879,CUST002774,MTR002774,RP006,2024-03-01,2024-03-31,2024-04-05,2024-04-26,-,2.34,3.5,24.25,297.64,2.43,,,324.33,,,Generated,Disputed,4010.87,178.53,160.47,2024-04-05 12:00:39,Invalid or missing billing amount
BILL00002918,CUST004407,MTR004407,RP002,2024-12-01,2024-12-31,2025-01-05,2025-01-15,69.04,0,44.82,241.64,465.51,24.16,,731.31,0.0,Bank Transfer,2025-01-26,Paid,Unpaid,3641.0,0,,2025-01-05 05:00:40,Invalid or missing billing amount
BILL00012996,CUST002079,MTR002079,UNKNOWN,2024-10-01,2024-10-31,2024-11-05,2024-11-21,250.38,91.64,151.09,1177.09,497.93,117.71,,1792.73,0.0,0,2024-11-12,Paid,Partial,1521.24,0,,2024-11-05 06:08:46,Invalid or missing billing amount
BILL00006060,CUST004808,MTR004808,RP003,2023/01/01,2023-01-31,2023-02-05,,341.56,153.29,228.07,1740.92,370.49,174.09,,2285.5,0.0,Online,,Paid,Paid,1636.05,0,351.58,2023-02-05 14:11:18,Invalid or missing billing amount
BILL00019569,CUST001868,MTR001868,RP002,2023-04-01,2023-04-30,,2023-05-27,2631.73,994.71,,20969.71,487.97,2096.97,,23554.65,0.0,Online,2023-05-25,Paid,Disputed,2986.11,0,,2023-05-05 18:39:22,Invalid or missing billing amount
BILL00010379,CUST003931,MTR003931,RP005,2024-12-01,2024-12-31,2025-01-05,2025-01-19,29803.42,10168.31,17249.6,251929.07,287.3,25192.91,,277409.28,0.0,Cheque,2025-01-19,Paid,Disputed,2603.36,,1245.15,2025-01-05 10:39:27,Invalid or missing billing amount
BILL00011108,CUST003284,MTR003284,RP004,2024-10-01,2024-10-31,,2024-11-22,1887.68,755.55,978.91,14645.28,125.96,1464.53,,0.0,16235.77,,,Sent,paid,2980.71,0,718.05,2024-11-05 10:14:18,Invalid or missing billing amount
BILL00004562,CUST001369,MTR001369,RP005,2024-05-01,2024-05-31,2024-06-05,2024-06-22,352.88,135.44,202.35,1820.16,268.77,182.02,,2270.95,0.0,Bank Transfer,2024-06-19,Paid,Disputed,1618.35,70.28,1619.92,2024-06-05 13:39:29,Invalid or missing billing amount
BILL00002817,CUST000117,MTR000117,RP001,2024-02-01,2024-02-29,2024-03-05,2024-03-23,17641.04,8619.33,11010.57,148548.84,0,14854.88,,0.0,163633.76,,,Overdue,Disputed,4693.92,0,137.65,2024-03-05 04:46:46,Invalid or missing billing amount
BILL00015077,CUST000596,MTR000596,RP001,2023-11-01,2023-11-30,,2023-12-18,2165.74,-,1307.71,17008.79,257.93,1700.88,,0.0,18967.6,,,Overdue,Paid,1724.43,0,1682.67,2023-12-05 10:43:11,Invalid or missing billing amount
BILL00024527,CUST004217,MTR004217,RP005,2023-06-01,2023-06-30,2023-07-05,2023-07-28,2642.2,1001.52,1479.69,21058.7,365.7,2105.87,,0.0,23530.27,,,Disputed,Disputed,3138.63,0,1024.44,2023-07-05 00:01:38,Invalid or missing billing amount
BILL00009956,CUST001174,MTR001174,RP005,2023-06-01,2023-06-30,2023-07-05,2023-07-16,1723.09,822.93,943.3,13246.26,323.84,1324.63,,0.0,14894.74,,,Revised,Partial,1742.2,0,177.79,2023-07-05 10:04:25,Invalid or missing billing amount
BILL00003916,CUST002747,MTR002747,RP004,2024-03-01,2024-03-31,2024-04-05,2024-04-27,219.97,83.74,145.64,1009.84,400.17,100.98,,1510.98,0.0,Bank Transfer,,Paid,,1469.27,85.75,266.02,,Invalid or missing billing amount
BILL00013116,CUST004691,MTR004691,RP005,2024-04-01,2024-04-30,2024-05-05,2024-05-29,67.02,21.55,41.66,234.57,296.82,23.46,,0.0,554.85,,,Revised,Partial,4269.59,155.48,1776.62,,Invalid or missing billing amount
BILL00012592,CUST000450,MTR000450,RP003,2024-06-01,2024-06-30,,,2142.19,1049.52,1086.91,16808.61,173.69,1680.86,,0.0,18663.17,,,Generated,Paid,4076.29,0,258.95,2024-07-05 05:25:48,Invalid or missing billing amount
BILL00023165,CUST004010,MTR004010,RP005,2024-07-01,2024-07-31,2024-08-05,2024-08-27,351.74,124.42,236.72,1812.18,281.96,181.22,,0.0,2275.36,,,Generated,Partial,918.78,39.51,688.11,2024-08-05 04:26:44,Invalid or missing billing amount
BILL00019287,CUST004420,MTR004420,RP004,2024-09-01,2024-09-30,2024-10-05,2024-10-17,35405.7,14748.87,19112.07,299548.45,350.68,29954.84,,329853.97,0.0,Mobile App,2024-10-08,Paid,Partial,3924.71,0,1118.42,2024-10-05 18:37:14,Invalid or missing billing amount
BILL00008737,CUST002594,MTR002594,RP005,2024-03-01,2024-03-31,2024-04-05,2024-04-28,2642.82,1286.14,1375.51,21063.97,308.32,2106.4,,0.0,23478.69,,,Disputed,Overdue,1878.99,0,924.94,2024-04-05 09:20:24,Invalid or missing billing amount
BILL00021555,CUST003379,MTR003379,RP003,2023-12-01,2023-12-31,2024-01-05,2024-01-28,215.64,84.5,122.02,986.02,436.79,98.6,,0.0,1521.41,,,Overdue,Overdue,4689.04,126.94,1826.21,2024-01-05 03:08:52,Invalid or missing billing amount
BILL00012463,CUST002150,MTR002150,RP001,2023-03-01,2023-03-31,2023-04-05,2023-04-26,358.65,175.41,,1860.55,201.37,186.05,,2247.97,0.0,Cash,2023-04-23,Paid,Partial,3947.53,104.25,1604.5,2023-04-05 04:47:19,Invalid or missing billing amount
BILL00017379,CUST001239,MTR001239,RP006,2023-11-01,2023-11-30,2023-12-05,,34174.88,13187.73,22741.76,289086.48,363.87,28908.65,,,318359.0,,,Sent,Paid,2197.38,0,308.53,2023-12-05 22:57:46,Invalid or missing billing amount
BILL00019693,CUST000789,MTR000789,RP005,2024-04-01,2024-04-30,2024-05-05,,96.08,41.61,50.49,336.28,499.6,33.63,,869.51,0.0,Mobile App,2024-05-14,Paid,Overdue,2504.6,0,1709.9,2024-05-05 10:54:38,Invalid or missing billing amount
BILL00019845,CUST004045,MTR004045,RP004,2023-06-01,2023-06-30,2023-07-05,2023-07-28,120.61,57.63,80.71,463.36,313.85,46.34,,0.0,823.55,,,Disputed,Unpaid,764.57,UNKNOWN,1996.44,2023-07-05 05:50:58,Invalid or missing billing amount
BILL00018775,CUST003963,MTR003963,RP001,2024-06-01,2024-06-30,,2024-07-22,UNKNOWN,295.1,605.47,6519.45,325.08,,,0.0,7496.48,,,Disputed,Written Off,4632.52,98.92,1384.66,2024-07-05 17:27:25,Invalid or missing billing amount
BILL00001291,CUST003666,MTR003666,RP006,2023-06-01,2023-06-30,2023-07-05,2023-07-27,323.13,140.58,200.38,1611.91,484.8,161.19,,2257.9,0.0,auto debit,2023-08-07,Paid,Written Off,1924.48,101.51,377.14,2023-07-05 06:53:16,Invalid or missing billing amount
BILL00019569,CUST001868,MTR001868,RP002,2023-04-01,2023-04-30,,2023-05-27,2631.73,994.71,,20969.71,487.97,2096.97,,23554.65,0.0,Online,2023-05-25,Paid,Disputed,2986.11,0,,2023-05-05 18:40:08,Invalid or missing billing amount
BILL00022550,CUST000311,MTR000311,RP004,2024-07-01,2024-07-31,2024-08-05,2024-08-24,267.97,97.05,145.98,1273.84,232.57,127.38,,0.0,1633.79,,,Revised,Disputed,1761.94,84.75,727.83,2024-08-05 17:26:24,Invalid or missing billing amount
BILL00000961,CUST003787,MTR003787,RP006,2024-02-01,2024-02-29,2024-03-05,2024-03-17,255.88,81.68,138.27,1207.34,62.01,120.73,,,0.0,Bank Transfer,2024-03-24,Paid,Overdue,1109.77,111.29,371.25,2024-03-05 10:11:19,Invalid or missing billing amount
BILL00016899,CUST004473,MTR004473,RP002,2023-12-01,2023-12-31,2024-01-05,2024-01-24,302.75,122.62,152.19,1469.25,247.82,146.93,,1864.0,0.0,Auto Debit,2024-01-10,Paid,Paid,3097.15,191.92,150.9,,Invalid or missing billing amount
BILL00009400,CUST003572,MTR003572,RP005,2024-02-01,2024-02-29,,2024-03-20,240.26,104.63,136.21,1121.43,255.64,112.14,,0.0,1489.21,,,Overdue,Unpaid,197.45,109.93,639.15,2024-03-05 16:25:55,Invalid or missing billing amount
BILL00007704,CUST000215,MTR000215,RP006,2023-12-01,2023-12-31,2024-01-05,2024-01-19,1670.28,612.02,1011.46,12797.38,447.01,1279.74,,14524.13,0.0,Online,2024-01-16,Paid,Unpaid,301.67,0,1521.09,,Invalid or missing billing amount
BILL00002488,CUST099930,MTR001443,RP001,2024-05-01,2024/05/31,2024-06-05,2024-06-29,0.15766,76.86,102.67,667.13,410.74,66.71,,1144.58,0.0,Bank Transfer,2024-06-11,Paid,Written Off,1695.57,126.13,838.71,2024-06-05 23:30:36,Invalid or missing billing amount
BILL00004997,CUST002134,MTR002134,RP003,2024-10-01,2024-10-31,2024-11-05,2024-11-19,26586.67,-,16986.18,224586.69,158.3,22458.67,,0.0,247203.67,,,Generated,Written Off,2716.9,0,984.8,,Invalid or missing billing amount
BILL00020156,CUST000080,MTR000080,RP004,2023-01-01,2023-01-31,2023-02-05,2023-02-24,225.42,72.73,147.6,1039.81,297.1,103.98,,0.0,1440.89,,,Disputed,disputed,818.29,167.31,507.69,2023-02-05 22:45:12,Invalid or missing billing amount
BILL00002124,CUST004673,MTR004673,RP004,2023-09-01,2023-09-30,2023-10-05,2023-10-26,1084.44,487.04,645.44,7817.74,459.82,781.77,,0.0,9059.33,,,Sent,Paid,4328.19,0,617.67,2023-10-05 01:45:48,Invalid or missing billing amount
BILL00011658,CUST003544,MTR003544,-,-,2023-09-30,,2023-10-17,,89.56,0,1231.65,335.56,123.17,,0.0,1690.38,,,Disputed,Partial,3753.71,27.55,1386.82,2023-10-05 22:49:07,Invalid or missing billing amount
BILL00024491,CUST003029,MTR003029,0,2024-12-01,2024-12-31,2025-01-05,2025-01-18,250.72,103.68,161.73,1178.96,452.35,117.9,,1749.21,0.0,Bank Transfer,2025-01-30,Paid,Partial,3120.9,182.49,585.92,2025-01-05 04:46:48,Invalid or missing billing amount
BILL00005621,CUST000582,MTR000582,RP004,2024-03-01,2024-03-31,2024-04-05,2024-04-19,296.27,107.03,201.97,1429.48,302.74,142.95,,0.0,1875.17,,,Sent,PARTIAL,639.04,73.63,854.18,2024-04-05 18:54:38,Invalid or missing billing amount
BILL00000824,CUST000893,MTR000893,RP001,2024-05-01,2024-05-31,2024-06-05,2024-06-17,0,11186.67,16767.37,208823.36,167.79,20882.34,,229873.49,0.0,Auto Debit,,Paid,Partial,,0,925.02,2024-06-05 06:22:41,Invalid or missing billing amount
BILL00024953,CUST002499,MTR002499,RP005,2024-05-01,2024-05-31,2024-06-05,2024-06-30,9461.75,4488.32,5872.36,79024.88,126.13,7902.49,,87053.49,0.0,Online,,PAID,Partial,3018.03,0,968.45,,Invalid or missing billing amount
BILL00005686,CUST000356,MTR000356,RP002,2023-07-01,2023-07-31,2023-08-05,2023-08-18,252.1,92.07,130.95,1186.55,282.33,118.66,,0.0,1587.54,,,Sent,Disputed,1396.71,126.43,331.02,2023-08-05 11:21:18,Invalid or missing billing amount
BILL00003076,CUST003860,MTR003860,0,2024-10-01,2024-10-31,2024-11-05,2024-11-24,215.18,86.63,113.48,983.49,496.11,98.35,,1577.95,0.0,Auto Debit,2024-11-28,Paid,Disputed,3572.06,-,1221.52,2024-11-05 00:17:45,Invalid or missing billing amount
BILL00018666,CUST002127,MTR002127,RP005,2024-09-01,2024-09-30,2024-10-05,,310.32,135.12,,1522.24,205.06,152.22,,1879.52,0.0,,2024-10-16,Paid,,863.93,8.66,838.39,2024-10-05 08:11:03,Invalid or missing billing amount
BILL00002425,CUST000688,MTR000688,RP003,,2024-12-31,2025-01-05,2025-01-20,260.65,117.78,150.86,1233.57,372.76,123.36,,0.0,,,,Disputed,Disputed,3421.15,11.23,,2025-01-05 00:13:52,Invalid or missing billing amount
BILL00012824,CUST001900,MTR001900,RP002,2023-01-01,2023-01-31,2023-02-05,2023-02-19,3181.92,1525.81,2013.19,UNKNOWN,166.57,-,,28377.52,0.0,Bank Transfer,2023-02-11,Paid,Partial,1986.95,0,187.62,2023-02-05 23:42:29,Invalid or missing billing amount
BILL00012149,CUST004834,MTR004834,RP006,2023-05-01,2023-05-31,2023-06-05,2023-06-16,1873.4,888.09,0,14523.9,-,1452.39,,16466.8,0.0,Cheque,,Paid,Disputed,2286.46,0,1406.05,2023-06-05 02:47:56,Invalid or missing billing amount
BILL00004784,CUST002328,MTR002328,RP004,2024-11-01,2024-11-30,2024-12-05,2024-12-30,592.11,182.25,400.73,3632.94,437.62,363.29,,4433.84,0.0,Cheque,2024-12-26,Paid,Overdue,1093.22,0,266.66,2024-12-05 13:50:23,Invalid or missing billing amount
BILL00016462,CUST001633,MTR001633,RP001,2023-06-01,30-06-2023,2023-07-05,2023-07-23,247.74,115.06,142.98,1162.57,424.36,116.26,,1703.19,0.0,Cash,,Paid,Partial,2097.23,77.22,1290.29,2023-07-05 14:03:16,Invalid or missing billing amount
BILL00006327,CUST000367,MTR000367,RP003,2023-10-01,2023-10-31,,2023-11-29,17.49,7.56,12.07,61.21,295.91,6.12,,363.24,0.0,Auto Debit,2023-12-13,paid,Paid,4091.71,0,580.19,,Invalid or missing billing amount
BILL00006571,CUST000817,MTR000817,RP003,2023-12-01,2023-12-31,2024-01-05,2024-01-18,389.11,161.88,230.53,2073.77,475.27,207.38,,2756.42,0.0,Cheque,2024-01-01,Paid,Unpaid,1038.65,0,972.72,2024-01-05 23:54:24,Invalid or missing billing amount
BILL00014009,CUST003984,MTR003984,RP003,2024-12-01,2024/12/31,,2025-01-22,324.9,111.92,216.37,1624.3,235.99,162.43,,0.0,2022.72,,,Generated,Unpaid,3736.41,1.48,490.57,,Invalid or missing billing amount
BILL00014405,CUST000096,MTR000096,RP004,2023-09-01,2023-09-30,2023-10-05,2023-10-26,820.16,387.77,434.0,5571.36,239.62,557.14,,6368.12,0.0,,2023-10-13,Paid,Overdue,876.31,128.04,1389.24,2023-10-05 05:19:27,Invalid or missing billing amount
BILL00023181,CUST002579,MTR002579,RP006,2023-01-01,2023/01/31,2023-02-05,2023-03-02,208.53,63.95,115.75,946.91,315.18,94.69,,1356.79,0.0,,,Paid,Paid,2920.38,183.9,1782.75,2023-02-05 03:58:20,Invalid or missing billing amount
BILL00010097,CUST001574,MTR001574,RP004,2023-12-01,31/12/2023,2024-01-05,2024-01-16,294.29,92.1,169.88,1418.6,431.66,141.86,,1992.11,0.0,Auto Debit,2024-01-01,Paid,Written Off,989.46,65.88,,2024-01-05 00:45:30,Invalid or missing billing amount
BILL00010760,CUST000602,MTR000602,UNKNOWN,2023-05-01,2023-05-31,2023-06-05,2023-06-17,229.12,,133.0,1060.16,95.09,106.02,,1261.27,0.0,Cheque,2023-05-31,Paid,Overdue,0,37.44,,2023-06-05 02:17:56,Invalid or missing billing amount
BILL00014465,CUST004419,MTR004419,RP004,2023-06-01,2023-06-30,2023-07-05,2023-07-26,239.59,95.14,127.3,1117.74,353.87,111.77,,0.0,1583.38,,,Overdue,OVERDUE,222.86,0,7.87,,Invalid or missing billing amount
BILL00016457,CUST001416,MTR001416,RP005,2024-07-01,2024-07-31,2024-08-05,2024-08-18,50.84,20.05,28.89,177.94,101.44,17.79,,297.17,0.0,Cash,2024-08-09,Paid,Paid,2904.46,58.43,1428.35,2024-08-05 09:46:46,Invalid or missing billing amount
BILL00014371,CUST000765,MTR000765,RP004,1677628800,2023-03-31,,2023-04-18,308.5,103.44,195.98,1509.5,326.55,150.95,,1987.0,0.0,Cash,2023-04-26,Paid,Partial,3970.66,192.82,1715.42,,Invalid or missing billing amount
BILL00000941,CUST001244,MTR001244,RP001,2023-12-01,2023-12-31,2024-01-05,2024-01-23,75.59,29.76,,264.56,343.48,26.46,,0.0,634.5,,,Generated,Disputed,114.42,,804.35,2024-01-05 10:54:02,Invalid or missing billing amount
BILL00016372,CUST002352,MTR002352,RP002,2024-07-01,2024-07-31,2024-08-05,,2107.55,807.99,1228.64,16514.18,428.43,1651.42,,0.0,18594.03,,,Disputed,Overdue,1939.36,0,1554.91,,Invalid or missing billing amount
BILL00009357,CUST001420,MTR001420,,2024-11-01,2024-11-30,2024-12-05,2024-12-29,458.83,212.63,307.5,2561.81,481.69,256.18,,0.0,3299.68,,,Generated,Partial,1569.63,64.44,1064.08,2024-12-05 08:40:11,Invalid or missing billing amount
BILL00021071,CUST000677,MTR000677,-,2023-03-01,2023-03-31,2023-04-05,2023-04-21,272.49 kWh,96.31,143.94,1298.7,84.42,129.87,,1512.99,0.0,Cash,2023-04-04,Paid,Unpaid,277.22,6.97,1034.6,2023-04-05 02:12:25,Invalid or missing billing amount
BILL00009083,CUST002632,MTR002632,RP004,2023-03-01,2023-03-31,2023-04-05,2023-04-15,286.05,92.18,185.21,1373.28,126.2,137.33,,0.0,1636.8,,,Overdue,Paid,2396.56,,225.16,2023-04-05 13:14:43,Invalid or missing billing amount
BILL00007016,CUST000143,MTR000143,RP004,2023-08-01,2023-08-31T00:00:00Z,2023-09-05,2023-09-24,270.23,125.57,183.09,1286.27,296.59,128.63,,1711.49,0.0,Mobile App,2023-09-11,,Partial,4064.82,93.92,766.04,,Invalid or missing billing amount
BILL00003705,CUST003848,MTR003848,RP001,2023-07-01,1690761600,2023-08-05,2023-08-24,174.46,,104.13,759.53,,75.95,,0.0,893.54,,,Sent,Partial,,92.49,93.34,2023-08-05 01:43:28,Invalid or missing billing amount
BILL00021666,CUST002872,MTR002872,RP003,2023-06-01,2023-06-30,2023-07-05,2023-07-24,17539.86,6361.57,9266.91,147688.81,434.42,14768.88,,162892.11,0.0,Mobile App,2023-07-12,Paid,Written Off,3195.0,0,1589.04,2023-07-05 16:09:35,Invalid or missing billing amount
BILL00001446,CUST004996,MTR004996,RP002,2023-01-01,2023-01-31,2023-02-05,2023-02-17,324.19,133.65,214.54,1619.33,303.28,161.93,,0.0,2084.54,,,Sent,Disputed,1555.56,174.11,1983.08,2023-02-05 08:04:32,Invalid or missing billing amount
BILL00010789,CUST000274,MTR000274,RP004,2024-09-01,2024-09-30,2024-10-05,2024-10-26,2095.58,942.04,1393.53,16412.43,79.28,1641.24,,0.0,18132.95,,,Overdue,Paid,1309.69,0,15.16,2024-10-05 19:17:05,Invalid or missing billing amount
BILL00010731,CUST002497,MTR002497,RP005,2023-11-01,2023-11-30,2023-12-05,,1286.9,505.96,883.3,9538.65,,953.87,,0.0,10709.23,,,Overdue,Paid,919.19,0,1384.11,2023-12-05 20:04:04,Invalid or missing billing amount
BILL00006253,CUST002768,MTR002768,RP005,2024-09-01,2024-09-30,2024-10-05,2024-10-25,226.47,103.81,131.57,1045.59,186.02,104.56,,0.0,1336.16,,,Revised,Overdue,3226.94,174.09,0,2024-10-05 02:02:33,Invalid or missing billing amount
BILL00018161,CUST003580,MTR003580,RP001,2024-05-01,2024-05-31,2024-06-05,2024-06-19,149.49,58.29,104.5,622.2,341.28,62.22,,1025.69,0.0,Bank Transfer,2024-06-18,Paid,Unpaid,514.52,165.56,832.16,,Invalid or missing billing amount
BILL00010243,CUST002349,MTR002349,RP002,2024-07-01,2024-07-31,2024-08-05,2024-08-19,24032.16,9921.75,13096.48,202873.36,435.7,20287.34,,223596.4,0.0,Cash,2024-08-21,Paid,Unpaid,3048.8,0,588.4,2024-08-05 08:57:23,Invalid or missing billing amount
BILL00024576,CUST004947,,RP003,2023-06-01,2023-06-30,2023-07-05,,380.69,176.87,206.42,,153.56,201.48,,2369.87,0.0,Online,2023-07-15,Paid,Partial,3915.44,166.78,906.95,2023-07-05 04:24:09,Invalid or missing billing amount
BILL00011499,CUST003698,MTR003698,RP003,2024-11-01T00:00:00Z,2024-11-30,2024-12-05,2024-12-24,203.04,91.19,124.0,,155.73,91.67,,1164.12,0.0,UNKNOWN,2025-01-05,Paid,Disputed,305.15,54.82,749.55,2024-12-05 22:23:23,Invalid or missing billing amount
BILL00005633,CUST004367,MTR004367,RP005,,2023-09-30,2023-10-05,2023-10-25,538.78,216.95,319.5,3179.63,416.95,317.96,,0.0,3914.54,,,Overdue,Unpaid,3371.56,0,1889.78,2023-10-05 09:20:57,Invalid or missing billing amount
BILL00006798,CUST000070,MTR000070,RP001,2024-09-01,,2024-10-05,2024-10-19,252.36,119.41,129.6,1187.98,-,118.8,,0.0,1556.39,,,Overdue,Overdue,2756.63,0,69.87,,Invalid or missing billing amount
BILL00015672,CUST002378,MTR002378,,2024-07-01,2024-07-31,2024-08-05,,"216,53",84.71,114.84,990.91,322.34,99.09,,1412.35,0.0,Auto Debit,2024-09-03,Paid,Written Off,985.1,173.86,1449.01,2024-08-05 07:30:58,Invalid or missing billing amount
BILL00024449,CUST002900,MTR002900,RP002,2023-10-01,2023-10-31,2023-11-05,2023-11-19,134.66,48.87,93.24,540.63,60.29,54.06,,654.98,0.0,Mobile App,2023-12-01,,Paid,405.56,193.76,145.27,,Invalid or missing billing amount
BILL00001782,UNKNOWN,MTR004784,RP001,2023-01-01,2023-01-31,2023-02-05,2023-02-15,770.9,382.73,469.7,5152.65,316.43,515.26,,5984.34,0.0,Mobile App,2023-02-11,Paid,Written Off,4664.23,121.26,624.99,2023-02-05 14:29:53,Invalid or missing billing amount
BILL00002372,CUST001294,MTR001294,RP004,2024-12-01,2024-12-31,2025-01-05,2025-01-24,1729.51,658.68,958.64,13300.83,448.15,1330.08,,15079.06,0.0,Cash,2025-01-22,Paid,Partial,1309.13,0,UNKNOWN,2025-01-05 10:51:11,Invalid or missing billing amount
BILL00018683,CUST001753,MTR001753,RP004,2024-06-01,2024-06-30,2024-07-05,2024-07-28,170.36,66.81,111.93,736.98,443.47,73.7,,0.0,1254.15,,,Generated,Paid,103.51,11.47,417.06,2024-07-05 23:48:24,Invalid or missing billing amount
BILL00001555,CUST002139,MTR002139,RP004,2023-08-01,2023-08-31,2023-09-05,2023-09-29,1390.4,427.11,890.21,10418.4,0,1041.84,,11586.59,0.0,Cash,,Paid,Unpaid,2429.1,0,1122.65,2023-09-05 09:24:47,Invalid or missing billing amount
BILL00011923,CUST001036,MTR001036,RP004,2024-10-01,2024-10-31,2024-11-05,,12297.89,0,UNKNOWN,103132.07,150.93,10313.21,,113596.21,0.0,Auto Debit,2024-12-04,Paid,Unpaid,4254.4,0,242.46,2024-11-05 04:49:41,Invalid or missing billing amount
BILL00008547,,MTR000095,RP002,2024-02-01,2024-02-29,2024-03-05,2024-03-27,2602.53,1103.87,1563.73,20721.51,207.39,2072.15,,0.0,23001.05,,,Overdue,Overdue,81.23,0,1234.81,2024-03-05 05:51:25,Invalid or missing billing amount
BILL00008353,CUST002174,MTR002174,,2024-08-01,0,2024-09-05,2024-09-18,1546.76,633.01,,11747.46,352.36,1174.75,,0.0,13274.57,,,Generated,Overdue,1614.06,,1082.24,2024-09-05 21:33:52,Invalid or missing billing amount
BILL00009095,CUST001491,UNKNOWN,RP001,2024-03-01,2024-03-31,2024-04-05,2024-04-16,225.27,103.11,129.38,1038.99,137.88,103.9,,0.0,0.0,,,Overdue,Unpaid,309.72,183.54,798.85,2024-04-05 16:37:54,Invalid or missing billing amount
BILL00015478,CUST099964,MTR002995,RP002,2024-05-01,2024-05-31,2024-06-05,2024-06-27,1859.32,883.4,1208.12,14404.22,408.75,1440.42,,0.0,16253.39,,,Overdue,Paid,3697.62,0,886.3,2024-06-05 05:21:39,Invalid or missing billing amount
BILL00014922,CUST004344,MTR004344,RP004,2024-09-01,2024-09-30,2024-10-05,2024-10-23,34767.49,13540.46,19433.04,294123.66,275.02,29412.37,,323811.06,0.0,Auto Debit,2024-10-26,Paid,Overdue,2558.32,0,1809.76,2024-10-05 21:10:14,Invalid or missing billing amount
BILL00018362,0,MTR001118,RP001,2023-01-01,2023-01-31,2023-02-05,2023-02-17,460.47,166.8,258.71,2573.29,486.27,257.33,,3316.89,0.0,Online,2023-02-11,-,Written Off,1013.05,96.25,138.69,2023-02-05 02:26:40,Invalid or missing billing amount
BILL00024790,CUST001291,MTR001291,RP005,2023-09-01,2023-09-30,,2023-10-19,165.39,-,83.72,UNKNOWN,498.14,70.96,,0.0,1278.74,,,-,Overdue,1121.5,133.94,1891.08,2023-10-05 03:32:16,Invalid or missing billing amount
BILL00017889,CUST002228,MTR002228,RP002,2024-07-01,2024-07-31,2024-08-05,2024-08-20,26096.92,,14724.12,220423.82,486.95,22042.38,,242953.15,0.0,,2024-08-05,Paid,Overdue,1362.89,0,895.14,2024-08-05 06:08:07,Invalid or missing billing amount
BILL00011774,CUST003907,MTR003907,RP004,2024-07-01,2024-07-31T00:00:00Z,2024-08-05,,318.99,147.95,191.16,1582.93,78.46,158.29,,1819.68,0.0,Cash,2024-09-02,UNKNOWN,Partial,3057.61,0,1172.88,2024-08-05 00:54:46,Invalid or missing billing amount
BILL00016435,CUST003212,MTR003212,RP002,2023-12-01,2023-12-31,2024-01-05,2024-01-18,410.54,127.6,276.65,,94.89,222.38,,2541.05,0.0,Auto Debit,2024-01-16,Paid,Overdue,4526.12,11.16,889.05,2024-01-05 15:23:31,Invalid or missing billing amount
BILL00000795,CUST002258,MTR002258,RP001,2024-11-01,2024-11-30,2024-12-05,2024-12-19,233.35,80.47,131.09,1083.42,,108.34,,1327.16,0.0,UNKNOWN,2024-11-29,PAID,Partial,1390.38,0,1122.63,2024-12-05 12:35:01,Invalid or missing billing amount
BILL00019383,CUST002134,MTR002134,RP003,2024-10-01,UNKNOWN,,,25074.53,10921.02,12957.66,211733.51,242.97,21173.35,,233149.83,0.0,Cash,2024-11-30,Paid,Written Off,3300.08,0,1819.03,2024-11-05 10:50:09,Invalid or missing billing amount
BILL00020770,CUST001261,MTR001261,RP004,2024-03-01,2024-03-31,2024-04-05,2024-04-27,371.02,116.29,251.0,0,60.37,194.71,,0.0,2202.22,,,Disputed,DISPUTED,3736.37,32.27,1410.3,2024-04-05 04:11:41,Invalid or missing billing amount
BILL00013854,CUST001622,MTR001622,RP003,2024-08-01,2024-08-31,2024-09-05,2024-09-18,141.18,45.78,,576.49,95.46,57.65,,729.6,0.0,,2024-10-02,paid,Paid,4148.61,67.48,1802.13,2024-09-05 20:46:57,Invalid or missing billing amount
BILL00011779,CUST002358,MTR002358,RP006,,,,,315.26,140.52,169.79,1556.82,401.61,155.68,,0.0,2114.11,,,Cancelled,Partial,767.53,0,1492.04,2024-01-05 08:52:21,Invalid or missing billing amount
BILL00009557,-,MTR000598,RP005,2024-11-01,2024-11-30,2024-12-05,2024-12-20,178.1,59.93,124.39,779.55,334.96,77.95,,1192.46,0.0,Mobile App,2024-12-30,Paid,Unpaid,2018.26,50.22,1982.84,2024-12-05 19:28:24,Invalid or missing billing amount
BILL00018054,CUST000175,MTR000175,RP006,2024-06-01,2024-06-30,2024-07-05,2024-07-19,288.84,118.55,159.65,1388.62,425.48,138.86,,0.0,1952.96,,,Overdue,Paid,3012.73,UNKNOWN,187.49,2024-07-05 21:47:05,Invalid or missing billing amount
BILL00019510,CUST000775,MTR000775,RP005,2024-03-01,2024-03-31,2024-04-05,2024-04-26,331.92,121.54,192.63,1673.44,364.24,167.34,,2205.02,0.0,Auto Debit,2024-04-12,Paid,Paid,1157.39,137.52,1197.81,2024-04-05 00:53:06,Invalid or missing billing amount
BILL00016974,CUST000906,MTR000906,RP005,2024-03-01,2024-03-31,2024-04-05,2024-04-29,,182.44,211.56,1952.53,99.54,195.25,,,0.0,Cheque,2024-04-30,Paid,Unpaid,3841.07,,860.66,2024-04-05 09:09:06,Invalid or missing billing amount
BILL00008362,CUST002175,MTR002175,RP005,2024-10-01,31/10/2024,2024-11-05,2024-11-29,268.19,112.8,175.32,1275.05,266.95,127.5,,0.0,1669.5,,,Overdue,Written Off,3631.6,,1057.02,,Invalid or missing billing amount
BILL00002589,CUST002563,MTR002563,RP002,2023-07-01,2023-07-31,2023-08-05,,409.05,192.28,273.23,2213.35,434.21,221.34,,2868.9,0.0,Mobile App,2023-09-05,Paid,Paid,2397.98,183.84,743.61,2023-08-05 19:31:57,Invalid or missing billing amount
BILL00014582,CUST004786,MTR004786,RP001,2023-06-01,2023-06-30,2023-07-05,2023-07-30,242.36,,134.33,1132.98,63.71,113.3,,1309.99,,Mobile App,2023-08-04,Paid,Overdue,4307.35,145.2,1311.51,,Invalid or missing billing amount
BILL00003377,CUST004078,MTR004078,RP004,2024-07-01,2024-07-31,2024-08-05,2024-08-24,2439.94,1077.61,1531.23,19339.49,378.33,1933.95,,21651.77,0.0,Cash,2024-08-31,Paid,OVERDUE,2977.72,0,1886.05,,Invalid or missing billing amount
BILL00008860,CUST099479,MTR001559,RP005,2024-11-01,2024/11/30,2024-12-05,2024-12-18,197.03,84.88,98.76,883.66,477.57,88.37,,1449.6,0.0,Cheque,2024-12-05,Paid,Unpaid,1342.14,126.22,383.66,2024-12-05 01:33:12,Invalid or missing billing amount
BILL00012537,CUST004633,MTR004633,RP001,2023-06-01,2023-06-30,2023-07-05,2023-07-23,2135.74,884.07,1088.08,16753.79,287.06,1675.38,,18716.23,0.0,Cash,2023-08-07,,Paid,3812.65,-,0,2023-07-05 14:46:50,Invalid or missing billing amount
BILL00001987,CUST003148,MTR003148,RP001,2024-11-01,2024-11-30,2024-12-05,2024-12-26,2376.73,854.13,1279.52,18802.21,339.55,1880.22,,21021.98,0.0,,2024-12-07,Paid,Disputed,1471.92,0,720.47,2024-12-05 16:11:47,Invalid or missing billing amount
BILL00005138,CUST003771,MTR003771,RP004,1672531200,2023-01-31,2023-02-05,2023-02-24,247.03,117.64,151.48,1158.66,137.72,115.87,,,0.0,Mobile App,,Paid,Partial,4470.47,51.09,1247.8,2023-02-05 10:46:01,Invalid or missing billing amount
BILL00003149,CUST004690,MTR004690,RP005,2024-08-01,2024-08-31,2024-09-05,2024-09-26,342.71,118.56,194.34,1748.97,,174.9,,0.0,2112.11,,,Disputed,Unpaid,2833.91,82.3,1267.55,,Invalid or missing billing amount
BILL00011365,CUST002848,MTR002848,RP004,2023-11-01,2023-11-30,2023-12-05,2023-12-17,2056.16,787.39,1146.38,16077.36,202.33,1607.74,,0.0,17887.43,,,Overdue,Paid,1819.65,0,-,2023-12-05 20:50:43,Invalid or missing billing amount
BILL00000711,CUST000741,MTR000741,RP004,2023-12-01,2023-12-31,2024-01-05,,2387.69,1037.43,,18895.36,483.4,1889.54,,0.0,21268.3,,,Generated,Disputed,1306.58,0,UNKNOWN,2024-01-05 11:49:04,Invalid or missing billing amount
BILL00005448,CUST002934,MTR002934,-,2024-11-01,2024-11-30,2024-12-05,2024-12-30,306.98,112.14,210.07,1498.86,211.36,149.89,,0.0,,,,Overdue,Overdue,395.49,98.37,1307.11,2024-12-05 21:04:29,Invalid or missing billing amount
BILL00020609,CUST001410,MTR001410,RP005,2023-08-01,2023-08-31,2023-09-05,,2828.42,1068.8,1632.64,22641.57,50.95,UNKNOWN,,24956.68,0.0,Online,2023-09-10,Paid,Partial,904.06,0,806.6,2023-09-05 11:25:32,Invalid or missing billing amount
BILL00000582,CUST003008,MTR003008,RP002,2024-06-01,2024-06-30,2024-07-05,2024-07-16,210.37,88.98,114.21,957.04,458.3,95.7,,1511.04,0.0,Bank Transfer,2024-07-28,Paid,Partial,1765.43,88.52,0,2024-07-05 02:45:15,Invalid or missing billing amount
BILL00023348,CUST002944,MTR002944,RP001,2024-09-01,0,,2024-10-25,24856.35,11012.87,16455.49,209878.97,395.5,20987.9,,0.0,231262.37,,,Sent,Written Off,4991.92,0,1187.21,2024-10-05 12:32:41,Invalid or missing billing amount
BILL00022996,CUST004376,,RP004,2023-05-01,2023-05-31,,2023-06-28,21886.89,9527.19,14955.82,184638.57,364.99,18463.86,,0.0,203467.41,,,Cancelled,Overdue,1781.85,0,1255.06,2023-06-05 02:17:05,Invalid or missing billing amount
BILL00004796,CUST002348,MTR002348,RP002,2023/06/01,2023-06-30,2023-07-05,2023-07-21,90.54,41.35,55.13,316.89,105.99,31.69,,,454.57,,,Overdue,Partial,2465.31,UNKNOWN,254.46,2023-07-05 16:13:10,Invalid or missing billing amount
BILL00008522,CUST003423,MTR003423,RP001,2024-02-01,29-02-2024,2024-03-05,2024-03-16,14129.67,4907.43,7907.4,118702.2,150.22,11870.22,,130722.64,0.0,Bank Transfer,2024-03-24,Paid,Paid,1847.46,0,,2024-03-05 14:16:41,Invalid or missing billing amount
BILL00021772,CUST000327,MTR000327,RP004,2023-07-01,2023-07-31,2023-08-05,,218.48,99.14,120.16,1001.64,472.2,100.16,,1574.0,0.0,Auto Debit,2023-08-05,Paid,Written Off,4155.32,128.8,499.0,2023-08-05 07:01:01,Invalid or missing billing amount
BILL00020204,CUST004007,MTR004007,RP001,2023-01-01,2023-01-31,2023-02-05,2023-02-26,35391.89,17255.66,19446.0,299431.07,385.97,29943.11,,329760.14,0.0,Auto Debit,2023-03-02,PAID,Unpaid,1128.13,0,453.29,2023-02-05 21:40:45,Invalid or missing billing amount
BILL00008780,CUST000544,MTR000544,RP005,2024-05-01,2024-05-31,2024-06-05,2024-06-30,274.78,123.62,143.46,1311.29,221.44,131.13,,1663.86,0.0,Auto Debit,,Paid,Unpaid,4613.32,149.82,382.38,2024-06-05 00:15:40,Invalid or missing billing amount
BILL00001274,CUST003249,0,RP005,2023-11-01,2023-11-30,2023-12-05,2023-12-26,250.74,117.54,158.91,,158.01,117.91,,1454.99,0.0,Cheque,2024-01-04,PAID,Paid,4696.78,194.42,1127.17,,Invalid or missing billing amount
BILL00022241,CUST000125,MTR000125,RP003,1701388800,2023-12-31,2024-01-05,2024-01-25,159.96,48.49,93.63,679.78,432.3,67.98,,1180.06,0.0,Auto Debit,2024-02-08,Paid,PARTIAL,4144.06,9.38,1315.23,2024-01-05 23:19:16,Invalid or missing billing amount
BILL00017950,CUST002976,MTR002976,RP001,2024-11-01,2024-11-30,2024-12-05,2024-12-15,107.98,52.58,61.19,393.89,391.1,39.39,,0.0,824.38,,,Overdue,,1689.71,182.19,257.0,2024-12-05 03:17:53,Invalid or missing billing amount
BILL00000345,CUST004638,MTR004638,RP004,01-11-2023,2023-11-30,2023-12-05,2023-12-23,7597.56,2605.01,3830.72,63179.26,237.82,-,,0.0,,,,Disputed,OVERDUE,3083.98,0,0,2023-12-05 06:40:06,Invalid or missing billing amount
BILL00000582,CUST003008,MTR003008,RP002,2024-06-01,2024-06-30,2024-07-05,2024-07-16,210.37,88.98,114.21,957.04,458.3,95.7,,1511.04,0.0,Bank Transfer,2024-07-28,Paid,Partial,1765.43,88.52,0,2024-07-05 02:45:46,Invalid or missing billing amount
BILL00014705,CUST002948,MTR002948,RP001,2024-07-01,2024-07-31,2024-08-05,2024-08-18,1877.18,642.97,1010.42,14556.03,217.53,1455.6,,16229.16,0.0,Cheque,2024-08-16,Paid,Disputed,2672.94,0,407.42,2024-08-05 11:02:12,Invalid or missing billing amount
BILL00006732,CUST004096,MTR004096,RP006,2024-11-01,2024-11-30,,2024-12-28,517.1,160.89,352.81,2995.35,258.74,299.54,,0.0,3553.63,,,,Disputed,21.67,0,745.84,2024-12-05 14:52:20,Invalid or missing billing amount
BILL00016205,CUST001563,MTR001563,-,2023-05-01,2023-05-31,2023-06-05,2023-06-27,366.17,122.87,205.08,1913.19,226.96,191.32,,2331.47,0.0,Mobile App,2023-07-03,Paid,Overdue,227.62,0,1058.52,2023-06-05 18:31:46,Invalid or missing billing amount
BILL00019604,CUST002160,MTR002160,RP005,2024-11-01,2024-11-30,2024-12-05,,418.77,158.03,275.0,2281.39,209.91,228.14,,2719.44,0.0,Bank Transfer,2025-01-02,Paid,Partial,3711.27,0,786.06,2024-12-05 12:34:57,Invalid or missing billing amount
BILL00001803,CUST004170,MTR004170,RP004,2024-01-01,2024-01-31,2024-02-05,2024-02-22,139.51,57.25,85.93,567.3,117.26,56.73,,741.3,0.0,Online,2024-02-08,Paid,Overdue,2873.71,118.2,389.8,,Invalid or missing billing amount
BILL00019091,CUST002375,MTR002375,RP005,2023-09-01,2023-09-30,2023-10-05,2023-10-19,206.11,,134.92,933.61,431.44,93.36,,1458.41,0.0,cheque,,Paid,Unpaid,3960.44,0,1261.46,,Invalid or missing billing amount
BILL00020997,CUST001984,MTR001984,RP006,2023-02-01,2023-02-28,2023-03-05,2023-03-26,264.63,79.95,157.99,1255.46,385.08,125.55,,1766.1,0.0,Auto Debit,,Paid,,3289.42,66.86,1225.78,2023-03-05 04:58:02,Invalid or missing billing amount
BILL00020632,CUST001458,MTR001458,RP002,2023-12-01,2023-12-31,,2024-01-19,275.11,112.1,181.68,1313.11,440.35,131.31,,1884.76,,Auto Debit,2024-01-12,Paid,Written Off,UNKNOWN,127.21,1073.37,2024-01-05 22:14:04,Invalid or missing billing amount
BILL00017311,,MTR002894,RP004,2023/01/01,2023-01-31,2023-02-05,2023-03-01,134.06,62.49,68.18,537.33,264.56,53.73,,855.62,0.0,Auto Debit,2023-02-24,Paid,Partial,3391.94,0,1247.49,2023-02-05 03:30:32,Invalid or missing billing amount
BILL00004412,CUST001677,MTR001677,RP003,2023-12-01,2023-12-31,2024-01-05,2024-01-26,321.46,112.25,208.26,1600.22,343.58,160.02,,0.0,2103.82,,,Generated,Written Off,2700.58,161.88,1509.93,2024-01-05 04:55:20,Invalid or missing billing amount
BILL00000078,CUST002997,MTR002997,RP005,2024-06-01,0,2024-07-05,2024-07-16,216.49,85.44,134.52,990.7,106.95,99.07,,1196.71,0.0,Auto Debit,2024-06-27,Paid,Overdue,2396.23,31.61,1667.46,2024-07-05 21:02:19,Invalid or missing billing amount
BILL00009928,CUST099132,MTR001117,0,2023-04-01,2023-04-30,2023-05-05,2023-05-30,231.91,81.91,118.94,1075.51,261.1,107.55,,0.0,1444.16,,,Overdue,Disputed,392.13,82.19,781.88,2023-05-05 12:28:10,Invalid or missing billing amount
BILL00019113,CUST004019,MTR004019,RP006,2024-12-01,2024-12-31,2025-01-05,2025-01-30,2365.31,1139.89,1467.4,18705.14,231.27,1870.51,,0.0,20806.92,,,Revised,Paid,2362.06,0,1361.09,2025-01-05 16:53:31,Invalid or missing billing amount
BILL00010461,CUST000718,MTR000718,RP002,2023-05-01,2023-05-31,2023-06-05,2023-06-19,713.63,304.17,458.71,4665.85,342.21,466.59,,5474.66,0.0,,2023-06-22,Paid,Overdue,4384.28,178.44,530.55,2023-06-05 15:40:41,Invalid or missing billing amount
BILL00003212,CUST001228,MTR001228,RP005,2024-11-01,2024-11-30,2024-12-05,2024-12-17,2155.67,698.41,1325.12,-,462.25,1692.32,,0.0,19077.76,,,Generated,Unpaid,991.52,0,0,2024-12-05 11:12:52,Invalid or missing billing amount
BILL00018054,CUST000175,MTR000175,RP006,2024-06-01,2024-06-30,2024-07-05,2024-07-19,288.84,118.55,159.65,1388.62,425.48,138.86,,0.0,1952.96,,,Overdue,Paid,3012.73,UNKNOWN,187.49,2024-07-05 21:47:07,Invalid or missing billing amount
BILL00000523,CUST002162,MTR002162,RP004,2024-12-01,31/12/2024,2025-01-05,2025-01-16,202.97,75.23,,916.34,413.31,91.63,,1421.28,0.0,Mobile App,2025-01-05,Paid,Overdue,1496.9,198.04,1144.8,2025-01-05 19:20:58,Invalid or missing billing amount
BILL00011462,CUST002746,MTR002746,RP003,2024-10-01,2024-10-31,2024-11-05,2024-11-27,202.8,81.34,134.34,915.4,350.72,91.54,,0.0,1357.66,,,Revised,OVERDUE,4542.98,57.56,0,2024-11-05 05:07:28,Invalid or missing billing amount
BILL00003760,CUST001318,MTR001318,RP005,-,2023-01-31,2023-02-05,2023-02-26,268.48,106.07,146.24,1276.64,432.95,127.66,,1837.25,0.0,Auto Debit,,Paid,Overdue,2633.96,70.2,1657.27,,Invalid or missing billing amount
BILL00004575,CUST001604,MTR001604,RP005,2023-02-01,2023-02-28,2023-03-05,2023-03-15,212.22,88.01,114.54,967.21,187.01,96.72,,1250.94,0.0,Online,2023-03-08,Paid,Overdue,172.15,0,548.75,2023-03-05 12:57:29,Invalid or missing billing amount
BILL00022841,CUST099963,,RP002,2024-09-01,2024-09-30,2024-10-05,2024-10-20,313.8,144.47,182.43,1546.6,202.33,154.66,,0.0,1903.59,,,Overdue,Disputed,3304.41,47.64,1824.42,,Invalid or missing billing amount
BILL00015148,CUST003902,MTR003902,,01-07-2024,2024-07-31,2024-08-05,2024-08-29,370.45,183.14,206.99,1943.15,396.17,194.31,,2533.63,0.0,Cheque,2024-09-02,Paid,Paid,3528.05,22.11,1010.07,2024-08-05 03:21:18,Invalid or missing billing amount
BILL00004294,CUST004599,MTR004599,RP001,2024-06-01,2024-06-30,,2024-07-17,274.48,133.44,170.65,1309.64,468.32,130.96,,1908.92,0.0,Cash,,Paid,Unpaid,1620.75,11.47,234.71,2024-07-05 18:44:44,Invalid or missing billing amount
BILL00020951,CUST001422,MTR001422,RP003,2023-04-01,2023-04-30,2023-05-05,2023-05-18,248.09,115.99,153.87,1164.49,497.89,116.45,,1778.83,0.0,Bank Transfer,2023-04-30,PAID,Overdue,1397.15,61.03,1844.66,2023-05-05 04:37:08,Invalid or missing billing amount
BILL00007601,CUST003115,MTR003115,RP001,2024-02-01,2024-02-29,2024-03-05,2024-03-22,2141.76,644.52,1122.6,,410.57,1680.5,,0.0,18896.03,,,Revised,Overdue,4639.16,,416.05,2024-03-05 03:29:39,Invalid or missing billing amount
BILL00021152,CUST001318,MTR001318,RP005,2023-02-01,2023-02-28,2023-03-05,2023-03-27,305.28,128.99,160.2,1486.96,358.35,148.7,,0.0,1994.01,,,Generated,Overdue,2871.45,12.36,1059.92,2023-03-05 14:36:03,Invalid or missing billing amount
BILL00011163,CUST002108,MTR002108,RP004,,2024-05-31,2024-06-05,2024-06-29,1956.33,805.27,1194.86,15228.81,301.9,1522.88,,17053.59,0.0,Bank Transfer,,PAID,Unpaid,832.54,0,633.16,2024-06-05 16:15:10,Invalid or missing billing amount
BILL00014067,CUST003012,MTR003012,RP002,2024-10-01,2024-10-31,2024-11-05,,265.77,131.26,175.23,1261.73,155.33,126.17,,1543.24,0.0,Bank Transfer,,Paid,,4540.55,91.08,,,Invalid or missing billing amount
BILL00007839,CUST001909,MTR001909,RP001,2023-09-01,2023-09-30,2023-10-05,2023-10-28,254.74,106.1,168.23,1201.07,309.26,120.11,,1630.44,0.0,Auto Debit,2023-10-27,Paid,,1543.95,117.96,1639.65,2023-10-05 20:05:43,Invalid or missing billing amount
BILL00017085,CUST004513,MTR004513,RP004,2023-03-01,2023-03-31,,2023-04-30,310.36,,,1522.52,120.9,152.25,,0.0,1795.67,,,Revised,Paid,2232.41,133.72,774.66,2023-04-05 20:45:45,Invalid or missing billing amount
BILL00008936,CUST003887,MTR003887,RP001,,30-11-2023,2023-12-05,2023-12-19,2624.83,,1365.47,20911.06,331.67,2091.11,,23333.84,0.0,Auto Debit,2023-12-29,Paid,Paid,UNKNOWN,0,192.0,2023-12-05 20:31:21,Invalid or missing billing amount
BILL00006044,CUST001624,MTR001624,RP005,2024-03-01,2024-03-31,2024-04-05,2024-04-22,2171.07,1013.35,1358.1,17054.1,-,1705.41,,0.0,18964.77,,,Overdue,Disputed,1942.23,0,499.46,2024-04-05 00:37:03,Invalid or missing billing amount
BILL00000619,CUST003218,MTR003218,RP003,2024-12-01,2024-12-31,2025-01-05,2025-01-16,206.55,74.79,124.01,936.03,400.16,93.6,,1429.79,0.0,Bank Transfer,2025-01-25,Paid,Overdue,964.38,85.15,1021.35,2025-01-05 23:59:47,Invalid or missing billing amount
BILL00024534,CUST000455,MTR000455,RP004,2024-03-01,2024-03-31,2024-04-05,2024-04-15,41247.19,16231.25,,349201.11,87.71,34920.11,,384208.94,0.0,Cash,,Paid,Written Off,4427.28,0,1058.66,2024-04-05 17:23:46,Invalid or missing billing amount
BILL00009719,CUST003887,MTR003887,RP001,2024-12-01,2024-12-31,2025-01-05,2025-01-20,2974.88,1035.94,1680.63,23886.48,171.93,,,0.0,26447.06,,,Overdue,Disputed,3730.99,0,424.03,2025-01-05 14:44:41,Invalid or missing billing amount
BILL00008073,CUST004476,MTR004476,RP006,,2024-10-31,2024-11-05,2024-11-25,,885.0,1111.57,13959.33,320.69,1395.93,,15675.95,,Cheque,2024-11-28,Paid,Paid,1134.34,0,827.03,2024-11-05 01:44:19,Invalid or missing billing amount
BILL00018438,CUST004849,MTR004849,RP005,2024-10-01,2024-10-31,2024-11-05,2024-11-22,2237.37,802.13,1385.09,17617.64,444.97,1761.76,,19824.37,0.0,Online,2024-11-28,Paid,0,4163.72,,881.48,2024-11-05 11:33:32,Invalid or missing billing amount
BILL00001894,CUST004020,MTR004020,RP006,2023-09-01,2023-09-30,2023-10-05,,242.46,77.37,156.35,1133.53,172.81,113.35,,1419.69,0.0,Cheque,2023-10-01,Paid,DISPUTED,51.79,166.12,800.45,2023-10-05 10:00:10,Invalid or missing billing amount
BILL00014994,CUST003273,MTR003273,RP003,2023-10-01,2023-10-31,2023-11-05,2023-11-16,291.6,119.02,147.15,1403.8,52.35,140.38,,1596.53,0.0,Online,2023-11-16,Paid,Written Off,3537.01,14.87,693.62,,Invalid or missing billing amount
BILL00023704,CUST000355,MTR000355,RP006,2024-06-01,2024-06-30,,2024-07-19,278.81,98.6,150.66,1333.45,421.29,133.35,,0.0,1888.09,,,Overdue,Partial,4682.68,105.1,689.26,2024-07-05 15:11:08,Invalid or missing billing amount
BILL00007490,CUST003746,MTR003746,RP004,01/06/2023,2023-06-30,2023-07-05,2023-07-21,292.53,146.03,174.34,1408.91,269.89,140.89,,1819.7,0.0,Cheque,2023-07-09,Paid,Overdue,4205.83,97.83,4.06,2023-07-05 02:34:33,Invalid or missing billing amount
BILL00005660,CUST003257,MTR003257,RP002,2023-03-01,,2023-04-05,2023-04-22,1874.78,663.16,1187.56,14535.63,150.41,1453.56,,16139.6,0.0,,2023-04-23,Paid,Unpaid,4324.58,0,1180.45,2023-04-05 06:18:48,Invalid or missing billing amount
BILL00019680,CUST003850,MTR003850,RP002,2023-01-01,2023-01-31,2023-02-05,2023-02-15,33673.76,10802.96,17550.41,284826.96,212.85,28482.7,,313522.51,0.0,Mobile App,2023-02-09,Paid,Written Off,1105.68,0,1757.45,2023-02-05 00:00:47,Invalid or missing billing amount
BILL00006645,CUST002823,MTR002823,RP003,2023-10-01,2023-10-31,2023-11-05,2023-11-24,224.97,98.95,147.81,1037.34,472.87,103.73,,1613.94,0.0,Cheque,2023-11-20,Paid,Paid,2236.93,175.36,1375.85,2023-11-05 18:18:20,Invalid or missing billing amount
BILL00018363,CUST000795,MTR000795,RP004,2024-09-01,2024-09-30,2024-10-05,2024-10-20,2578.68,859.02,1364.92,20518.78,257.89,2051.88,,0.0,22828.55,,,Overdue,Written Off,158.64,,1758.61,,Invalid or missing billing amount
BILL00017544,CUST004731,MTR004731,RP006,2024-07-01,2024-07-31,2024-08-05,,22604.23,8044.83,14570.82,190735.95,174.38,19073.6,,0.0,209983.94,,,Generated,Partial,3795.87,0,1432.78,2024-08-05 04:20:29,Invalid or missing billing amount
BILL00004124,CUST004113,MTR004113,RP005,2024-08-01,31/08/2024,2024-09-05,2024-09-21,295.0,103.98,168.86,1422.5,324.21,142.25,,1888.96,0.0,Cash,,Paid,Disputed,3181.31,181.7,170.41,2024-09-05 06:39:45,Invalid or missing billing amount
BILL00003828,,MTR004015,RP001,0,2023-07-31,,2023-08-18,294.58,115.44,192.83,1420.19,340.8,142.02,,0.0,,,,Overdue,Written Off,2336.87,UNKNOWN,611.55,2023-08-05 21:02:27,Invalid or missing billing amount
BILL00024956,CUST001016,MTR001016,RP004,2023-07-01,2023-07-31,2023-08-05,2023-08-25,2714.31,1217.28,1518.44,21671.63,450.83,2167.16,,24289.62,0.0,Cash,2023-08-17,Paid,disputed,1649.96,0,1903.21,2023-08-05 05:14:24,Invalid or missing billing amount
BILL00017990,CUST000733,MTR000733,RP006,2024-01-01,2024-01-31,2024-02-05,2024-02-24,193.92,85.38,125.49,866.56,421.62,86.66,,1374.84,0.0,Online,2024-02-19,Paid,Disputed,2506.72,40.2,65.46,2024-02-05 11:05:40,Invalid or missing billing amount
BILL00007636,CUST003949,MTR003949,RP002,2023/02/01,2023-02-28,2023-03-05,2023-03-23,290.04,97.77,163.65,1395.22,342.48,139.52,,1877.22,0.0,Cash,2023-03-05,Paid,Disputed,4544.31,32.03,485.92,,Invalid or missing billing amount
BILL00018677,CUST002832,MTR002832,RP006,2023-03-01,2023-03-31,2023-04-05,2023-04-21,251.63,76.39,173.33,-,145.61,118.4,,1447.97,0.0,Cash,2023-04-20,Paid,Partial,57.77,199.9,813.91,2023-04-05 00:22:37,Invalid or missing billing amount
BILL00000361,CUST003832,MTR003832,RP005,-,2023-01-31,2023-02-05,2023-02-18,256.8,89.27,170.5,1212.4,433.33,121.24,,,1766.97,,,Generated,Written Off,4309.55,3.97,1108.2,2023-02-05 05:53:43,Invalid or missing billing amount
BILL00013406,CUST001011,MTR001011,RP002,2024-02-01,2024-02-29,2024-03-05,2024-03-22,128.14,49.74,77.92,504.77,454.17,50.48,,1009.42,0.0,Online,2024-03-12,Paid,Disputed,2300.88,0,783.46,2024-03-05 18:12:05,Invalid or missing billing amount
BILL00006219,CUST001491,MTR001491,RP001,0,2023-10-31,2023-11-05,2023-11-22,236.98,97.44,158.25,1103.39,267.58,110.34,,1481.31,0.0,Auto Debit,2023-11-09,Paid,Paid,4386.99,197.06,1519.49,,Invalid or missing billing amount
BILL00004770,CUST001113,MTR001113,RP001,2024-06-01,2024-06-30,,2024-07-18,25344.83,10750.09,14283.23,214031.06,421.79,0,,0.0,235855.96,,,Disputed,Unpaid,847.54,0,1780.78,2024-07-05 21:32:04,Invalid or missing billing amount
BILL00015219,CUST002155,MTR002155,0,2024-09-01,2024-09-30,2024-10-05,2024-10-27,105.38,48.21,67.76,379.59,91.97,37.96,,0.0,509.52,,,Overdue,Unpaid,1071.96,0,1929.44,2024-10-05 03:01:45,Invalid or missing billing amount
BILL00007188,CUST004715,MTR004715,RP004,2023-01-01,31-01-2023,2023-02-05,2023-02-15,308.57,153.49,172.92,1509.99,323.72,151.0,,1984.71,0.0,Auto Debit,2023-02-14,Paid,Partial,2000.36,15.87,1579.13,2023-02-05 22:48:38,Invalid or missing billing amount
BILL00024940,CUST001835,MTR001835,RP003,2023-04-01,2023-04-30,2023-05-05,2023-05-23,"361,06",180.02,250.55,1877.42,442.67,187.74,,2507.83,0.0,Auto Debit,2023-05-22,Paid,Overdue,2335.92,10.7,332.85,2023-05-05 04:32:52,Invalid or missing billing amount
BILL00023670,CUST000576,MTR000576,RP005,2024-07-01,2024-07-31,2024-08-05,2024-08-27,20950.41,9768.96,10893.3,176678.48,111.45,17667.85,,0.0,194457.78,,,Overdue,Paid,747.71,0,69.76,2024-08-05 05:15:11,Invalid or missing billing amount
BILL00023776,CUST003617,MTR003617,RP005,2024-06-01,2024-06-30,,2024-07-17,189.21 kWh,93.23,128.57,840.65,373.26,84.07,,1297.99,0.0,Cheque,2024-07-31,Paid,Paid,745.33,177.9,45.06,2024-07-05 05:11:25,Invalid or missing billing amount
BILL00008958,CUST003204,MTR003204,RP005,2023-03-01,2023-03-31,2023-04-05,,279.67,119.36,160.86,1338.18,462.76,133.82,,1934.76,0.0,Mobile App,2023-04-14,Paid,Written Off,380.92,96.97,1502.07,2023-04-05 20:00:07,Invalid or missing billing amount
BILL00003894,CUST000042,MTR000042,RP005,2024-09-01,2024-09-30,2024-10-05,2024-10-16,130.08,48.03,90.78,515.44,225.71,51.54,,0.0,792.69,,,Revised,Unpaid,2423.09,93.63,60.28,2024-10-05 08:07:04,Invalid or missing billing amount
BILL00021997,CUST001258,MTR001258,RP004,2023-12-01,2023-12-31,,2024-01-25,687.49,292.93,474.11,4443.66,200.78,444.37,,0.0,5088.81,,,Generated,Written Off,2085.11,,191.8,2024-01-05 13:46:29,Invalid or missing billing amount
BILL00012080,CUST000216,MTR000216,RP003,2023-06-01,2023-06-30,2023-07-05,2023-07-17,302.16,115.4,202.47,1465.12,466.45,-,,2078.08,0.0,Cheque,2023-07-21,Paid,Disputed,3969.96,132.19,692.25,2023-07-05 01:11:11,Invalid or missing billing amount
BILL00010887,CUST001639,MTR001639,RP001,2024-09-01,2024-09-30,2024-10-05,2024-10-29,246.64,100.73,143.73,1156.52,494.46,115.65,,1766.63,0.0,Cash,2024-11-05,Paid,Disputed,4712.94,136.23,1228.6,2024-10-05 12:03:06,Invalid or missing billing amount
BILL00014591,CUST001667,MTR001667,RP001,2024-11-01,2024-11-30,2024-12-05,2024-12-22,222.79,93.86,115.81,1025.34,112.85,102.53,,1240.72,0.0,Bank Transfer,2024-12-26,Paid,,0,19.38,1166.69,2024-12-05 04:58:53,Invalid or missing billing amount
BILL00006547,CUST002207,MTR002207,RP005,2023-04-01,2023-04-30,2023-05-05,2023-05-23,300.73,99.73,163.79,1455.11,208.64,145.51,,0.0,1809.26,,,Generated,Partial,3194.07,151.37,,,Invalid or missing billing amount
BILL00011010,CUST002997,MTR002997,RP005,2024-07-01,2024-07-31,2024-08-05,2024-08-29,102.18,39.16,56.67,361.99,395.42,36.2,,793.61,0.0,Cheque,2024-09-07,Paid,Paid,2710.76,7.12,1416.87,2024-08-05 07:45:04,Invalid or missing billing amount
BILL00001120,CUST000613,MTR000613,RP002,2024-08-01,2024-08-31,2024-09-05,2024-09-24,93.31,32.33,59.52,326.59,162.59,32.66,,0.0,521.84,,,generated,,4304.4,,1602.81,2024-09-05 02:54:09,Invalid or missing billing amount
BILL00017732,CUST001524,MTR001524,-,2023-07-01,2023-07-31,2023-08-05,2023-08-22,244.13,92.84,166.54,1142.71,342.71,114.27,,1599.69,0.0,Mobile App,2023-09-05,Paid,Disputed,4827.4,27.77,1298.42,2023-08-05 22:35:34,Invalid or missing billing amount
BILL00016349,CUST000554,MTR000554,RP001,2024-04-01,2024-04-30,2024-05-05,,168.9,55.39,114.62,728.95,196.9,72.9,,998.75,0.0,Bank Transfer,2024-05-15,Paid,Paid,3812.19,70.32,1473.9,2024-05-05 21:29:13,Invalid or missing billing amount
BILL00005452,CUST001107,MTR001107,,2023-07-01,2023-07-31,2023-08-05,2023-08-22,838.21,,487.73,5724.78,178.66,572.48,,6475.92,,Mobile App,2023-08-29,Paid,Paid,805.43,191.69,UNKNOWN,2023-08-05 04:27:10,Invalid or missing billing amount
BILL00012672,CUST004515,MTR004515,RP005,2023-06-01,2023-06-30,2023-07-05,2023-07-22,2575.05,,1368.25,20487.93,450.27,2048.79,,0.0,22986.98,,,Overdue,Disputed,2085.24,0,1042.76,2023-07-05 20:53:28,Invalid or missing billing amount
BILL00018001,CUST001207,MTR001207,RP004,2023-10-01,2023-10-31,2023-11-05,2023-11-21,327.48,134.3,209.1,1642.36,73.52,164.24,,1880.12,0.0,Bank Transfer,2023-11-07,Paid,Overdue,1050.26,79.84,1065.69,2023-11-05 21:43:27,Invalid or missing billing amount
BILL00001402,CUST003658,MTR003658,RP002,2024-06-01,2024-06-30,2024-07-05,2024-07-24,"20207,48",9245.24,13077.3,170363.58,219.6,17036.36,,0.0,187619.54,,,Overdue,0,2695.53,0,643.36,2024-07-05 23:51:33,Invalid or missing billing amount
BILL00001511,CUST001794,MTR001794,RP006,,2023-05-31,2023-06-05,2023-06-15,292.78,120.08,189.85,1410.29,129.43,141.03,,0.0,1680.75,,,Sent,Disputed,1842.28,-,425.63,2023-06-05 03:08:26,Invalid or missing billing amount
BILL00001289,CUST000813,MTR000813,RP005,2023-11-01,2023-11-30,2023-12-05,2023-12-27,434.47,146.51,,2391.29,81.84,239.13,,2712.26,0.0,Cash,2023-12-26,Paid,Overdue,4273.02,0,977.29,2023-12-05 12:47:10,Invalid or missing billing amount
BILL00010440,CUST004024,MTR004024,RP002,2023-11-01,2023-11-30,2023-12-05,2023-12-15,285.03,129.81,197.77,1367.66,108.08,136.77,,1612.52,0.0,Cheque,2023-12-16,Paid,Unpaid,844.1,,752.82,2023-12-05 04:51:37,Invalid or missing billing amount
BILL00014728,CUST000540,MTR000540,RP002,2023-11-01,2023-11-30,,2023-12-23,188.96,73.38,103.58,839.28,431.33,83.93,,0.0,,,,Overdue,Written Off,,179.34,1814.07,,Invalid or missing billing amount
BILL00011460,CUST003129,MTR003129,RP006,2024-06-01,2024-06-30,2024-07-05,2024-07-21,122.18,60.87,62.53,471.99,107.49,47.2,,626.68,0.0,Mobile App,2024-07-08,Paid,Unpaid,3411.42,137.49,278.03,2024-07-05 13:31:53,Invalid or missing billing amount
BILL00021434,CUST001959,MTR001959,RP004,2024-02-01,2024-02-29,2024-03-05,,36123.61,12251.84,22426.01,305650.68,240.03,30565.07,,336455.79,0.0,cash,2024-03-10,Paid,Written Off,1600.97,0,1980.71,2024-03-05 05:53:11,Invalid or missing billing amount
BILL00010841,CUST002156,MTR002156,RP006,2024-07-01,2024-07-31,2024-08-05,2024-08-30,236.65,108.11,125.2,UNKNOWN,185.18,110.16,,1396.91,0.0,Auto Debit,2024-09-09,Paid,Written Off,978.8,7.03,995.61,2024-08-05 04:15:58,Invalid or missing billing amount
BILL00017992,CUST004618,MTR004618,RP002,2024-04-01,2024-04-30,2024-05-05,2024-05-30,2129.65,889.61,1262.29,16702.03,369.07,1670.2,,0.0,18741.29,,,Disputed,Disputed,965.95,0,60.01,2024-05-05 13:49:04,Invalid or missing billing amount
BILL00008164,CUST001573,MTR001573,RP006,2024-04-01,2024-04-30,,2024-05-19,1967.11,981.69,1299.35,15320.43,300.11,1532.04,,0.0,17152.58,,,Generated,Paid,1227.7,0,1435.08,2024-05-05 02:24:52,Invalid or missing billing amount
BILL00014079,CUST003226,,RP001,2024-09-01,2024-09-30,2024-10-05,,126.9,58.48,72.39,497.95,201.64,49.8,,749.39,0.0,AUTO DEBIT,2024-10-08,Paid,Overdue,4838.28,166.88,1791.18,2024-10-05 17:26:14,Invalid or missing billing amount
BILL00003962,CUST001217,MTR001217,RP006,2024-01-01,2024-01-31,2024-02-05,2024-02-29,0,1167.46,1342.65,19174.42,369.0,1917.44,,0.0,21460.86,,,Revised,Disputed,1645.53,0,1534.45,2024-02-05 18:23:30,Invalid or missing billing amount
BILL00014638,CUST003805,MTR003805,RP004,2023-12-01,2023-12-31,2024-01-05,,95.75,34.38,0,335.12,136.08,33.51,,0.0,504.71,,,Overdue,Unpaid,434.14,0,1051.09,2024-01-05 02:04:19,Invalid or missing billing amount
BILL00023082,CUST001234,MTR001234,0,0,2023-09-30,2023-10-05,2023-10-22,215.23,95.57,107.99,983.76,414.68,98.38,,0.0,1496.83,,,Disputed,Written Off,2010.31,154.65,1452.79,2023-10-05 17:19:38,Invalid or missing billing amount
BILL00003780,CUST099818,,,2023-07-01,2023-07-31,2023-08-05,2023-08-19,237.5,-,127.26,1106.25,448.7,110.62,,0.0,1665.57,,,Disputed,Unpaid,2266.21,141.97,1785.73,2023-08-05 22:48:24,Invalid or missing billing amount
BILL00002894,CUST003586,MTR003586,RP004,2024-05-01,2024-05-31,2024-06-05,2024-06-23,92.25 kWh,44.21,59.08,322.88,267.25,32.29,,0.0,622.42,,,Generated,Disputed,1716.49,41.81,313.74,,Invalid or missing billing amount
BILL00021419,CUST003507,,RP001,2023-06-01,2023-06-30,2023-07-05,2023-07-29,168.42,68.91,102.91,726.31,231.93,72.63,,1030.87,0.0,Online,,Paid,Disputed,2015.13,196.35,,2023-07-05 18:10:00,Invalid or missing billing amount
BILL00021441,CUST002139,MTR002139,RP004,2023-05-01,2023/05/31,2023-06-05,2023-06-21,1389.19,530.03,700.99,10408.12,424.88,1040.81,,11873.8,0.0,Bank Transfer,2023-06-10,Paid,Disputed,3507.94,0,671.69,2023-06-05 05:26:19,Invalid or missing billing amount
BILL00022956,CUST004050,MTR004050,RP001,2024-02-01,2024-02-29,,2024-03-25,8037.55,2471.74,5087.04,66919.18,320.98,6691.92,,73932.08,0.0,Bank Transfer,,Paid,Partial,3006.3,0,62.65,2024-03-05 14:06:55,Invalid or missing billing amount
BILL00001866,CUST002652,MTR002652,RP001,2023-08-01,2023-08-31,,2023-09-15,1004.42,481.67,612.79,7137.57,,-,,7974.47,0.0,Cash,2023-09-06,0,Disputed,4415.49,UNKNOWN,1161.52,2023-09-05 14:17:43,Invalid or missing billing amount
BILL00020914,CUST000914,MTR000914,RP005,2023-07-01,2023-07-31,,2023-08-26,2219.2,987.59,1316.84,17463.2,442.32,1746.32,,0.0,19651.84,,,Sent,Unpaid,,0,564.06,2023-08-05 02:55:51,Invalid or missing billing amount
BILL00023533,CUST000777,MTR000777,RP001,2023-04-01,2023-04-30,2023-05-05,2023-05-28,107.75,52.33,60.02,392.62,173.26,39.26,,605.14,0.0,Cash,2023-06-03,Paid,Written Off,1084.67,0,1551.42,2023-05-05 19:23:00,Invalid or missing billing amount
BILL00005357,CUST001298,MTR001298,RP003,2024-05-01,2024-05-31,2024-06-05,2024-06-21,189.37,79.25,-,841.54,185.25,84.15,,1110.93,0.0,Mobile App,2024-07-04,Paid,Written Off,1259.78,78.54,113.25,2024-06-05 17:27:06,Invalid or missing billing amount
BILL00002005,CUST000434,MTR000434,RP006,2023-06-01,2023-06-30,2023-07-05,2023-07-30,26492.5,10096.4,-,223786.25,161.93,22378.62,,0.0,246326.8,,,Overdue,Unpaid,3294.29,0,383.29,2023-07-05 01:17:36,Invalid or missing billing amount
BILL00019849,CUST003698,MTR003698,RP003,2024-04-01,2024-04-30,2024-05-05,2024-05-25,298.45,98.68,205.92,,UNKNOWN,144.15,,0.0,1837.78,,,Disputed,Paid,3460.87,176.59,755.13,2024-05-05 15:08:59,Invalid or missing billing amount
BILL00009179,CUST004406,MTR004406,RP006,2024-08-01,2024-08-31,2024-09-05,2024-09-18,2030.36,804.55,1196.05,15858.06,214.12,1585.81,,0.0,17657.99,,,Disputed,,1772.18,0,794.41,2024-09-05 09:31:41,Invalid or missing billing amount
BILL00008917,CUST002226,MTR002226,RP003,2023-09-01,2023-09-30,2023-10-05,2023-10-17,271.19 kWh,100.26,148.33,1291.55,292.49,129.15,,0.0,1713.18,,,Overdue,Partial,2150.56,189.24,549.13,2023-10-05 10:59:57,Invalid or missing billing amount
BILL00016847,CUST002973,,,2023-10-01,2023-10-31,2023-11-05,2023-11-19,181790.0,77.18,97.13,799.85,214.86,79.98,,1094.68,0.0,Bank Transfer,2023-11-01,,Overdue,3660.06,4.82,727.54,2023-11-05 11:27:32,Invalid or missing billing amount
BILL00007575,CUST000760,MTR000760,RP002,2024-09-01,2024-09-30,2024-10-05,2024-10-30,280.89 kWh,123.75,182.92,1344.89,163.08,-,,0.0,1642.47,,,Revised,Overdue,2945.18,105.79,239.4,2024-10-05 08:17:06,Invalid or missing billing amount
BILL00000643,CUST000810,MTR000810,RP001,2023-10-01,2023-10-31,2023-11-05,2023-11-29,1415.24,484.66,972.13,10629.54,221.88,1062.95,,0.0,11914.37,,,Overdue,Disputed,3952.89,0,94.82,2023-11-05 08:49:50,Invalid or missing billing amount
BILL00009251,CUST000436,MTR000436,RP003,2023-11-01,2023-11-30,2023-12-05,2023-12-20,290.2,126.84,150.46,1396.1,207.74,139.61,,1743.45,0.0,MOBILE APP,2023-12-11,Paid,,,69.81,644.63,2023-12-05 19:21:53,Invalid or missing billing amount
BILL00023884,CUST004048,MTR004048,RP005,2024-11-01,2024-11-30,,2024-12-29,326.48,115.36,225.23,1635.36,348.47,163.54,,2147.37,0.0,Cheque,2024-12-29,Paid,Disputed,1483.85,0,453.25,2024-12-05 00:52:05,Invalid or missing billing amount
BILL00023205,CUST004538,MTR004538,RP005,2023-06-01,2023-06-30,2023-07-05,2023-07-24,1043.93,401.83,594.38,7473.41,,747.34,,8457.91,0.0,Cheque,,PAID,Overdue,4342.82,143.95,789.89,2023-07-05 10:11:49,Invalid or missing billing amount
BILL00021676,CUST004385,MTR004385,RP006,2023-04-01,30/04/2023,2023-05-05,,28953.21,11819.08,20073.7,244702.29,168.88,24470.23,,269341.39,0.0,Cheque,2023-06-02,Paid,Partial,2194.89,0,649.71,2023-05-05 23:03:49,Invalid or missing billing amount
BILL00014429,CUST000213,MTR000213,RP002,2023-10-01,2023-10-31,2023-11-05,2023-11-26,22145.46,10430.8,15378.03,186836.41,324.07,18683.64,,,205844.12,,,Generated,Overdue,4581.2,0,1289.11,2023-11-05 12:42:27,Invalid or missing billing amount
BILL00016363,CUST003597,MTR003597,RP001,2024-04-01,2024-04-30,2024-05-05,2024-05-27,23294.61,10925.07,14830.43,196604.18,138.23,19660.42,,216402.84,0.0,Mobile App,2024-05-08,Paid,Disputed,3861.99,0,689.68,2024-05-05 12:08:38,Invalid or missing billing amount
BILL00016349,CUST000554,MTR000554,RP001,2024-04-01,2024-04-30,2024-05-05,,168.9,55.39,114.62,728.95,196.9,72.9,,998.75,0.0,Bank Transfer,2024-05-15,Paid,Paid,3812.19,70.32,1473.9,2024-05-05 21:29:29,Invalid or missing billing amount
BILL00016557,CUST003721,MTR003721,RP006,2023-11-01,2023-11-30,2023-12-05,2023-12-19,17169.06,5642.88,10331.1,144537.01,79.23,14453.7,,159069.94,0.0,Cash,2023-12-09,Paid,Paid,739.51,0,234.61,2023-12-05 01:56:48,Invalid or missing billing amount
BILL00001760,CUST002477,MTR002477,RP004,2024-07-01,0,2024-08-05,2024-08-20,204.89,100.19,123.27,926.89,152.07,92.69,,0.0,1171.66,,,Disputed,,4941.9,103.81,1673.07,2024-08-05 07:06:04,Invalid or missing billing amount
BILL00000972,CUST000380,MTR000380,RP003,2023-08-01,2023-08-31,2023-09-05,2023-09-22,414.79,195.01,220.11,2253.53,430.23,225.35,,2909.11,0.0,Cheque,2023-10-01,Paid,Partial,1345.57,0,873.5,2023-09-05 12:18:33,Invalid or missing billing amount
BILL00023241,CUST002702,MTR002702,RP004,2024-12-01,2024-12-31,,2025-01-30,1903.37,643.29,1152.28,14778.64,468.09,1477.86,,0.0,16724.6,,,Overdue,Disputed,1174.81,0,619.46,2025-01-05 06:26:44,Invalid or missing billing amount
BILL00015073,CUST004531,MTR004531,RP005,2023-10-01,2023-10-31,2023-11-05,2023-11-21,2599.99,928.99,1803.86,20699.91,,2069.99,,0.0,23248.65,,,Overdue,Disputed,417.95,0,1579.65,2023-11-05 04:26:20,Invalid or missing billing amount
BILL00004905,CUST001169,MTR001169,RP001,2024-07-01,1722384000,2024-08-05,2024-08-18,406.96,141.29,282.54,2198.72,496.12,219.87,,2914.71,0.0,Mobile App,2024-08-30,Paid,Unpaid,4260.65,36.33,439.5,,Invalid or missing billing amount
BILL00020871,CUST002359,MTR002359,RP005,2024-01-01,2024-01-31,,2024-02-22,200.63,0,110.59,903.46,199.25,90.35,,1193.07,0.0,Cheque,2024-02-26,Paid,Overdue,2037.97,85.8,765.08,2024-02-05 05:10:23,Invalid or missing billing amount
BILL00005513,CUST004454,MTR004454,RP001,2023-05-01,2023-05-31,2023-06-05,,299.35,144.59,,1446.43,185.18,144.64,,1776.25,0.0,,2023-07-08,Paid,Partial,1016.38,148.01,1348.23,2023-06-05 03:36:49,Invalid or missing billing amount
BILL00019471,CUST003549,MTR003549,RP006,2023-07-01,31-07-2023,2023-08-05,2023-08-17,256.13 kWh,0,0,1208.71,487.35,120.87,,0.0,1816.94,,,Generated,-,,151.02,355.78,2023-08-05 10:35:03,Invalid or missing billing amount
BILL00012440,CUST004856,MTR004856,RP004,2024-10-01,2024-10-31,2024-11-05,2024-11-27,2049.83,859.9,1076.78,16023.56,236.66,1602.36,,17862.58,0.0,Mobile App,2024-11-26,Paid,Paid,3868.16,0,1911.62,2024-11-05 06:50:52,Invalid or missing billing amount
BILL00018614,CUST001582,MTR001582,RP001,2024-01-01,2024-01-31,2024-02-05,,346.19,159.5,215.77,1773.33,,0,,0.0,2296.7,,,Overdue,Disputed,2097.42,194.15,1737.69,2024-02-05 08:12:16,Invalid or missing billing amount
BILL00007363,CUST002881,MTR002881,RP004,2023-02-01,2023-02-28,2023-03-05,2023-03-20,2510.03,1041.38,1589.79,19935.26,418.17,1993.53,,22346.96,0.0,Mobile App,2023-03-13,Paid,Partial,4944.69,0,1173.88,2023-03-05 17:18:45,Invalid or missing billing amount
BILL00008604,CUST003490,MTR003490,RP005,2024-04-01,2024-04-30,2024-05-05,2024-05-27,105.24,-,61.44,378.82,247.41,37.88,,664.11,0.0,Mobile App,2024-06-04,Paid,Disputed,4962.14,0,1624.96,2024-05-05 17:05:26,Invalid or missing billing amount
BILL00018132,CUST004725,MTR004725,RP002,2023-04-01,30/04/2023,2023-05-05,2023-05-29,389.78,189.93,223.36,2078.46,131.97,207.85,,2418.28,0.0,Cheque,2023-06-13,Paid,Partial,603.79,34.29,1721.03,2023-05-05 03:51:31,Invalid or missing billing amount
BILL00024194,CUST002288,MTR002288,RP004,2023-11-01,,2023-12-05,2023-12-26,,527.44,781.87,9738.32,90.81,973.83,,10802.95,0.0,Bank Transfer,,Paid,disputed,,0,1059.0,2023-12-05 16:01:43,Invalid or missing billing amount
BILL00009377,CUST004493,MTR004493,RP005,2024-01-01T00:00:00Z,31-01-2024,2024-02-05,2024-02-17,1946.51,693.98,1147.04,15145.33,225.62,1514.53,,0.0,16885.48,,,Generated,unpaid,873.29,0,,2024-02-05 05:15:55,Invalid or missing billing amount
BILL00004333,CUST004576,MTR004576,RP005,2023-09-01,2023-09-30,2023-10-05,2023-10-17,781.2,284.85,489.19,5240.2,93.9,524.02,,0.0,5858.12,,,Sent,Paid,3331.61,31.47,,2023-10-05 20:12:57,Invalid or missing billing amount
BILL00020388,CUST000797,MTR000797,RP005,2023-08-01,1693440000,2023-09-05,2023-09-30,381.59,138.46,236.38,2021.13,207.36,202.11,,2430.6,0.0,Mobile App,2023-10-14,Paid,Partial,3669.29,,1607.82,2023-09-05 16:25:39,Invalid or missing billing amount
BILL00015965,CUST004130,MTR004130,RP006,2024-03-01,2024-03-31,2024-04-05,2024-04-17,25.53959,9022.65,UNKNOWN,215686.52,,21568.65,,,0.0,Online,2024-04-15,Paid,Paid,3665.71,0,1758.1,2024-04-05 10:25:30,Invalid or missing billing amount
BILL00024797,CUST004223,MTR004223,RP006,2023-02-01,2023-02-28,2023-03-05,2023-03-25,164.09,53.04,87.47,702.5,128.84,70.25,,901.59,0.0,Bank Transfer,2023-03-25,Paid,Partial,2590.75,97.32,1067.84,2023-03-05 23:39:29,Invalid or missing billing amount
BILL00021296,CUST099045,MTR002240,RP002,2023-12-01,2023-12-31,2024-01-05,2024-01-26,256.71,118.73,177.4,1211.9,183.2,121.19,,1516.3,0.0,Online,2024-01-30,Paid,Partial,-,139.34,581.62,2024-01-05 01:21:03,Invalid or missing billing amount
BILL00018237,CUST004832,MTR004832,RP006,2023-09-01,0,2023-10-05,,97.19,34.39,56.2,340.16,324.94,34.02,,0.0,699.12,,,Overdue,Paid,2709.98,0,908.77,2023-10-05 09:51:19,Invalid or missing billing amount
BILL00021503,CUST001255,MTR001255,RP006,2024-06-01,2024-06-30,2024-07-05,,597.05,285.54,378.28,3674.92,134.3,367.49,,4176.72,0.0,Cheque,,Paid,Written Off,2276.23,139.88,1534.92,2024-07-05 23:21:18,Invalid or missing billing amount
BILL00003986,CUST004803,MTR004803,RP001,2023-06-01,2023-06-30,,2023-07-19,221.22,94.77,,1016.71,340.42,101.67,,1458.8,0.0,Mobile App,,Paid,Paid,1722.29,83.79,1772.56,2023-07-05 09:14:18,Invalid or missing billing amount
BILL00000169,CUST002091,MTR002091,RP003,2024-06-01,2024-06-30,2024-07-05,2024-07-17,169.67,64.15,,733.18,60.11,73.32,,0.0,866.61,,,Generated,Disputed,2449.31,,1373.48,2024-07-05 11:32:35,Invalid or missing billing amount
BILL00006708,CUST001461,MTR001461,,2023-11-01T00:00:00Z,2023-11-30,2023-12-05,2023-12-21,102.11,44.07,,361.61,183.98,36.16,,581.74,0.0,Bank Transfer,2024-01-05,Paid,Written Off,200.63,0,789.42,,Invalid or missing billing amount
BILL00006921,CUST004143,MTR004143,RP006,2023-10-01,2023-10-31,2023-11-05,2023-11-20,-,45.07,93.17,534.03,274.58,53.4,,0.0,862.01,,,Overdue,Paid,3341.2,45.38,82.27,2023-11-05 09:01:51,Invalid or missing billing amount
BILL00014524,CUST004379,MTR004379,RP004,2023-10-01,2023-10-31,,2023-11-15,1585.26,609.84,1095.29,12074.71,141.73,1207.47,,13423.91,0.0,Online,2023-11-24,Paid,Paid,3242.08,0,1347.55,2023-11-05 19:32:33,Invalid or missing billing amount
BILL00015475,CUST000711,MTR000711,RP001,2023-11-01,2023-11-30T00:00:00Z,,2023-12-28,25013.0,11352.36,14508.11,211210.5,453.92,21121.05,,0.0,232785.47,,,Generated,0,,0,1070.32,2023-12-05 16:16:22,Invalid or missing billing amount
BILL00023609,CUST000271,MTR000271,RP001,2024-08-01,2024-08-31,2024-09-05,2024-09-21,129.83,40.1,,514.07,472.72,51.41,,0.0,1038.19,,,Generated,Unpaid,3826.52,0,1423.67,2024-09-05 04:15:39,Invalid or missing billing amount
BILL00002575,CUST001555,MTR001555,RP005,2023-11-01,30/11/2023,2023-12-05,2023-12-22,0.32115,156.03,195.35,1598.05,105.35,159.8,,1863.2,0.0,Mobile App,2023-12-07,Paid,Written Off,3515.96,0,594.89,2023-12-05 01:22:18,Invalid or missing billing amount
BILL00021960,CUST002664,MTR002664,RP004,2024-04-01T00:00:00Z,2024-04-30,2024-05-05,,294.14,112.97,0,,291.13,141.78,,0.0,,,,Overdue,Partial,1845.28,65.29,1363.65,2024-05-05 17:40:34,Invalid or missing billing amount
BILL00011970,CUST003233,MTR003233,RP001,2023-04-01,,,2023-05-15,312.2,-,178.19,,,153.54,,1761.19,0.0,Online,2023-05-05,Paid,Written Off,1822.07,UNKNOWN,-,,Invalid or missing billing amount
BILL00023660,,MTR003301,RP006,2023-01-01,2023-01-31,2023-02-05,2023-03-01,240.44,117.81,134.46,1122.42,144.65,112.24,,0.0,1379.31,,,Overdue,Written Off,2251.59,60.51,545.99,2023-02-05 09:25:21,Invalid or missing billing amount
BILL00003550,CUST002037,MTR002037,RP001,2023-11-01,2023-11-30,2023-12-05,,22007.07,8049.83,13350.97,185660.1,320.87,18566.01,,204546.97,0.0,0,,Paid,Partial,267.01,0,1684.32,2023-12-05 22:01:25,Invalid or missing billing amount
BILL00001437,CUST000519,MTR000519,RP003,2024-06-01,2024-06-30,,2024-07-30,311.36 kWh,105.97,186.29,1529.52,372.1,152.95,,0.0,2054.57,,,Disputed,,3556.78,186.78,1732.07,2024-07-05 06:24:29,Invalid or missing billing amount
BILL00014663,CUST000709,MTR000709,RP002,2024-08-01,2024-08-31,2024-09-05,2024-09-22,281.34,97.95,-,1347.37,401.6,134.74,,0.0,0.0,,2024-09-11,Paid,Disputed,1024.95,3.3,7.26,2024-09-05 18:46:42,Invalid or missing billing amount
BILL00005504,CUST001762,MTR001762,RP003,2023-04-01,2023-04-30,2023-05-05,2023-05-15,380.67,133.42,236.21,2014.69,114.3,201.47,,0.0,2330.46,,,Generated,,2104.21,135.81,-,2023-05-05 02:13:56,Invalid or missing billing amount
BILL00015906,CUST000465,MTR000465,RP005,2024-12-01,2024-12-31,2025-01-05,2025-01-28,210.4,77.03,141.19,957.2,222.68,95.72,,1275.6,0.0,Mobile App,,Paid,Paid,4415.15,35.51,333.41,,Invalid or missing billing amount
BILL00013731,CUST003436,MTR003436,RP004,2023-08-01,1693440000,2023-09-05,2023-09-25,28659.2,12796.19,14716.41,242203.2,,24220.32,,0.0,266653.57,,,Disputed,Partial,2780.65,0,747.14,2023-09-05 11:52:42,Invalid or missing billing amount
BILL00023165,CUST004010,MTR004010,RP005,2024-07-01,2024-07-31,2024-08-05,2024-08-27,351.74,124.42,236.72,1812.18,281.96,181.22,,0.0,2275.36,,,Generated,Partial,918.78,39.51,688.11,2024-08-05 04:27:23,Invalid or missing billing amount
BILL00021018,CUST002193,MTR002193,RP004,2024-11-01,2024-11-30,2024-12-05,2024-12-27,230.46,103.64,161.1,1067.53,128.89,106.75,,0.0,1303.17,,,Revised,Disputed,4712.16,42.91,1580.21,2024-12-05 07:35:19,Invalid or missing billing amount
BILL00014143,CUST003244,MTR003244,RP002,2024-11-01,2024-11-30,2024-12-05,2024-12-26,167.71,78.77,100.38,722.4,178.74,72.24,,973.38,,-,,Paid,Overdue,3295.64,39.8,,2024-12-05 00:14:43,Invalid or missing billing amount
BILL00010590,CUST004704,MTR004704,RP004,2024-03-01,2024-03-31,2024-04-05,2024-04-28,173.34,85.9,,753.37,193.75,75.34,,,,,,Revised,Disputed,2575.36,0,57.69,2024-04-05 22:36:12,Invalid or missing billing amount
BILL00019452,CUST004708,MTR004708,RP001,2023-01-01,2023-01-31,2023-02-05,2023-02-18,178.9,,91.66,783.95,472.01,78.4,,0.0,1334.36,,,Revised,Overdue,4557.31,152.61,247.26,2023-02-05 15:06:46,Invalid or missing billing amount
BILL00020732,CUST000173,MTR000173,RP003,2023-01-01,2023-01-31,2023-02-05,2023-02-20,19909.77,6450.28,13249.21,167833.05,354.18,16783.3,,184970.52,0.0,Bank Transfer,2023-02-23,Paid,Partial,2644.65,0,111.52,,Invalid or missing billing amount
BILL00008627,CUST004496,MTR004496,RP006,2023-06-01,2023-06-30,2023-07-05,,540268.55,1348.86,1545.02,21777.21,52.78,2177.72,,0.0,24007.71,,,Generated,Disputed,895.06,0,1821.77,2023-07-05 21:39:01,Invalid or missing billing amount
BILL00019187,CUST003917,MTR003917,RP006,2024-07-01,2024-07-31,2024-08-05,2024-08-30,1665.38,,850.09,12755.73,368.64,1275.57,,14399.94,0.0,Cash,2024-08-17,Paid,Paid,1268.3,0,1650.22,2024-08-05 02:39:11,Invalid or missing billing amount
BILL00001485,CUST001376,MTR001376,RP003,2024-04-01,2024-04-30,,2024-05-26,128.58,49.19,77.73,507.19,420.87,50.72,,978.78,0.0,Auto Debit,2024-05-31,Paid,Overdue,2659.55,135.44,492.82,2024-05-05 23:52:36,Invalid or missing billing amount
BILL00012444,CUST000545,MTR000545,RP001,2023-12-01,2023-12-31,2024-01-05,2024-01-22,183.04,72.09,116.31,806.72,363.55,80.67,,1250.94,0.0,Online,2024-01-28,Paid,Written Off,3990.23,113.46,748.48,2024-01-05 12:07:59,Invalid or missing billing amount
BILL00006069,CUST004013,MTR004013,RP006,2023-07-01,2023-07-31,,2023-08-18,750.46,-,470.74,4978.91,,497.89,,0.0,5608.19,,,Disputed,DISPUTED,1413.37,157.38,UNKNOWN,2023-08-05 19:33:57,Invalid or missing billing amount
BILL00001860,CUST003499,MTR003499,RP004,2024-08-01,2024-08-31,2024-09-05,2024-09-17,,8532.65,9775.56,158224.14,482.15,15822.41,,174528.7,0.0,Auto Debit,2024-09-18,Paid,Partial,0,,,2024-09-05 03:59:55,Invalid or missing billing amount
BILL00013984,CUST002427,MTR002427,RP005,0,2023-10-31,2023-11-05,2023-11-17,11604.34,3848.61,,97236.89,131.38,9723.69,,0.0,107091.96,,,Disputed,Disputed,244.63,0,1447.36,,Invalid or missing billing amount
BILL00018977,CUST001212,MTR001212,RP004,2023-08-01,2023-08-31,2023-09-05,2023-09-24,407.7,194.77,231.07,,98.22,220.39,,2522.51,0.0,Online,2023-09-19,Paid,Disputed,2367.61,81.89,540.6,2023-09-05 00:14:52,Invalid or missing billing amount
BILL00017209,CUST003806,MTR003806,RP006,2024-02-01,2024-02-29,2024-03-05,2024-03-25,282.06,91.59,195.63,1351.33,311.41,135.13,,1797.87,0.0,Cash,2024-03-08,Paid,,3398.89,27.41,1208.13,2024-03-05 03:53:51,Invalid or missing billing amount
BILL00020092,CUST004180,MTR004180,RP005,2024-08-01,2024-08-31,2024-09-05,2024-09-26,37735.32,12510.38,22890.37,319350.22,243.73,31935.02,,351528.97,0.0,Cash,,Paid,Partial,2795.33,0,1788.74,,Invalid or missing billing amount
BILL00013071,CUST002188,MTR002188,RP006,2023-03-01,2023-03-31,2023-04-05,,889.07,409.85,-,6157.1,287.37,615.71,,7060.17,0.0,Mobile App,2023-04-02,Paid,Unpaid,1010.38,-,,2023-04-05 15:49:19,Invalid or missing billing amount
BILL00023303,CUST003940,MTR003940,RP003,2023-05-01,2023-05-31,2023-06-05,2023-06-25,281.14,135.99,161.44,1346.27,421.08,134.63,,1901.98,0.0,Auto Debit,2023-06-13,Paid,Unpaid,199.9,0,97.52,2023-06-05 17:50:02,Invalid or missing billing amount
BILL00006605,CUST001257,MTR001257,RP003,2023-04-01,2023-04-30,,2023-05-24,221.78,69.01,147.59,1019.79,57.78,101.98,,1179.55,0.0,Cash,2023-05-20,Paid,Paid,710.83,20.84,,2023-05-05 15:53:09,Invalid or missing billing amount
BILL00010396,CUST004300,MTR004300,RP002,2023-10-01,2023-10-31,2023-11-05,2023-11-29,320.88,119.21,184.45,1596.16,312.22,159.62,,0.0,2068.0,,,Disputed,Written Off,380.41,92.95,1775.85,2023-11-05 20:11:56,Invalid or missing billing amount
BILL00005372,CUST002010,MTR002010,RP006,2024-01-01,2024-01-31,,2024-02-16,344.9,104.34,233.42,,423.22,176.43,,2363.95,0.0,Online,2024-02-25,Paid,Unpaid,1712.78,57.72,944.84,2024-02-05 15:23:38,Invalid or missing billing amount
BILL00002762,CUST001665,MTR001665,RP002,2023-11-01,2023-11-30,,2023-12-29,1496.61,485.29,982.33,11321.18,118.66,UNKNOWN,,12571.97,0.0,CASH,2024-01-08,Paid,Paid,788.7,0,574.56,2023-12-05 20:38:18,Invalid or missing billing amount
BILL00017280,CUST004272,MTR004272,RP003,2024-02-01,2024-02-29,2024-03-05,2024-03-26,,150.57,190.79,1470.65,419.61,147.06,,2037.32,0.0,Cheque,2024-03-13,Paid,Paid,4251.66,88.6,1278.61,2024-03-05 03:53:46,Invalid or missing billing amount
BILL00017191,CUST002896,MTR002896,RP004,2024-09-01,2024-09-30,2024-10-05,2024-10-30,2109.83,708.8,1436.68,16533.56,384.12,1653.36,,0.0,18571.03,,,Overdue,Unpaid,3592.35,0,881.29,2024-10-05 23:42:42,Invalid or missing billing amount
BILL00020946,CUST004896,MTR004896,-,2023-01-01,31/01/2023,2023-02-05,2023-02-20,2013.65,665.0,1016.52,15716.03,197.05,1571.6,,0.0,17484.68,,,Overdue,Paid,4106.25,0,455.63,2023-02-05 16:35:31,Invalid or missing billing amount
BILL00007893,CUST004445,MTR004445,RP005,2023-10-01,2023-10-31,2023-11-05,2023-11-22,2349.42,781.26,1297.76,18570.07,134.47,1857.01,,20561.55,0.0,Cash,2023-11-14,Paid,Written Off,1230.41,0,626.74,2023-11-05 10:24:45,Invalid or missing billing amount
BILL00020558,CUST000241,MTR000241,RP001,2023-02-01,2023-02-28,2023-03-05,2023-03-20,311.98,139.54,191.25,1533.86,418.9,153.39,,2106.15,0.0,Cheque,,Paid,Overdue,1218.73,175.3,,2023-03-05 00:44:30,Invalid or missing billing amount
BILL00007858,,MTR004963,RP004,2024-04-01,2024-04-30,2024-05-05,2024-05-17,2421.66,1079.38,1537.96,-,447.72,1918.41,,0.0,21550.24,,,Revised,Unpaid,1814.31,0,358.53,2024-05-05 23:25:29,Invalid or missing billing amount
BILL00017463,CUST001048,MTR001048,RP006,2023-12-01,31/12/2023,,2024-01-23,207.08,72.42,144.48,938.94,411.74,93.89,,1444.57,0.0,CASH,2024-01-26,,Partial,2207.0,184.89,395.49,2024-01-05 01:22:21,Invalid or missing billing amount
BILL00011881,CUST004398,MTR004398,RP006,2024-01-01,2024-01-31,2024-02-05,2024-02-26,158.78,54.5,82.5,673.29,432.08,67.33,,1172.7,0.0,Cash,2024-02-21,Paid,Paid,4035.57,23.32,1734.08,2024-02-05 09:20:56,Invalid or missing billing amount
BILL00005247,CUST001982,MTR001982,RP001,2023-06-01,2023-06-30,2023-07-05,2023-07-20,420.42,155.17,270.46,2292.94,,229.29,,,0.0,,2023-08-01,Paid,Written Off,4474.07,100.2,565.76,2023-07-05 22:59:34,Invalid or missing billing amount
BILL00010294,CUST001707,MTR001707,RP006,2023-01-01T00:00:00Z,,2023-02-05,2023-02-27,759.55,268.78,450.87,,368.44,505.62,,0.0,5930.23,,,Disputed,Unpaid,3638.52,0.02,1907.92,,Invalid or missing billing amount
BILL00014264,CUST000839,MTR000839,RP002,2023-02-01,2023-02-28,2023-03-05,,1671.15,591.55,902.22,12804.78,154.02,1280.48,,14239.27,0.0,Bank Transfer,,Paid,Overdue,1644.29,0,1353.93,2023-03-05 09:22:19,Invalid or missing billing amount
BILL00018089,CUST002346,MTR002346,,2024-10-01,2024-10-31,2024-11-05,2024-11-28,148.13,58.8,102.98,614.71,104.07,61.47,,0.0,780.25,,,Overdue,Unpaid,168.78,66.92,1807.91,2024-11-05 19:07:46,Invalid or missing billing amount
BILL00018262,CUST003675,MTR003675,RP003,2023-09-01,2023-09-30,,2023-10-30,246.02,87.76,147.93,1153.11,474.06,115.31,,1742.48,0.0,Mobile App,2023-10-14,Paid,Paid,1309.85,139.58,611.82,2023-10-05 07:46:09,Invalid or missing billing amount
BILL00010394,CUST000568,MTR000568,RP004,2024-01-01,2024-01-31,2024-02-05,2024-02-18,1664.67,673.59,1009.05,12749.69,391.77,1274.97,,0.0,14416.44,,,,disputed,1938.3,0,1706.53,2024-02-05 23:51:23,Invalid or missing billing amount
BILL00016528,CUST001793,MTR001793,-,2024-06-01,2024-06-30,2024-07-05,2024-07-23,164.63,57.04,108.89,705.46,,70.55,,,0.0,Cash,2024-07-05,,Partial,389.47,25.24,,2024-07-05 02:49:24,Invalid or missing billing amount
BILL00000081,CUST003280,MTR003280,RP003,2024-05-01,2024-05-31,2024-06-05,2024-06-25,205.73,66.7,107.43,931.51,380.5,93.15,,0.0,1405.16,,,Generated,Disputed,2261.61,76.51,1406.31,2024-06-05 10:37:41,Invalid or missing billing amount
BILL00009369,CUST000391,MTR000391,,2023-11-01,2023-11-30,2023-12-05,2023-12-18,319.03,121.94,188.67,1583.21,86.31,158.32,,0.0,1827.84,,,Disputed,Partial,3648.3,56.26,1618.5,2023-12-05 13:26:38,Invalid or missing billing amount
BILL00022092,CUST002867,MTR002867,,2023-09-01,2023-09-30,,2023-10-19,,,120.21,889.99,110.26,89.0,,0.0,1089.25,,,Overdue,Overdue,4689.68,16.87,1308.91,2023-10-05 11:05:37,Invalid or missing billing amount
BILL00008928,CUST003624,MTR003624,RP001,2023-08-01,2023-08-31,2023-09-05,2023-09-16,0.07973999999999999,32.94,48.9,279.09,245.73,27.91,,0.0,552.73,,,Disputed,Written Off,3701.95,UNKNOWN,,2023-09-05 19:29:42,Invalid or missing billing amount
BILL00016064,CUST000032,MTR000032,RP003,2023-10-01,2023-10-31,2023-11-05,,17830.56,7087.89,12233.39,150159.76,331.0,15015.98,,0.0,165506.74,,,Overdue,Partial,4096.46,0,1084.87,,Invalid or missing billing amount
BILL00014615,CUST001397,MTR001397,RP004,2024-06-01,2024-06-30,2024-07-05,2024-07-25,1082.04,448.78,558.45,7797.34,446.17,779.73,,9023.24,0.0,,2024-08-03,Paid,Written Off,4638.69,59.66,1636.14,2024-07-05 02:21:08,Invalid or missing billing amount
BILL00015841,CUST004469,MTR004469,RP003,2023-09-01,2023-09-30,2023-10-05,2023-10-25,311.25,122.78,204.04,1528.75,123.04,,,0.0,1804.67,,,Disputed,Paid,1894.03,135.87,26.1,2023-10-05 06:27:24,Invalid or missing billing amount
BILL00015401,CUST001848,MTR001848,RP005,2023-02-01,2023-02-28,,2023-03-22,2250200.0,1080.69,1311.52,17726.7,151.1,1772.67,,19650.47,0.0,Cheque,2023-03-05,Paid,Paid,331.2,0,1084.45,2023-03-05 09:51:10,Invalid or missing billing amount
BILL00000575,CUST002092,0,RP002,2024-07-01,31-07-2024,2024-08-05,2024-08-27,662.97,-,372.1,4235.25,341.34,423.52,-407.48,0.0,5000.1,,,Generated,Unpaid,4831.01,0,,2024-08-05 14:13:17,Negative billing amount
BILL00015173,CUST003142,-,RP001,2024-06-01,2024-06-30,,2024-07-26,1882.11,609.94,1313.27,14597.93,458.63,1459.79,-443.97,0.0,,,,Revised,Partial,2419.59,0,462.64,2024-07-05 13:08:31,Negative billing amount
BILL00019030,CUST000023,MTR000023,RP005,2023-01-01,31-01-2023,2023-02-05,2023-02-22,334.29,143.31,212.67,1690.03,447.66,169.0,-307.75,,0.0,Bank Transfer,2023-02-16,Paid,Disputed,4801.12,134.01,170.35,2023-02-05 19:57:24,Negative billing amount
BILL00022222,CUST001235,MTR001235,RP004,2024-06-01,2024-06-30,2024-07-05,2024-07-25,178.87,,114.17,783.79,UNKNOWN,78.38,-225.27,1264.09,0.0,Online,2024-07-05,Paid,Unpaid,2803.89,168.52,982.68,2024-07-05 07:47:43,Negative billing amount
BILL00014253,CUST004427,MTR004427,RP005,2023-09-01,2023-09-30,2023-10-05,2023-10-16,1267.67,627.35,728.32,9375.19,102.45,937.52,-408.78,0.0,10415.16,,,Overdue,Disputed,893.59,0,,2023-10-05 07:49:18,Negative billing amount
BILL00019232,CUST002895,MTR002895,RP004,2023-11-01,2023-11-30,2023-12-05,2023-12-26,251.19,91.13,133.99,1181.55,487.33,118.15,-381.49,0.0,1787.02,,,Generated,Partial,71.52,81.72,218.49,2023-12-05 11:03:18,Negative billing amount
BILL00018282,CUST001680,MTR001680,RP002,2024-08-01,2024-08-31,2024-09-05,2024-09-17,2073.97,630.97,1283.25,16228.74,291.85,1622.87,-98.67,0.0,18143.47,,,Generated,,2403.14,0,1149.36,2024-09-05 07:35:07,Negative billing amount
BILL00022583,CUST004292,MTR004292,RP005,2024-12-01,2024-12-31,2025-01-05,2025-01-15,25061.72 kWh,10354.51,14908.31,211624.62,303.94,21162.46,-219.92,233091.02,0.0,Cash,,Paid,Unpaid,3979.04,0,1747.41,2025-01-05 05:58:19,Negative billing amount
BILL00009732,CUST002392,MTR002392,RP003,2024-03-01,2024-03-31,2024-04-05,2024-04-19,61.84,20.54,42.6,216.44,398.47,21.64,-18.88,0.0,636.55,,,Generated,Partial,3108.42,43.27,36.63,2024-04-05 11:05:56,Negative billing amount
BILL00023922,CUST003981,MTR003981,RP005,2024-02-01,2024-02-29,,2024-03-24,2048.37,782.13,1059.37,16011.14,169.78,1601.11,-158.75,0.0,17782.03,,,Generated,Paid,2254.96,0,268.48,2024-03-05 09:09:23,Negative billing amount
BILL00020354,CUST000642,MTR000642,RP003,2024-10-01,2024-10-31,2024-11-05,2024-11-29,2354.99,960.71,,18617.41,465.48,1861.74,-189.35,0.0,20944.63,,,Revised,Partial,2367.99,0,1895.66,2024-11-05 11:58:05,Negative billing amount
BILL00023972,CUST001105,MTR001105,RP004,2024-10-01,2024-10-31,2024-11-05,2024-11-18,201.49,66.6,UNKNOWN,908.2,209.15,90.82,-414.18,1208.17,0.0,Auto Debit,2024-11-27,Paid,Unpaid,1286.97,154.52,1336.39,2024-11-05 04:08:58,Negative billing amount
BILL00017214,CUST000475,MTR000475,RP003,2024-04-01,2024-04-30,2024-05-05,2024-05-16,271.77,0,173.54,1294.73,382.67,129.47,-341.87,1806.88,0.0,Bank Transfer,,Paid,Written Off,3037.0,,891.4,2024-05-05 18:14:01,Negative billing amount
BILL00008216,CUST000523,MTR000523,RP002,2024-03-01,2024-03-31,2024-04-05,,306.43,-,212.51,1495.01,332.28,149.5,-21.98,,0.0,Cash,2024-04-21,Paid,Overdue,4873.98,149.31,1480.96,2024-04-05 12:37:06,Negative billing amount
BILL00023516,CUST003015,MTR003015,RP002,2023-09-01,2023-09-30,2023-10-05,2023-10-22,253.32,95.24,,1193.26,351.79,119.33,-287.5,0.0,1664.38,,,Overdue,Overdue,1408.21,110.42,632.31,,Negative billing amount
BILL00000075,CUST004016,MTR004016,RP006,2023-09-01,2023-09-30,2023-10-05,2023-10-19,388.38,188.03,250.69,2068.66,210.82,206.87,-150.41,0.0,2486.35,,,Overdue,Written Off,3177.55,0,33.94,2023-10-05 04:49:40,Negative billing amount
BILL00024434,CUST099796,MTR004155,RP006,01-12-2024,2024/12/31,2025-01-05,2025-01-17,121.41,36.84,69.84,467.75,240.18,46.78,-452.68,754.71,0.0,Cheque,,Paid,Overdue,1501.82,0,416.09,2025-01-05 19:04:06,Negative billing amount
BILL00002843,CUST003082,MTR003082,RP006,2023-09-01,2023-09-30,,2023-10-30,1647.94,817.69,924.3,12607.49,222.09,1260.75,-472.27,0.0,,,,Revised,Written Off,1632.46,0,431.8,2023-10-05 19:02:38,Negative billing amount
BILL00009524,CUST002385,MTR002385,RP006,2023-10-01,2023-10-31,2023-11-05,2023-11-28,36003.95,0,23185.62,304633.57,458.73,30463.36,-161.99,335555.67,0.0,Bank Transfer,2023-12-12,Paid,Disputed,1931.38,0,38.54,2023-11-05 02:31:47,Negative billing amount
BILL00015975,CUST002647,MTR002647,RP002,2023-01-01,2023-01-31,2023-02-05,,166.76,66.71,110.05,717.18,298.79,71.72,-184.08,0.0,1087.69,,,Disputed,Unpaid,587.25,0,258.04,2023-02-05 04:48:12,Negative billing amount
BILL00002636,CUST003708,MTR003708,RP003,2023-11-01,2023-11-30,2023-12-05,2023-12-18,2404.53,901.53,1647.31,19038.51,52.8,1903.85,-428.17,0.0,20995.15,,,generated,Paid,2887.09,0,647.19,,Negative billing amount
BILL00018772,CUST004722,MTR004722,RP001,2023-06-01,2023-06-30,2023-07-05,2023-07-17,148.52,68.39,90.47,616.86,265.09,61.69,-28.31,943.64,0.0,Auto Debit,2023-07-19,PAID,UNPAID,631.98,176.23,979.51,,Negative billing amount
BILL00006378,CUST004186,MTR004186,RP005,2024-09-01,,2024-10-05,2024-10-19,307.9,113.28,181.57,1505.3,333.93,150.53,-430.7,0.0,1989.76,,,Generated,Unpaid,2968.09,47.5,735.62,2024-10-05 12:01:20,Negative billing amount
BILL00009535,CUST002863,MTR002863,RP005,2024-06-01,2024-06-30,2024-07-05,2024-07-29,,0,UNKNOWN,17073.05,439.02,1707.31,-190.69,19219.38,0.0,Mobile App,2024-07-15,Paid,Partial,721.81,0,689.36,2024-07-05 03:08:38,Negative billing amount
BILL00019090,CUST004380,MTR004380,RP002,2024-06-01,2024-06-30,2024-07-05,2024-07-18,258.27,112.56,135.53,1220.48,-,122.05,-249.88,1459.0,0.0,Auto Debit,2024-07-27,Paid,Overdue,2875.48,0,575.98,2024-07-05 14:31:18,Negative billing amount
BILL00003922,CUST001644,MTR001644,RP006,2024-11-01,30-11-2024,2024-12-05,2024-12-21,,185.89,0,2183.95,348.14,218.4,-204.0,0.0,2750.49,,,Disputed,Paid,4293.78,62.2,1107.91,2024-12-05 21:19:40,Negative billing amount
BILL00000334,CUST003867,MTR003867,RP006,2023-04-01,2023-04-30,2023-05-05,2023-05-24,900.64,439.31,583.43,6255.44,494.02,625.54,-70.99,0.0,7375.0,,,Disputed,Paid,4401.21,50.81,1292.46,2023-05-05 15:28:57,Negative billing amount
BILL00006324,CUST004826,MTR004826,RP005,2023-03-01,2023-03-31,,2023-04-21,5753.09,2471.01,3053.42,47501.26,151.84,4750.13,-435.0,0.0,52403.23,,,Sent,Overdue,3485.13,0,1661.02,2023-04-05 16:42:39,Negative billing amount
BILL00022151,CUST004869,MTR004869,RP004,01-01-2023,2023-01-31,2023-02-05,2023-02-25,128.18,42.6,,504.99,138.38,50.5,-274.55,693.87,0.0,Online,2023-03-07,Paid,Written Off,4396.72,-,689.57,2023-02-05 15:46:23,Negative billing amount
BILL00009469,CUST000019,MTR000019,RP003,2024-06-01,30/06/2024,,,111.05,40.48,58.0,410.77,224.04,41.08,-453.69,675.89,0.0,auto debit,2024-07-28,Paid,Paid,1926.61,170.58,1874.7,2024-07-05 11:48:21,Negative billing amount
BILL00024024,CUST002345,MTR002345,RP005,0,2024-12-31,2025-01-05,2025-01-23,2088.09,674.33,0,16348.77,281.85,1634.88,-470.77,18265.5,0.0,auto debit,,Paid,Disputed,4895.93,0,,2025-01-05 20:18:42,Negative billing amount
BILL00003357,CUST000172,MTR000172,RP003,2023-12-01,2023-12-31,2024-01-05,2024-01-29,212.1,0,126.37,966.55,,96.66,-124.33,0.0,1560.07,,,Overdue,Overdue,2973.13,31.45,1622.23,2024-01-05 15:04:00,Negative billing amount
BILL00014477,CUST001408,MTR001408,RP006,2024-11-01,2024-11-30,2024-12-05,2024-12-29,759.36,-,523.69,5054.56,485.13,505.46,-137.22,0.0,6045.15,,,Revised,,4559.77,182.87,1064.64,,Negative billing amount
BILL00001122,CUST001573,MTR001573,RP006,2024-08-01,2024-08-31,2024-09-05,2024-09-17,1708.34,597.35,866.47,13120.89,382.08,1312.09,-139.76,14815.06,0.0,Cash,2024-09-21,Paid,Partial,1702.22,0,557.2,2024-09-05 14:57:12,Negative billing amount
BILL00011136,CUST004897,MTR004897,RP002,2024-04-01,2024-04-30,2024-05-05,2024-05-19,329.91,141.58,,1659.37,229.77,165.94,-471.23,2055.08,0.0,,2024-05-27,Paid,Unpaid,4021.27,14.57,470.67,2024-05-05 11:42:47,Negative billing amount
BILL00003967,CUST002644,MTR002644,RP001,2024-12-01,2024-12-31,2025-01-05,2025-01-15,0,74.01,142.53,1112.13,296.2,111.21,-151.21,0.0,1519.55,,,Disputed,Paid,3655.6,190.17,1017.83,2025-01-05 04:34:47,Negative billing amount
BILL00019542,CUST004551,MTR004551,RP003,2023-06-01,2023-06-30,2023-07-05,2023-07-18,264.21,124.49,183.91,1253.15,214.75,125.32,-268.69,0.0,1593.23,,,Revised,Overdue,572.92,126.25,,,Negative billing amount
BILL00013202,CUST001026,MTR001026,RP004,2023-03-01,2023-03-31,2023-04-05,2023-04-27,2171.82,804.0,,17060.47,56.25,1706.05,-413.87,18822.77,0.0,,,Paid,Partial,1650.38,0,44.1,2023-04-05 10:54:52,Negative billing amount
BILL00005454,CUST003674,MTR003674,RP005,2023-03-01,2023-03-31,2023-04-05,,238.25,90.15,147.44,-,140.94,111.04,-273.56,1362.36,0.0,Auto Debit,2023-04-27,Paid,Written Off,1552.59,197.62,217.3,2023-04-05 14:07:15,Negative billing amount
BILL00014764,CUST000427,MTR000427,-,2024-03-01,2024-03-31,2024-04-05,2024-04-29,251.26,110.51,135.62,1181.93,434.55,118.19,-43.14,,0.0,Online,2024-04-16,Paid,Paid,1513.61,124.95,1977.27,2024-04-05 19:01:26,Negative billing amount
