read_id,meter_id,customer_id,read_timestamp,read_type,units_consumed,cumulative_reading,voltage_v,current_a,power_factor,peak_demand_kw,reactive_units_kvar,tamper_flag,outage_flag,quality_flag,created_at,rejection_reason
RD00020007,MTR004747,CUST004747,2022-10-20 16:32:51,Manual,,215465.62,230.7,27.73,0.959,4.079,0.0,0,0,Good,,Invalid or missing units consumed
RD00000786,0,CUST004071,2023-04-26 17:41:12,Automatic,,250492.48,224.9,27.02,0.729,2.75,0.1053,0,0,Good,,Invalid or missing units consumed
RD00004823,MTR001888,CUST001888,2022-07-28 15:53:15,Estimated,,306783.13,240.6,28.74,0.986,,0.2816,0,0,,2022-07-28 16:06:15,Invalid or missing units consumed
RD00015334,MTR004664,CUST004664,2024-11-06 23:28:56,Automatic,,417252.98,241.8,13.46,0.844,1.502,0.108,0,0,Good,2024-11-06 23:56:56,Invalid or missing units consumed
RD00019275,MTR002448,CUST002448,2024-04-05 09:34:29,Automatic,,196166.31,223.4,42.72,,7.361,0.2009,0,0,Good,2024-04-05 09:41:29,Invalid or missing units consumed
RD00031514,MTR001610,CUST001610,2023-07-31 11:32:22,automatic,,294671.46,232.0,27.96,0.963,5.504,0.1329,0,0,Good,2023-07-31 11:59:22,Invalid or missing units consumed
RD00006698,MTR004429,CUST004429,2024-01-28 18:11:12,Manual,,106765.82,235.6,11.04,0.893,3.076,,0,1,Estimated,2024-01-28 18:34:12,Invalid or missing units consumed
RD00041979,MTR004462,CUST004462,2022-12-05 10:01:06,Automatic,,69622.09,232.8,16.39,0.853,51.386,3.3597,0,0,Good,,Invalid or missing units consumed
RD00005961,MTR003520,CUST003520,2023-07-21 19:14:55,Automatic,,456266.53,228.2,5.66,0.709,207.669,14.686,0,0,Good,2023-07-21 19:30:55,Invalid or missing units consumed
RD00000978,MTR001940,CUST001940,2023-10-03 05:06:52,Manual,,288185.3,220.4,2.1,0.862,15.581,1.1107,0,0,Good,2023-10-03 05:34:52,Invalid or missing units consumed
RD00003520,MTR002350,CUST002350,2022-09-12 21:53:03,Automatic,,392232.1,248.2,27.01,0.852,1004.371,26.4222,0,0,Suspect,2022-09-12 22:00:03,Invalid or missing units consumed
RD00025720,MTR099780,CUST003944,2024-01-02 07:30:07,Automatic,,219020.9,,19.12,0.841,39.541,3.1356,-,0,Good,2024-01-02 07:37:07,Invalid or missing units consumed
RD00022276,MTR002350,CUST002350,2024-01-15 17:59:45,Automatic,,256205.3,236.1,22.89,0.916,138.018,3.5539,0,0,,2024-01-15 18:10:45,Invalid or missing units consumed
RD00034213,MTR001876,CUST001876,2023-07-01 15:00:32,Automatic,,250023.75,246.8,2.42,0.965,5.261,0.3837,0,0,Good,2023-07-01 15:23:32,Invalid or missing units consumed
RD00014669,MTR001827,CUST001827,2022-07-06 17:04:32,Automatic,,226052.28,208.3,40.87,0.0,6.361,0.408,0,0,Good,2022-07-06 17:08:32,Invalid or missing units consumed
RD00046724,MTR001973,CUST001973,2024-01-12 04:47:55,Automatic,,131606.27,232.0,18.88,0.801,,0.0,1,0,Good,2024-01-12 04:58:55,Invalid or missing units consumed
RD00040744,MTR003955,CUST003955,2023-08-12 07:22:09,Automatic,,133496.03,226.9,,0.805,4.949,0.1552,0,0,-,2023-08-12 07:44:09,Invalid or missing units consumed
RD00045107,MTR004026,CUST004026,2023-08-27 23:37:36,Automatic,,439557.88,UNKNOWN,4.29,0.864,1.35,0.0267,0,0,Invalid,,Invalid or missing units consumed
RD00029234,MTR004160,CUST004160,2024-02-17 11:58:43,Automatic,,,230.1,4.37,0.788,3.231,,0,0,Estimated,2024-02-17 12:09:43,Invalid or missing units consumed
RD00009234,MTR001766,CUST001766,,Automatic,,158685.95,221.4,8.19,0.978,3.277,0.1402,0,0,Good,,Invalid or missing units consumed
RD00028733,MTR004405,CUST004405,2023-03-13 08:18:34,Automatic,,113407.66,234.8,43.71,0.885,0.915,0.0264,-,0,Good,2023-03-13 08:31:34,Invalid or missing units consumed
RD00028366,MTR001988,CUST001988,2024-10-28 13:42:14,Automatic,,254073.68,234.8,15.81,0.932,3.894,0.1496,0,0,Invalid,2024-10-28 14:05:14,Invalid or missing units consumed
RD00001046,MTR000992,CUST000992,2023-12-10 13:05:13,Automatic,,,222.2,,0.967,18.023,2.1095,0,1,Suspect,2023-12-10 13:20:13,Invalid or missing units consumed
RD00045333,MTR004413,CUST004413,2022-03-25 21:52:56,Automatic,,244574650.0,229.2,10.6,0.849,21.677,2.37,0,0,Estimated,2022-03-25 21:58:56,Invalid or missing units consumed
RD00010162,MTR000027,CUST000027,2024-11-05 03:26:02,Automatic,,241100.82,230.2,47.56,0.769,1.231,0.0662,0,0,,2024-11-05 03:35:02,Invalid or missing units consumed
RD00031283,MTR002661,CUST002661,2022-07-17 01:44:29,Automatic,,,229.4,23.86,0.709,719.372,40.5003,0,0,Good,,Invalid or missing units consumed
RD00020756,MTR003899,CUST003899,2023-09-16 09:24:28,-,,453764.11,206.6,49.25,0.942,64.668,3.5259,0,0,Good,2023-09-16 09:49:28,Invalid or missing units consumed
RD00038550,MTR001958,CUST001958,2022-04-04 09:25:25,Automatic,,14605.22,223.0,,0.797,,,0,0,Good,2022-04-04 09:28:25,Invalid or missing units consumed
RD00022642,-,CUST003994,2023-04-15 20:32:00,Automatic,,363265.45,225.9,13.7,,3.411,0.0839,0,0,Good,2023-04-15 20:55:00,Invalid or missing units consumed
RD00040628,MTR001412,CUST001412,2023-06-05 09:34:15,Automatic,,,229.2,18.05,,98.296,6.0117,0,0,Good,2023-06-05 09:58:15,Invalid or missing units consumed
RD00033290,MTR000308,CUST000308,2022-02-17 00:31:23,Revised,,478963.5,228.9,5.67,0.75,4.45,0.3213,0,0,Good,2022-02-17 00:49:23,Invalid or missing units consumed
RD00009045,MTR002705,CUST002705,2024-11-20 13:09:45,Revised,,440851.63,202.6,5.19,0.751,23.17,1.2511,0,0,Good,2024-11-20 13:14:45,Invalid or missing units consumed
RD00036307,MTR000337,CUST000337,2022-02-07 21:02:43,Automatic,,,207.6,0.0,0.786,1.925,,0,0,Good,,Invalid or missing units consumed
RD00046758,MTR002233,CUST002233,2024-09-08 02:24:01,Automatic,,25229.08,229.6,3.96,0.98,4.722,0.2147,0,0,Good,2024-09-08 02:48:01,Invalid or missing units consumed
RD00023352,MTR000990,CUST000990,2023-03-26 03:30:51,Automatic,,186244.26,,3.91,0.925,0.402,0.0311,0,0,Good,2023-03-26 03:47:51,Invalid or missing units consumed
RD00049878,MTR002575,CUST002575,,Automatic,,86107.22,,29.07,0.846,17.093,0.8506,0,0,Good,2023-12-07 00:02:04,Invalid or missing units consumed
RD00014922,MTR004531,CUST004531,2022-12-10 17:04:04,Estimated,,421811.72,234.9,,0.832,,3.0954,0,0,Invalid,,Invalid or missing units consumed
RD00039895,MTR000655,CUST000655,2022-02-04 19:30:43,Automatic,,335107.95,219.4,6.12,0.742,10.279,0.707,0,0,Estimated,2022-02-04 19:31:43,Invalid or missing units consumed
RD00042512,MTR000170,CUST000170,2024-08-02 06:27:43,Automatic,,62726.26,214.8,25.41,0.893,647.887,45.1359,0,0,Good,2024-08-02 06:41:43,Invalid or missing units consumed
RD00003362,MTR001513,CUST001513,2024-03-04 07:40:05,Automatic,,205181.0,249.7,42.56,0.719,129.637,10.0487,0,0,Good,2024-03-04 08:01:05,Invalid or missing units consumed
RD00017708,MTR004544,CUST004544,2023-11-25 13:38:01,Manual,,48424.11,0,,0.965,21.852,,0,0,Good,2023-11-25 13:59:01,Invalid or missing units consumed
RD00014141,MTR000572,CUST000572,2023-01-09 07:43:48,Estimated,,316796.6,223.7,24.91,0.945,5.317,0.1497,0,0,Good,2023-01-09 07:59:48,Invalid or missing units consumed
RD00048032,MTR000841,CUST000841,2022-08-02 04:22:06,Automatic,,,227.8,1.92,0.732,1027.589,33.8314,0,0,Good,2022-08-02 04:33:06,Invalid or missing units consumed
RD00034203,MTR002025,CUST002025,2023-07-17 17:13:52,UNKNOWN,,50807.27,216.5,43.92,0.909,128.745,4.765,0,0,Good,2023-07-17 17:15:52,Invalid or missing units consumed
RD00041815,MTR000231,CUST000231,2024-03-02 10:03:10,Automatic,,307924.19,234.8,,0.0,6.949,0.311,0,0,Good,2024-03-02 10:27:10,Invalid or missing units consumed
RD00007212,MTR002439,CUST002439,2022-06-24 02:35:51,Automatic,,,222.5,2.36,0.933,1.398,0.0537,,0,invalid,2022-06-24 02:56:51,Invalid or missing units consumed
RD00032203,MTR004974,CUST004974,2024-08-18 09:52:32,Automatic,,424516.47,,14.35,0.724,16.901,0.3597,0,0,Good,2024-08-18 10:15:32,Invalid or missing units consumed
RD00047521,MTR000394,CUST000394,2022-05-25 11:30:34,Manual,,327196.65,234.9,39.01,0.0,0.66,,0,0,Good,2022-05-25 11:57:34,Invalid or missing units consumed
RD00043328,MTR001224,CUST001224,2023-04-20 00:09:17,Automatic,,264169.8,215.8,15.65,0.733,1.326,0.0526,0,0,Good,,Invalid or missing units consumed
RD00048898,MTR001441,CUST001441,2023-06-07 20:51:14,Automatic,,387747.47,237.8,35.1,0.922,3.56,0.2448,0,0,Good,2023-06-07 21:00:14,Invalid or missing units consumed
RD00047888,MTR002082,CUST002082,2023-07-01 00:43:31,Automatic,,354678.79,230.2,49.06,0.759,519.456,36.3974,0,0,Good,2023-07-01 01:10:31,Invalid or missing units consumed
RD00001540,MTR000974,CUST000974,,Revised,,393836.76,223.6,16.08,0.721,1.157,0.0333,0,0,Good,2023-03-01 20:24:22,Invalid or missing units consumed
RD00004979,MTR002647,CUST002647,,Automatic,,115824.67,232.5,36.24,,4.809,0.1452,0,0,Good,2023-08-26 19:03:37,Invalid or missing units consumed
RD00034133,MTR003979,CUST003979,2023-03-02 21:43:14,Manual,,46984.44,234.3,,0.71,1.837,0.1723,0,0,Good,2023-03-02 21:59:14,Invalid or missing units consumed
RD00022408,MTR003920,CUST003920,2024-01-31 13:29:48,Automatic,,87191.66,241.6,14.69,0.722,5.857,0.1597,0,1,Good,2024-01-31 13:59:48,Invalid or missing units consumed
RD00035327,MTR003396,CUST003396,,Automatic,,30934.11,244.5,49.43,0.963,52.098,2.5414,0,0,Good,2022-11-07 07:34:52,Invalid or missing units consumed
RD00042871,MTR001781,CUST001781,2022-04-06 20:29:53,AUTOMATIC,,413471.43,230.4,19.23,0.968,7.309,0.4758,0,UNKNOWN,Good,2022-04-06 20:33:53,Invalid or missing units consumed
RD00024506,MTR001981,CUST001981,,Automatic,,32801.51,212.9,24.11,0.708,,0.9812,0,0,Good,2023-06-14 22:12:52,Invalid or missing units consumed
RD00043057,MTR003907,CUST003907,2022-10-29 06:18:09,Automatic,,177015.36,209.3,38.64,0.718,3.421,,0,0,Good,2022-10-29 06:44:09,Invalid or missing units consumed
RD00012648,MTR003937,CUST003937,2022-04-05 12:10:03,Automatic,,493630.55,230.4,20.56,0.937,7.183,0.4426,0,0,Good,,Invalid or missing units consumed
RD00001905,MTR000542,CUST000542,2024-11-22 13:39:24,Automatic,,34562.79,226.1,15.53,0.992,4.344,0.1216,0,0,Good,2024-11-22 14:06:24,Invalid or missing units consumed
RD00038547,MTR003931,CUST003931,,Estimated,,36282.0,231.4,21.5,0.797,330.895,14.6139,0,0,Good,2023-02-21 14:25:14,Invalid or missing units consumed
RD00036920,MTR000160,CUST000160,2022-08-20 05:07:36,Automatic,,304751.84,226.6,,0.759,8.369,,0,1,Estimated,2022-08-20 05:08:36,Invalid or missing units consumed
RD00041130,MTR000111,CUST000111,2024-10-17 18:58:46,Automatic,,258.5113,225.4,24.34,0.915,6.182,0.5598,0,0,Good,2024-10-17 19:09:46,Invalid or missing units consumed
RD00019630,MTR004784,-,2024-05-25 01:11:30,Automatic,,40470.52,230.8,12.78,0.828,7.556,0.4562,0,0,Estimated,,Invalid or missing units consumed
RD00014756,MTR003317,CUST003317,2022-07-31 01:59:24,Automatic,,267698.48,235.3,22.41,0.969,6.132,0.2622,1,0,Good,2022-07-31 02:22:24,Invalid or missing units consumed
RD00003563,MTR001026,CUST001026,2023-09-02 16:20:33,Automatic,,286201.43,227.4,21.49,0.868,53.857,2.9215,0,0,GOOD,2023-09-02 16:34:33,Invalid or missing units consumed
RD00049957,MTR002929,CUST002929,,Automatic,,301175.64,238.9,15.04,0.931,5.037,0.4101,1,0,Good,,Invalid or missing units consumed
RD00028222,MTR001843,CUST001843,2022-04-26 01:36:37,Automatic,,154621.6,232.7,38.03,0.911,3.478,0.1733,0,0,Good,2022-04-26 02:00:37,Invalid or missing units consumed
RD00047759,MTR002996,CUST002996,2022-09-21 11:48:41,Manual,,315343.67,228.4,42.46,0.911,10.22,0.2592,0,0,Good,,Invalid or missing units consumed
RD00004998,MTR001270,CUST001270,2023-07-26 21:30:31,Automatic,,260243.84,228.2,4.82,,1105.456,44.9377,0,1,Good,2023-07-26 21:35:31,Invalid or missing units consumed
RD00024159,0,CUST004845,2024-03-09 05:07:20,Automatic,,470932.57,227.3,46.25,0.886,4.901,,0,0,Good,2024-03-09 05:27:20,Invalid or missing units consumed
RD00001498,MTR001685,CUST001685,2024-09-17 06:14:14,Automatic,,10728.31,210.2,33.68,0.974,12.88,1.3155,0,,Good,2024-09-17 06:39:14,Invalid or missing units consumed
RD00009916,MTR002011,CUST002011,2024-12-18 18:09:39,Automatic,,367555.69,,45.44,0.878,14.084,0.6003,UNKNOWN,0,Good,,Invalid or missing units consumed
RD00029255,MTR004026,CUST004026,2023-04-12 07:24:04,Manual,,223630.36,249.9,46.65,0.733,6.777,0.377,0,0,Suspect,2023-04-12 07:44:04,Invalid or missing units consumed
RD00025738,MTR003340,CUST003340,,Automatic,,12162.36,230.6,0.0,0.983,31.151,1.8452,0,0,Good,2024-02-29 04:43:08,Invalid or missing units consumed
RD00036099,MTR000099,CUST000099,,Manual,,148850.95,218.3,13.25,0.832,4.287,0.4543,0,0,Good,2024-07-31 01:03:45,Invalid or missing units consumed
RD00045869,MTR003984,CUST003984,2024-04-20 19:16:58,Automatic,,,237.3,43.41,,8.888,0.3787,0,0,Good,2024-04-20 19:25:58,Invalid or missing units consumed
RD00046986,MTR001253,CUST001253,2023-11-24 06:00:26,Automatic,,,265.1,39.52,0.701,542.065,29.3906,0,0,Invalid,2023-11-24 06:02:26,Invalid or missing units consumed
RD00011533,MTR099565,CUST004260,2023-06-19 05:08:53,Automatic,,92580.84,219.9,1.05,0.71,33.768,1.1209,0,0,Good,2023-06-19 05:27:53,Invalid or missing units consumed
RD00047406,MTR002375,CUST002375,2022-08-10 14:46:37,Automatic,,72500.68,223.9,12.34,0.731,20.612,1.7044,0,0,GOOD,2022-08-10 15:14:37,Invalid or missing units consumed
RD00020884,MTR002563,CUST002563,,Estimated,,393428.99,235.9,42.74,0.839,24.998,1.7514,0,0,Good,2024-06-18 08:03:58,Invalid or missing units consumed
RD00018651,,0,,Manual,,427206.09,241.0,1.46,0.998,9.178,0.6018,0,0,Suspect,2024-12-03 12:40:50,Invalid or missing units consumed
RD00045416,MTR004351,CUST004351,2022-01-19 22:02:13,Automatic,,89936.55,237.8,21.36,0.859,1.075,0.0455,0,UNKNOWN,Good,2022-01-19 22:04:13,Invalid or missing units consumed
RD00014572,MTR001959,CUST001959,2022-03-20 12:29:32,Automatic,,209666.87,225.0,34.55,0.736,312.499,15.6834,0,0,Estimated,2022-03-20 12:34:32,Invalid or missing units consumed
RD00016549,MTR099873,CUST004466,2023-09-08 05:45:31,Automatic,,27755.71,0,44.16,0.968,0.595,0.0295,0,0,Good,2023-09-08 05:46:31,Invalid or missing units consumed
RD00034089,MTR001176,CUST001176,2024-10-11 10:28:12,Automatic,,324183.82,216.2,15.85,0.988,0.0,1.1647,0,0,Good,2024-10-11 10:56:12,Invalid or missing units consumed
RD00032868,MTR000879,CUST000879,,Automatic,,246254.58,221.6,36.13,0.957,0.602,0.0269,0,0,Estimated,2023-11-21 17:36:53,Invalid or missing units consumed
RD00016622,MTR004165,CUST004165,2022-03-24 04:51:27,Automatic,,157400.71,226.6,43.85,0.917,1.271,0.0771,-,0,Good,2022-03-24 05:11:27,Invalid or missing units consumed
RD00019979,MTR002401,CUST002401,2022-12-19 05:23:01,Automatic,,157009.1,240.3,43.49,0.717,0.912,,0,0,Good,2022-12-19 05:48:01,Invalid or missing units consumed
RD00043465,MTR002648,CUST002648,2024-01-05 16:43:04,UNKNOWN,,202874.34,225.6,36.6,0.942,7.606,0.2227,0,0,Good,2024-01-05 17:10:04,Invalid or missing units consumed
RD00020439,MTR003451,CUST003451,2022-11-08 07:51:31,Estimated,,161176.11,215.2,38.39,0.785,56.302,2.1194,0,1,Good,2022-11-08 08:15:31,Invalid or missing units consumed
RD00013646,MTR099140,CUST004372,2024-11-22 20:13:40,Automatic,,53882.93,242.2,31.19,0.795,9.009,0.6449,,0,,2024-11-22 20:33:40,Invalid or missing units consumed
RD00020174,MTR002228,CUST002228,2022-03-10 10:25:55,Automatic,,299289.54,252.9,25.2,,210.071,12.6534,,0,Good,,Invalid or missing units consumed
RD00038914,MTR004690,CUST004690,,Revised,,355316.89,237.5,23.1,0.913,6.78,0.2887,0,,Good,2022-07-14 01:48:50,Invalid or missing units consumed
RD00007144,MTR001975,CUST001975,2022-09-07 18:26:09,Automatic,,210295.45,242.0,42.91,0.987,106.842,6.6478,0,0,Good,2022-09-07 18:50:09,Invalid or missing units consumed
RD00011782,MTR001398,CUST001398,2022-05-16 15:20:58,Manual,,410173.82,252.1,13.61,0.86,0.642,0.063,0,0,Good,2022-05-16 15:44:58,Invalid or missing units consumed
RD00024811,MTR002964,CUST002964,2024-06-03 02:29:30,Automatic,,383228.96,238.3,35.8,0.745,7.148,0.128,0,0,Good,2024-06-03 02:40:30,Invalid or missing units consumed
RD00039760,MTR001027,CUST001027,2024-10-08 14:01:27,Automatic,,391940.28,227.8,36.11,,0.96,0.0216,0,0,,2024-10-08 14:17:27,Invalid or missing units consumed
RD00039991,MTR000037,CUST000037,2024-10-30 14:22:54,Automatic,,82048.6,223.1,21.36,0.975,7.301,0.4143,0,0,Good,2024-10-30 14:45:54,Invalid or missing units consumed
RD00030616,MTR000365,CUST000365,2022-07-19 04:34:42,Automatic,,304196.54,245.9,7.21,,3.129,0.2501,0,0,Estimated,2022-07-19 05:03:42,Invalid or missing units consumed
RD00017084,MTR002268,CUST002268,2023-07-28 09:27:56,Automatic,,213925.44,228.4,16.97,0.788,14.749,0.688,0,0,Good,2023-07-28 09:35:56,Invalid or missing units consumed
RD00025269,MTR004579,CUST004579,2023-01-27 15:39:34,Automatic,,415022.85,237.4,19.84,0.965,6.169,0.4885,0,0,Good,2023-01-27 15:50:34,Invalid or missing units consumed
RD00034923,MTR004651,0,,Automatic,,201224.69,226.1,34.8,0.77,648.85,31.8828,0,0,Good,2022-03-07 18:02:58,Invalid or missing units consumed
RD00023689,MTR099500,CUST000549,2024-11-06 11:46:28,Automatic,,109711.77,237.7,44.56,0.87,7.911,0.2686,0,0,Good,2024-11-06 12:02:28,Invalid or missing units consumed
RD00031964,MTR099450,CUST002799,2023-07-20 01:38:45,Automatic,,,216.6,22.92,0.757,59.165,,0,0,Good,2023-07-20 01:57:45,Invalid or missing units consumed
RD00013007,MTR000048,CUST000048,2024-09-29 17:45:52,Estimated,,168752.33,232.6,41.17,0.947,34.109,1.5248,0,0,-,2024-09-29 18:12:52,Invalid or missing units consumed
RD00033565,MTR003924,CUST003924,2023-02-09 13:05:53,Manual,,171271.35,232.4,27.03,0.735,0.871,0.0,0,0,Good,2023-02-09 13:08:53,Invalid or missing units consumed
RD00034027,MTR004117,CUST004117,2024-04-15 21:33:50,Automatic,,308135.17,240.1,34.99,0.861,,0.7317,0,0,Estimated,2024-04-15 21:50:50,Invalid or missing units consumed
RD00001769,MTR001138,CUST001138,2024-06-28 23:19:21,Automatic,,45827.41,232.3,2.73,0.975,3.836,0.2854,0,0,Invalid,,Invalid or missing units consumed
RD00039972,MTR002131,CUST002131,2022-05-11 15:35:53,Estimated,,273904.18,220.6,41.99,0.827,42.237,2.3913,0,0,Good,2022-05-11 16:02:53,Invalid or missing units consumed
RD00014828,MTR000891,CUST000891,2023-02-04 19:25:15,Estimated,,,229.6,5.45,0.939,11.983,0.6137,0,0,Good,2023-02-04 19:31:15,Invalid or missing units consumed
RD00021567,MTR004553,CUST004553,2022-06-03 14:29:58,Manual,,321557.73,223.8,22.17,0.812,11.188,0.9941,0,0,Good,2022-06-03 14:42:58,Invalid or missing units consumed
RD00021888,MTR001859,CUST001859,2022-10-10 00:57:06,Manual,,484792.51,229.6,39.35,0.99,4.544,0.3674,1,0,UNKNOWN,2022-10-10 01:05:06,Invalid or missing units consumed
RD00009337,MTR004753,CUST004753,2024-02-21 18:34:23,Automatic,,12652.9,225.0,30.94,0.724,22.739,1.6886,0,0,Good,2024-02-21 18:52:23,Invalid or missing units consumed
RD00022386,MTR004079,CUST004079,2022-08-21 09:47:06,Automatic,,301732.86,244.8,,0.86,3.877,0.2764,0,0,Good,,Invalid or missing units consumed
RD00037397,MTR099204,CUST004689,2024-10-21 21:00:58,Automatic,,200129.54,220.3,6.89,0.788,23.06,1.6002,0,0,Invalid,2024-10-21 21:02:58,Invalid or missing units consumed
RD00040035,-,CUST000981,2022-05-20 03:03:33,Automatic,,308448.36,,6.27,0.774,386.22,9.9989,0,0,Good,2022-05-20 03:08:33,Invalid or missing units consumed
RD00032578,MTR002375,CUST002375,2023-12-22 16:58:11,Automatic,,338793.91,230.0,45.8,0.973,9.224,1.0219,0,0,Good,2023-12-22 17:20:11,Invalid or missing units consumed
RD00013068,MTR000902,CUST000902,2022-05-26 18:43:47,Manual,,181116.7,-,7.81,0.749,9.227,0.5035,0,0,,,Invalid or missing units consumed
RD00006689,MTR004042,CUST004042,2023-12-21 15:35:17,Automatic,,97154.65,226.3,4.06,0.991,3.221,0.1103,-,0,Good,2023-12-21 15:47:17,Invalid or missing units consumed
RD00029327,MTR001833,CUST001833,2023-06-23 09:19:12,Automatic,,498208.2,254.8,32.49,0.937,1224.059,52.9622,0,0,Good,2023-06-23 09:29:12,Invalid or missing units consumed
RD00018171,MTR002984,CUST002984,2023-03-15 21:32:40,Estimated,,162909.89,220.1,9.45,0.989,6.077,0.1845,0,0,Good,2023-03-15 21:47:40,Invalid or missing units consumed
RD00037148,MTR002998,CUST002998,2023-04-01 17:54:42,Automatic,,388010.01,230.6,5.29,0.799,1087.373,62.1695,0,0,Good,2023-04-01 18:18:42,Invalid or missing units consumed
RD00004189,MTR001008,CUST001008,,Automatic,,412710.66,222.3,39.18,0.9,3.088,0.207,0,0,Good,2022-07-30 06:50:36,Invalid or missing units consumed
RD00033968,MTR099672,CUST003197,2022-06-25 00:30:25,Automatic,,474370.79,226.6,,0.834,1.799,0.1228,0,0,Good,2022-06-25 00:47:25,Invalid or missing units consumed
RD00006266,MTR004243,CUST004243,2023-07-29 17:04:53,Automatic,,401617.34,221.1,48.58,0.706,66.035,4.5481,0,0,Good,2023-07-29 17:13:53,Invalid or missing units consumed
RD00030417,MTR002668,CUST002668,2022-11-05 16:57:49,Automatic,,314313.67,237.5,36.59,0.741,65.922,5.1953,0,0,,2022-11-05 17:08:49,Invalid or missing units consumed
RD00013926,MTR004938,CUST004938,2022-09-25 20:36:56,automatic,,356417.23,222.6,24.7,0.939,18.146,0.9916,0,0,Good,2022-09-25 20:46:56,Invalid or missing units consumed
RD00034213,MTR001876,CUST001876,2023-07-01 15:00:47,Automatic,,250023.75,246.8,2.42,0.965,5.261,0.3837,0,0,Good,2023-07-01 15:24:07,Invalid or missing units consumed
RD00032180,MTR002587,CUST002587,2023-04-09 02:50:30,Automatic,,464762.25,226.0,36.68,0.873,4.478,,0,0,Good,2023-04-09 02:56:30,Invalid or missing units consumed
RD00015728,MTR002342,CUST002342,2022-03-17 16:25:53,automatic,,31611.98,230.3,5.35,0.915,5.298,0.4818,0,0,Good,2022-03-17 16:54:53,Invalid or missing units consumed
RD00043724,MTR000136,CUST000136,2023-08-10 22:48:17,Automatic,,40328.48,228.0,29.86,0.779,28.393,0.8867,0,0,Good,2023-08-10 23:14:17,Invalid or missing units consumed
RD00012835,MTR004919,CUST004919,2022-06-29 13:00:00,Manual,,441745.59,224.1,48.88,0.703,9.618,,0,1,Good,2022-06-29 13:14:00,Invalid or missing units consumed
RD00011330,MTR002122,CUST002122,2023-01-26 04:09:31,Manual,,452160.19,226.1,20.29,0.926,20.267,0.0,0,0,,2023-01-26 04:16:31,Invalid or missing units consumed
RD00024210,MTR004208,CUST004208,2024-10-06 19:43:05,manual,,110401.52,247.9,9.89,0.918,148.636,9.2219,0,0,Good,2024-10-06 20:04:05,Invalid or missing units consumed
RD00001272,MTR099860,CUST003154,2024-09-25 01:35:33,Manual,,278235.48,223.6,11.33,0.875,2.641,0.3148,0,0,Good,2024-09-25 02:01:33,Invalid or missing units consumed
RD00017024,MTR001122,CUST001122,,Automatic,,285083.27,,,0.861,2.716,0.2369,0,0,Estimated,2023-04-20 23:15:58,Invalid or missing units consumed
RD00047600,MTR002971,CUST002971,2022-03-11 08:29:51,Revised,,43575.03,236.5,3.18,0.933,4.169,0.317,0,0,Good,2022-03-11 08:49:51,Invalid or missing units consumed
RD00030452,MTR000899,CUST000899,2024-08-23 08:23:48,Automatic,,152628.36,233.0,39.13,0.841,12.769,0.6411,0,0,Good,2024-08-23 08:39:48,Invalid or missing units consumed
RD00027385,MTR004184,CUST004184,2024-05-18 11:08:14,Automatic,,246013.89,240.9,20.71,0.764,9.556,0.3983,0,1,Good,2024-05-18 11:11:14,Invalid or missing units consumed
RD00010401,MTR000016,CUST000016,2023-04-20 09:58:20,AUTOMATIC,,389455.07,226.0,0.58,0.799,4.713,0.4224,0,0,Good,2023-04-20 10:06:20,Invalid or missing units consumed
RD00045573,MTR001137,CUST001137,2023-04-29 11:13:07,Automatic,,363085.96,207.8,2.93,0.775,2.295,0.2413,0,0,Good,2023-04-29 11:27:07,Invalid or missing units consumed
RD00029759,MTR002582,CUST002582,2022-02-07 18:11:54,Automatic,,456813.17,225.3,8.53,0.0,,1.9905,0,0,Good,2022-02-07 18:23:54,Invalid or missing units consumed
RD00015852,MTR001547,CUST001547,2023-03-22 09:51:34,Automatic,,111349.99,233.4,11.74,,5.079,0.1429,0,0,Good,2023-03-22 10:14:34,Invalid or missing units consumed
RD00014421,MTR001523,CUST001523,2023-04-01 13:41:36,Manual,,319101.08,214.6,49.0,0.801,1.249,0.0666,0,0,Good,2023-04-01 14:09:36,Invalid or missing units consumed
RD00039308,MTR002235,CUST002235,2022-10-23 00:53:44,Automatic,,465568.32,241.3,49.12,0.946,1.005,0.0673,0,0,Good,2022-10-23 00:58:44,Invalid or missing units consumed
RD00031529,0,,2022-05-02 21:58:46,Revised,,109093.56,232.1,23.92,0.87,10.75,,0,0,Good,2022-05-02 22:16:46,Invalid or missing units consumed
RD00017442,MTR099174,CUST001681,2023-06-03 09:48:12,Automatic,,209340.95,239.0,25.56,0.911,30.85,1.2725,0,0,Good,2023-06-03 10:00:12,Invalid or missing units consumed
RD00044876,MTR001744,CUST001744,2022-09-23 13:25:28,Automatic,,443849.73,213.7,28.43,0.988,81.263,5.8325,0,0,Good,2022-09-23 13:54:28,Invalid or missing units consumed
RD00046139,MTR001847,CUST001847,2024-09-28 00:07:11,Automatic,,144841.48,231.4,,0.79,8.354,0.3809,0,0,Good,2024-09-28 00:15:11,Invalid or missing units consumed
RD00028407,MTR003315,CUST003315,2022-06-04 08:45:53,Automatic,,378433.8,225.4,10.08,0.984,5.626,0.3524,0,0,Good,2022-06-04 08:55:53,Invalid or missing units consumed
RD00019600,MTR003102,CUST003102,2024-04-26 11:25:18,Automatic,,233924.87,221.1,,0.844,4.665,0.5395,0,0,estimated,2024-04-26 11:51:18,Invalid or missing units consumed
RD00038502,MTR001361,CUST001361,2024-01-26 17:02:01,Automatic,,82833.18,217.0,4.83,0.821,5.259,0.374,0,0,Good,2024-01-26 17:28:01,Invalid or missing units consumed
RD00019118,MTR004275,CUST004275,2022-10-06 08:43:27,Manual,,328487.08,224.4,39.61,0.701,3.822,0.2724,UNKNOWN,0,Estimated,,Invalid or missing units consumed
RD00029449,MTR001121,CUST001121,2024-06-13 05:31:49,Automatic,,37936.2,241.6,33.42,0.824,0.343,0.0295,0,0,Good,2024-06-13 05:53:49,Invalid or missing units consumed
RD00039839,MTR000054,CUST000054,2023-03-15 12:03:20,,,345660.0,232.2,30.1,0.888,,4.3078,0,0,Good,2023-03-15 12:18:20,Invalid or missing units consumed
RD00029444,MTR003964,CUST003964,2024-10-14 21:45:25,Estimated,,118808.89,230.5,38.01,0.851,705.265,21.277,,0,Estimated,2024-10-14 21:55:25,Invalid or missing units consumed
RD00049851,MTR001416,CUST001416,2023-07-14 20:59:34,Manual,,73361.83,237.6,45.21,0.936,10.41,0.6524,UNKNOWN,0,Invalid,2023-07-14 21:17:34,Invalid or missing units consumed
RD00036309,MTR003806,CUST003806,2023-11-04 12:14:50,-,,197787.09,227.9,10.67,0.717,3.612,0.38,0,0,0,2023-11-04 12:27:50,Invalid or missing units consumed
RD00044029,MTR001497,CUST001497,2022-10-09 09:39:17,Automatic,,440239.66,223.5,27.44,0.841,2.124,0.0583,0,0,Good,2022-10-09 09:40:17,Invalid or missing units consumed
RD00027801,MTR000794,CUST000794,2024-08-24 10:12:58,Revised,,55356.55,229.2,5.22,0.718,,0.4849,0,0,Good,2024-08-24 10:17:58,Invalid or missing units consumed
RD00026665,MTR004678,CUST004678,2022-07-01 19:30:51,Automatic,,413095.78,,4.99,0.747,,0.0714,0,0,Good,2022-07-01 19:43:51,Invalid or missing units consumed
RD00019766,MTR003876,0,2024-06-30 09:56:46,Automatic,,129032.0,247.4,,0.858,121.844,6.5209,0,0,Good,2024-06-30 10:14:46,Invalid or missing units consumed
RD00025924,MTR002133,CUST002133,2022-03-14 09:52:03,Automatic,,44562.91,222.2,43.96,0.763,1.861,0.0869,0,0,Good,2022-03-14 10:11:23,Invalid or missing units consumed
RD00006783,MTR004379,CUST004379,2022-05-28 19:35:33,Automatic,,144734.67,238.9,25.53,0.787,12.787,1.0462,0,0,Good,2022-05-28 19:42:33,Invalid or missing units consumed
RD00014547,MTR001027,CUST001027,,Automatic,,36615.04,226.1,20.13,0.868,0.955,0.0297,0,0,good,,Invalid or missing units consumed
RD00014561,MTR003367,CUST003367,2023-03-02 03:39:37,Automatic,,260339.34,226.0,27.73,0.895,782.929,,0,0,Estimated,2023-03-02 04:08:37,Invalid or missing units consumed
RD00006252,MTR099264,CUST000516,,Automatic,,390449.28,240.0,32.71,0.725,1.358,0.0413,1,0,Good,,Invalid or missing units consumed
RD00039871,MTR000197,CUST000197,2024-10-24 00:01:24,Manual,,41460.08,215.2,10.33,0.947,,0.0189,0,,Good,,Invalid or missing units consumed
RD00014066,MTR000067,CUST000067,2023-02-06 12:24:23,Automatic,,79551.99,213.4,40.64,0.943,,0.4177,0,,Good,2023-02-06 12:50:23,Invalid or missing units consumed
RD00001664,MTR000728,CUST000728,2024-11-12 07:22:33,Revised,,480304.35,234.5,8.6,0.804,83.048,3.4065,,0,Good,2024-11-12 07:52:33,Invalid or missing units consumed
RD00029526,MTR001320,CUST001320,2023-12-09 07:27:11,Automatic,,,231.6,11.06,0.991,1.056,0.0912,0,0,Good,,Invalid or missing units consumed
RD00036890,MTR003567,CUST003567,2022-08-12 13:33:02,Automatic,,275430740.0,234.0,,0.781,4.014,0.1989,0,0,Good,2022-08-12 13:38:02,Invalid or missing units consumed
RD00038577,MTR003007,CUST003007,2022-01-23 23:13:06,Automatic,,170460.99,221.0,1.32,0.916,1.663,0.0444,0,0,Good,,Invalid or missing units consumed
RD00022983,MTR004896,CUST004896,2022-05-08 00:06:04,Manual,,262911.08,230.8,5.17,0.88,56.245,2.4106,0,0,Good,2022-05-08 00:13:04,Invalid or missing units consumed
RD00038826,MTR001235,UNKNOWN,2024-06-27 04:29:18,Automatic,,174698.32,226.0,29.44,0.925,3.422,0.2066,0,0,Good,2024-06-27 04:50:18,Invalid or missing units consumed
RD00008954,MTR000912,CUST000912,2024-02-09 00:00:30,0,,294504.61,227.5,6.16,0.703,41.766,3.3356,0,0,Good,2024-02-09 00:18:30,Invalid or missing units consumed
RD00037251,MTR004766,CUST004766,2022-06-11 10:40:33,Automatic,,163627.09,238.1,7.49,0.993,3.16,0.2309,0,0,Good,2022-06-11 10:54:33,Invalid or missing units consumed
RD00034599,MTR004782,CUST004782,2023-09-24 14:00:27,Automatic,,55.09262,232.7,28.37,,8.656,0.6829,0,0,Good,2023-09-24 14:05:27,Invalid or missing units consumed
RD00014150,MTR000292,CUST000292,2023-04-27 17:34:48,Automatic,,224863.59,219.4,31.86,0.939,9.277,0.4686,0,0,Good,,Invalid or missing units consumed
RD00007886,UNKNOWN,CUST002729,2023-03-26 23:00:22,Estimated,,110119.3,238.7,25.69,0.99,3.215,0.1984,0,0,Good,2023-03-26 23:22:22,Invalid or missing units consumed
RD00025549,MTR001627,CUST001627,2022-12-02 14:24:59,Automatic,,164798.11,238.3,37.23,0.96,14.184,0.344,0,0,Estimated,2022-12-02 14:38:59,Invalid or missing units consumed
RD00027862,MTR004356,CUST004356,,Automatic,,480631.76,228.8,40.24,0.968,0.953,0.0596,0,0,Good,2022-02-20 02:33:17,Invalid or missing units consumed
RD00018565,MTR002123,CUST002123,2024-03-02 05:20:14,estimated,,144034.96,243.3,10.86,0.99,13.332,0.2457,0,0,Good,2024-03-02 05:42:14,Invalid or missing units consumed
RD00034114,MTR000203,CUST000203,2023-06-03 08:49:37,estimated,,48121.51,0,5.98,0.949,1.868,0.1303,0,1,Good,2023-06-03 09:09:37,Invalid or missing units consumed
RD00012891,MTR001618,CUST001618,2023-08-22 07:38:09,Automatic,,82115.87,209.4,34.14,0.989,,38.3944,0,0,Suspect,,Invalid or missing units consumed
RD00003673,MTR003304,CUST003304,2023-11-30 05:00:15,Automatic,,24994.92,230.4,18.87,0.733,415.838,25.345,0,0,Good,2023-11-30 05:01:15,Invalid or missing units consumed
RD00000772,MTR003926,CUST003926,,Automatic,,388310.33,235.4,14.13,0.717,710.193,27.4238,0,0,Good,,Invalid or missing units consumed
RD00004198,MTR003658,CUST003658,2022-04-28 23:25:02,Automatic,,397646.58,242.6,,0.832,693.03,47.2939,0,,Good,2022-04-28 23:48:02,Invalid or missing units consumed
RD00004056,MTR003544,CUST003544,2022-07-08 09:11:44,Automatic,,148751.95,216.0,45.74,0.865,7.33,0.6413,0,0,Good,2022-07-08 09:26:44,Invalid or missing units consumed
RD00034903,MTR003929,CUST003929,2023-01-21 11:24:13,Automatic,,362907.68,237.9,48.73,0.944,,0.4254,0,0,Invalid,2023-01-21 11:48:13,Invalid or missing units consumed
RD00044480,MTR003608,CUST003608,2023-11-28 19:59:32,Automatic,,308037.27,218.8,,0.887,2.248,0.0906,0,0,Good,2023-11-28 20:18:32,Invalid or missing units consumed
RD00041958,MTR001078,CUST001078,2024-12-26 03:33:03,Automatic,,243577.78,232.9,19.55,0.746,,2.8004,0,0,Good,2024-12-26 03:36:03,Invalid or missing units consumed
RD00021927,MTR099995,CUST002390,2023-06-28 14:07:06,Automatic,,179409.49,228.1,47.31,0.711,108.437,3.928,0,0,Good,2023-06-28 14:17:06,Invalid or missing units consumed
RD00007688,MTR004197,CUST004197,2024-06-01 12:31:45,Automatic,,336828.5,237.7,49.76,0.795,0.0,19.7068,0,0,Good,2024-06-01 12:43:45,Invalid or missing units consumed
RD00049559,MTR099627,CUST004622,2023-06-20 13:59:15,Manual,,137659.26,226.3,10.62,0.888,20.498,1.5477,0,0,Good,2023-06-20 14:26:15,Invalid or missing units consumed
RD00036986,MTR001436,CUST001436,2024-06-06 16:15:03,Automatic,,69845.76,237.4,4.47,0.769,,0.9353,0,0,Good,2024-06-06 16:45:03,Invalid or missing units consumed
RD00049804,MTR003974,CUST003974,,Automatic,,349543.29,239.4,24.79,0.703,1.581,0.0938,0,,Good,,Invalid or missing units consumed
RD00016067,MTR001024,CUST001024,2024-07-21 06:47:47,Automatic,,249264.94,220.9,22.95,0.819,,4.9566,0,0,Good,2024-07-21 06:54:47,Invalid or missing units consumed
RD00046255,MTR002165,CUST002165,2024-08-21 01:36:30,Automatic,,247575.55,,45.83,0.884,3.807,0.096,0,0,Good,2024-08-21 01:45:30,Invalid or missing units consumed
RD00004287,MTR004280,CUST004280,2022-03-22 16:13:29,Automatic,,381518.81,237.9,10.63,0.731,1.923,0.1097,0,0,Good,2022-03-22 16:26:29,Invalid or missing units consumed
RD00018848,MTR001931,CUST001931,2022-03-02 01:58:35,Automatic,,39070.04,236.5,19.37,0.933,33.734,4.1871,0,0,Good,2022-03-02 02:04:35,Invalid or missing units consumed
RD00021066,MTR003240,CUST003240,2023-04-04 22:32:33,Manual,,489309.97,212.2,23.96,0.889,122.916,6.9866,0,0,0,2023-04-04 22:58:33,Invalid or missing units consumed
RD00029412,MTR003334,CUST003334,2022-01-03 02:16:19,Estimated,,97931.65,214.5,24.72,0.908,13.938,1.1481,,0,Good,2022-01-03 02:27:19,Invalid or missing units consumed
RD00014775,MTR000190,CUST000190,2022-02-13 13:10:54,Estimated,,387436.78,233.3,44.23,,0.507,0.0476,0,0,Good,,Invalid or missing units consumed
RD00024195,MTR000640,CUST000640,2024-04-30 16:46:43,Automatic,,376897.46,232.3,31.66,0.758,37.222,2.1316,0,0,Good,2024-04-30 16:50:43,Invalid or missing units consumed
RD00015944,MTR001000,CUST001000,2022-02-14 05:52:32,Revised,,384703.31,221.4,1.16,0.938,11.652,0.327,0,-,Good,2022-02-14 06:13:32,Invalid or missing units consumed
RD00025213,MTR003748,CUST003748,2022-01-22 01:51:57,Revised,,277263.49,220.8,,0.905,1.003,0.021,0,0,Estimated,2022-01-22 02:15:57,Invalid or missing units consumed
RD00035822,MTR099344,CUST004763,2024-04-13 21:03:43,Automatic,,206015.82,-,34.27,0.718,0.481,0.0402,0,0,Invalid,2024-04-13 21:11:43,Invalid or missing units consumed
RD00042917,MTR099327,CUST002575,2024-05-23 18:40:44,Automatic,,186190.76,228.8,32.9,0.964,158.299,0.0,0,,Good,2024-05-23 19:08:44,Invalid or missing units consumed
RD00034702,MTR002302,,2024-11-18 09:12:38,Estimated,,243687.58,234.9,45.65,0.789,34.015,2.7519,0,0,Good,2024-11-18 09:17:38,Invalid or missing units consumed
RD00040550,MTR001327,CUST001327,,Manual,,14625.85,231.8,6.57,0.813,,0.1183,0,0,Good,2023-02-04 14:21:34,Invalid or missing units consumed
RD00012428,MTR004495,CUST004495,2024-07-30 21:07:45,Automatic,,378804.7,229.9,18.37,0.851,165.69,6.6392,0,0,Good,2024-07-30 21:16:45,Invalid or missing units consumed
RD00039814,MTR003591,CUST003591,,Revised,,193299.86,213.0,12.43,0.928,0.507,0.0464,0,0,Good,2024-10-28 03:09:16,Invalid or missing units consumed
RD00003377,MTR003248,CUST003248,2023-08-22 03:13:59,Automatic,,320170.11,249.0,,0.834,1.389,0.1442,0,0,Good,2023-08-22 03:29:59,Invalid or missing units consumed
RD00036128,MTR004729,CUST004729,2024-07-21 20:45:04,,,159696.78,228.3,27.38,0.778,4.411,0.4778,0,0,Good,,Invalid or missing units consumed
RD00041386,MTR004927,CUST004927,2024-11-19 12:16:57,Automatic,,435032.64,241.9,35.62,0.818,0.691,0.0398,0,1,Good,2024-11-19 12:43:57,Invalid or missing units consumed
RD00035273,MTR002584,CUST002584,2024-04-12 14:00:33,Automatic,,132681.73,239.7,36.86,0.916,971.928,,0,0,Good,2024-04-12 14:30:33,Invalid or missing units consumed
RD00018846,MTR004265,CUST004265,2024-04-11 19:13:59,Manual,,204760.03,234.2,41.64,,0.949,0.0509,0,0,Good,2024-04-11 19:19:59,Invalid or missing units consumed
RD00002017,MTR000002,CUST000002,2023-03-26 07:09:10,Manual,,250500.49,,44.57,0.786,3.749,0.2677,0,0,Good,2023-03-26 07:18:10,Invalid or missing units consumed
RD00023601,MTR004585,CUST004585,2022-09-15 10:21:18,Automatic,,130654.41,238.2,39.45,0.971,25.774,0.8058,0,0,Good,2022-09-15 10:27:18,Invalid or missing units consumed
RD00041636,MTR000961,CUST000961,2022-01-02 02:31:53,Automatic,,89034.11,244.7,30.68,0.703,1.913,0.0807,0,0,Good,2022-01-02 03:00:53,Invalid or missing units consumed
RD00046680,MTR003811,CUST003811,2022-05-24 04:51:16,Automatic,,366941.92,246.4,15.6,0.962,7.606,0.3385,0,,Estimated,2022-05-24 05:05:16,Invalid or missing units consumed
RD00008074,,CUST001281,2023-08-23 13:19:58,Automatic,,427665.2,221.6,13.36,,10.692,0.8776,0,0,,2023-08-23 13:26:58,Invalid or missing units consumed
RD00027106,MTR001964,CUST001964,2024-07-14 06:15:50,Automatic,,122325.39,219.8,16.64,0.765,765.316,39.0849,0,0,Invalid,2024-07-14 06:42:50,Invalid or missing units consumed
RD00000109,MTR000718,CUST000718,2024-11-15 19:39:58,Estimated,,469653.96,237.5,20.94,0.965,48.496,3.8603,0,1,Good,2024-11-15 19:42:58,Invalid or missing units consumed
RD00048318,MTR001523,CUST001523,2022-05-24 02:25:30,Revised,,353414.39,220.4,37.2,0.771,4.182,0.2635,0,0,Good,2022-05-24 02:38:30,Invalid or missing units consumed
RD00030517,MTR004263,CUST004263,,Automatic,,372313.93,-,13.4,0.769,198.456,4.1407,UNKNOWN,0,Good,2022-08-18 09:11:55,Invalid or missing units consumed
RD00033280,MTR004130,CUST004130,2023-10-20 22:08:19,AUTOMATIC,,456.41376,235.9,32.57,0.956,673.26,42.7371,0,0,Good,2023-10-20 22:37:19,Invalid or missing units consumed
RD00004046,MTR003130,CUST003130,2023-08-06 04:34:09,Manual,,334350.56,241.7,17.46,0.905,241.874,17.9145,0,1,Good,2023-08-06 04:57:09,Invalid or missing units consumed
RD00008819,MTR000665,CUST000665,2022-05-27 17:08:55,Automatic,,412230.92,228.5,24.41,0.785,252.799,12.7443,0,0,Good,2022-05-27 17:17:55,Invalid or missing units consumed
RD00043965,,CUST000280,2023-01-29 20:08:00,Automatic,,310468.0,246.9,,0.771,80.615,6.601,0,0,Good,2023-01-29 20:34:00,Invalid or missing units consumed
RD00003089,MTR004186,CUST004186,2023-10-07 00:09:22,,,403411.35,207.9,15.82,0.82,0.446,0.0148,0,0,Good,2023-10-07 00:33:22,Invalid or missing units consumed
RD00010593,MTR002753,CUST002753,2022-04-19 12:36:29,Automatic,,438889.49,,38.49,0.937,2.001,,0,,Estimated,2022-04-19 12:48:29,Invalid or missing units consumed
RD00032202,MTR003116,CUST003116,2024-12-28 05:04:02,Estimated,,405114.91,246.8,0.0,0.948,18.467,1.1312,0,0,Good,2024-12-28 05:21:02,Invalid or missing units consumed
RD00002032,MTR002200,CUST002200,2022-02-05 10:06:52,Automatic,,265883.65,244.4,13.6,0.971,2.192,0.1942,0,0,Good,2022-02-05 10:34:52,Invalid or missing units consumed
RD00028336,MTR001304,CUST001304,2023-08-06 14:21:22,manual,,22228450.0,206.8,10.67,0.918,,0.7025,0,0,Good,2023-08-06 14:25:22,Invalid or missing units consumed
RD00004341,MTR003377,CUST003377,2023-01-15 03:51:32,Automatic,,58521.11,229.0,39.88,0.826,3.003,0.1893,0,0,Good,,Invalid or missing units consumed
RD00002624,MTR003369,CUST003369,2022-03-19 03:13:29,Automatic,,48857.88,227.1,6.98,0.878,57.786,3.7945,0,0,good,2022-03-19 03:25:29,Invalid or missing units consumed
RD00000051,MTR099377,CUST004610,2024-05-29 15:03:49,Estimated,,243688.25,242.2,0.22,,8.2,0.1925,0,0,Estimated,,Invalid or missing units consumed
RD00014302,MTR000834,CUST000834,2024-05-24 05:34:52,Manual,,,231.7,46.19,0.922,81.075,2.1774,0,0,GOOD,2024-05-24 05:59:52,Invalid or missing units consumed
RD00022851,MTR000989,CUST000989,2024-01-24 01:42:36,Automatic,,34173.46,231.8,18.65,0.816,6.98,0.5535,0,0,Good,,Invalid or missing units consumed
RD00028188,MTR004579,CUST004579,2024-09-09 17:35:04,Automatic,,,238.9,,0.735,1.725,0.1183,0,0,Good,2024-09-09 17:48:04,Invalid or missing units consumed
RD00022875,MTR000181,CUST000181,2023-02-06 22:19:45,Manual,,16352.58,226.5,7.75,0.868,3.585,0.346,0,0,Good,2023-02-06 22:32:45,Invalid or missing units consumed
RD00002519,MTR000800,CUST000800,2024-03-21 03:27:19,Automatic,,260258.84,227.1,29.29,0.813,3.421,0.3173,0,0,Good,,Invalid or missing units consumed
RD00034746,MTR004790,CUST004790,2024-03-20 03:22:05,Automatic,,339681.22,234.0,5.05,0.919,0.844,0.0383,0,0,Invalid,2024-03-20 03:39:05,Invalid or missing units consumed
RD00012235,MTR004673,CUST004673,,Automatic,,318864.43,216.3,23.76,0.705,62.907,2.7156,0,0,Invalid,2024-02-29 09:20:04,Invalid or missing units consumed
RD00036536,0,CUST000593,2023-11-12 14:23:19,Automatic,,229184.9,216.0,33.43,0.8,17.266,1.3017,0,0,Estimated,2023-11-12 14:43:19,Invalid or missing units consumed
RD00010147,MTR004667,CUST004667,2024-06-30 02:32:44,Automatic,,137939.73,234.7,5.0,0.776,5.195,0.2038,1,,Good,2024-06-30 02:44:44,Invalid or missing units consumed
RD00023764,MTR002296,CUST002296,2022-08-10 07:37:56,Automatic,,311545.74,224.5,5.52,,17.017,0.4924,0,0,Estimated,2022-08-10 08:00:56,Invalid or missing units consumed
RD00025977,MTR000468,CUST000468,2023-03-16 13:24:42,Automatic,,285825.49,229.4,23.24,0.0,0.0,0.4022,0,-,Good,2023-03-16 13:26:42,Invalid or missing units consumed
RD00044505,MTR004943,CUST004943,2024-04-30 23:09:16,Automatic,,328640.34,235.7,5.91,0.75,1.546,0.1197,0,0,Good,,Invalid or missing units consumed
RD00024250,MTR002762,CUST002762,2024-01-02 14:49:11,Manual,,68789.12,243.7,43.55,0.92,,0.2838,0,0,Good,2024-01-02 15:07:11,Invalid or missing units consumed
RD00013053,MTR002903,CUST002903,2024-02-02 02:20:49,Automatic,,299325.1,220.2,,0.76,,0.4149,0,0,Invalid,2024-02-02 02:33:49,Invalid or missing units consumed
RD00038357,MTR002718,CUST002718,2024-02-21 03:33:43,Automatic,,260246.95,213.3,12.74,0.78,47.206,4.8868,0,0,Good,2024-02-21 03:44:43,Invalid or missing units consumed
RD00018651,,0,,Manual,,427206.09,241.0,1.46,0.998,9.178,0.6018,0,0,Suspect,2024-12-03 12:41:14,Invalid or missing units consumed
RD00025951,MTR003648,CUST003648,,Automatic,,109682.6,217.4,17.23,0.884,12.272,0.329,,0,Good,2023-12-30 09:21:22,Invalid or missing units consumed
RD00021049,MTR002554,CUST002554,2024-08-28 14:44:03,,,367669.05,228.7,16.04,0.8,1.767,0.057,0,0,Good,2024-08-28 14:57:03,Invalid or missing units consumed
RD00014996,MTR003599,CUST003599,2023-01-17 01:05:57,Estimated,,231905.18,230.0,41.38,,0.557,0.0324,0,0,Good,2023-01-17 01:24:57,Invalid or missing units consumed
RD00001084,MTR003607,CUST003607,2023-10-21 15:52:15,Automatic,,269233.28,231.5,22.15,0.873,19.809,0.4765,0,0,Estimated,2023-10-21 16:18:15,Invalid or missing units consumed
RD00018581,MTR002362,CUST002362,2022-05-14 20:16:42,Manual,,401308.88,231.2,48.43,0.838,,0.299,0,0,Good,2022-05-14 20:21:42,Invalid or missing units consumed
RD00022762,MTR002627,CUST002627,2023-07-17 03:14:50,Revised,,241278.36,229.0,44.76,0.962,8.559,0.2814,0,0,Invalid,2023-07-17 03:28:50,Invalid or missing units consumed
RD00021537,MTR004528,CUST004528,,automatic,,166069.52,237.2,35.22,0.751,43.365,2.9218,0,0,Good,2024-01-22 23:16:33,Invalid or missing units consumed
RD00046326,MTR004672,CUST004672,2022-10-18 13:07:13,,,318555.62,229.7,27.57,0.995,7.158,0.4527,0,0,Good,2022-10-18 13:32:13,Invalid or missing units consumed
RD00013790,MTR004099,CUST004099,2024-12-27 10:11:15,Automatic,,0.0,224.8,,0.707,1256.334,78.3889,0,0,Good,2024-12-27 10:14:15,Invalid or missing units consumed
RD00025559,MTR003376,CUST003376,2024-11-14 14:31:47,Automatic,,477413.93,198.4,44.33,0.882,0.973,0.0313,0,0,Invalid,2024-11-14 14:34:47,Invalid or missing units consumed
RD00029612,MTR002940,CUST002940,2024-07-27 00:11:46,Automatic,,444164.83,233.1,37.18,0.98,,0.3502,0,0,Good,2024-07-27 00:26:46,Invalid or missing units consumed
RD00033932,MTR003430,CUST003430,2024-11-06 05:34:20,Manual,,397605.53,242.2,33.86,0.86,24.981,1.0487,0,0,Good,2024-11-06 05:40:20,Invalid or missing units consumed
RD00026101,MTR004153,CUST004153,2022-07-22 03:09:57,automatic,,48496.45,219.9,42.69,0.897,21.787,0.4761,0,0,Good,2022-07-22 03:24:57,Invalid or missing units consumed
RD00036692,MTR001429,CUST001429,2023-10-03 01:10:44,Automatic,,415303.96,230.8,27.36,0.939,25.538,1.5187,,0,Good,2023-10-03 01:32:44,Invalid or missing units consumed
RD00016072,MTR002006,CUST002006,2022-12-08 05:31:35,Automatic,,63686.93,234.2,38.09,0.962,0.797,0.0835,0,1,Invalid,2022-12-08 05:42:35,Invalid or missing units consumed
RD00042487,MTR004588,CUST004588,2024-04-01 22:31:32,Automatic,,305726.03,222.4,4.92,0.838,3.229,0.3662,0,0,Good,2024-04-01 22:59:32,Invalid or missing units consumed
RD00013280,MTR004936,CUST004936,2022-08-28 09:14:21,Automatic,,493388.64,,7.81,0.75,13.1,0.861,0,0,Good,2022-08-28 09:31:21,Invalid or missing units consumed
RD00020808,MTR001395,CUST001395,2022-09-21 15:08:26,Automatic,,57289.58,223.4,,0.776,3.326,0.3004,0,1,Good,2022-09-21 15:30:26,Invalid or missing units consumed
RD00015066,MTR004625,CUST004625,2022-04-23 09:17:26,Automatic,,247.86421,234.4,,0.982,6.533,0.4792,0,0,Good,2022-04-23 09:47:26,Invalid or missing units consumed
RD00002223,MTR004439,CUST004439,2024-07-06 15:52:46,Automatic,,423801.29,215.0,0.55,0.856,13.971,,0,0,Good,2024-07-06 16:20:46,Invalid or missing units consumed
RD00044859,MTR000945,CUST000945,2022-10-08 02:21:40,Automatic,,442925.43,236.4,37.27,0.994,15.055,1.1291,0,0,Good,,Invalid or missing units consumed
RD00047880,MTR001745,CUST001745,2022-11-01 06:35:07,Manual,,343558.49,232.5,13.84,0.918,7.099,0.4218,0,0,Good,2022-11-01 06:59:07,Invalid or missing units consumed
RD00043553,MTR003843,CUST003843,2024-05-04 20:23:03,Estimated,,273.34547,220.6,45.31,0.713,9.373,0.2178,0,0,Good,2024-05-04 20:32:03,Invalid or missing units consumed
RD00032610,MTR000780,,2024-05-06 06:58:15,Manual,,360534.8,232.9,15.07,0.952,,,0,0,Good,2024-05-06 07:11:15,Invalid or missing units consumed
RD00025971,MTR000164,CUST000164,2024-09-03 05:34:23,Automatic,,185602.2,234.9,25.54,0.786,20.517,0.5162,0,0,Good,2024-09-03 05:38:23,Invalid or missing units consumed
RD00048565,MTR001973,CUST001973,2023-04-15 08:58:03,Manual,,156482.74,238.0,43.99,0.996,20.371,1.219,0,0,Good,2023-04-15 09:14:03,Invalid or missing units consumed
RD00011051,MTR000442,CUST000442,2022-01-28 03:13:33,Automatic,,373.46781,213.0,12.28,0.776,2.671,0.2634,UNKNOWN,0,,2022-01-28 03:41:33,Invalid or missing units consumed
RD00019656,MTR001481,CUST001481,,Automatic,,328048.47,237.7,0.36,0.815,8.351,0.2648,0,0,Good,2022-02-11 11:22:02,Invalid or missing units consumed
RD00037427,MTR001678,CUST001678,2024-11-08 23:42:06,Revised,,20549.04,223.0,47.9,0.791,235.391,9.3869,0,0,Good,2024-11-08 23:55:06,Invalid or missing units consumed
RD00040063,MTR004673,CUST004673,2023-02-07 08:01:26,Manual,,,227.3,3.29,0.836,108.899,5.637,0,0,Good,2023-02-07 08:29:26,Invalid or missing units consumed
RD00005504,MTR000987,CUST000987,2023-05-13 15:16:28,Automatic,,62098.96,241.0,9.83,0.818,745.946,47.1251,0,0,Good,2023-05-13 15:37:28,Invalid or missing units consumed
RD00010953,MTR004192,CUST004192,2022-01-08 17:25:49,-,,230107.37,236.6,39.29,0.997,39.87,1.0988,0,0,Suspect,2022-01-08 17:32:49,Invalid or missing units consumed
RD00000513,MTR003271,CUST003271,2023-06-28 20:02:55,Automatic,,375282.18,220.5,43.15,0.847,19.585,0.7604,0,0,Good,2023-06-28 20:07:55,Invalid or missing units consumed
RD00030031,MTR001852,CUST001852,2023-12-07 01:08:00,Automatic,,185885.4,231.6,32.0,0.707,3.394,0.0659,0,0,Good,2023-12-07 01:26:00,Invalid or missing units consumed
RD00014181,MTR004114,CUST004114,2022-08-30 15:13:41,Automatic,,72304.71,UNKNOWN,42.2,0.754,1.758,0.1635,0,0,Estimated,2022-08-30 15:40:41,Invalid or missing units consumed
RD00046372,MTR004050,CUST004050,,Automatic,,271581.45,235.7,48.92,0.98,143.172,4.9788,-,0,good,2024-06-26 01:09:55,Invalid or missing units consumed
RD00020826,MTR000037,CUST000037,2023-11-06 11:29:14,Automatic,,203600.48,221.3,,0.784,5.655,0.2175,0,0,Estimated,2023-11-06 11:44:14,Invalid or missing units consumed
RD00007383,MTR004174,CUST004174,2024-10-21 06:06:42,Estimated,,442613.12,,32.6,0.904,10.237,0.9561,0,0,Good,2024-10-21 06:18:42,Invalid or missing units consumed
RD00003692,MTR003741,CUST003741,2023-05-29 03:12:06,Estimated,,113834.21,223.8,46.21,0.875,500.022,27.0029,0,0,Good,2023-05-29 03:25:06,Invalid or missing units consumed
RD00019202,MTR001685,CUST001685,2022-03-16 02:13:31,Automatic,,235080.39,224.9,20.09,0.706,6.248,0.1963,0,1,Suspect,2022-03-16 02:20:31,Invalid or missing units consumed
RD00036945,MTR000951,CUST000951,2022-12-15 13:13:42,Manual,,135562560.0,228.2,25.09,0.769,5.76,0.4099,0,0,Good,2022-12-15 13:18:42,Invalid or missing units consumed
RD00017654,MTR004851,CUST004851,2024-05-29 03:47:02,Manual,,10860.76,224.9,12.42,0.778,6.687,,0,0,Good,2024-05-29 04:05:02,Invalid or missing units consumed
RD00039093,MTR000054,CUST000054,2023-01-22 09:28:45,Manual,,133146.51,224.6,,,,5.91,0,0,,2023-01-22 09:42:45,Invalid or missing units consumed
RD00034830,MTR001276,CUST001276,2024-06-07 22:36:17,Automatic,,30611.85,225.6,41.34,0.869,18.168,1.112,0,0,Good,2024-06-07 22:45:17,Invalid or missing units consumed
RD00016628,MTR000531,CUST000531,2022-09-30 17:09:00,Automatic,,221035.19,,4.81,0.793,245.418,21.1752,0,0,Good,2022-09-30 17:23:00,Invalid or missing units consumed
RD00008722,MTR003750,CUST003750,2022-09-27 19:15:46,Automatic,,52582.61,220.1,44.58,0.946,722.208,52.664,0,0,Good,2022-09-27 19:45:46,Invalid or missing units consumed
RD00024655,MTR002306,CUST002306,2024-05-19 08:48:46,Automatic,,473280.55,242.6,42.45,0.833,827.22,,0,0,Good,2024-05-19 09:04:46,Invalid or missing units consumed
RD00005262,MTR000587,CUST000587,2023-10-21 17:58:34,Revised,,411017.78,223.0,41.58,0.787,17.503,,0,0,Good,,Invalid or missing units consumed
RD00018306,MTR002201,CUST002201,2024-09-25 11:23:53,Automatic,,466012.23,227.8,35.89,0.855,19.468,0.5216,0,0,Estimated,2024-09-25 11:35:53,Invalid or missing units consumed
RD00033401,MTR003468,CUST003468,2024-10-02 21:38:41,Automatic,,113042.79,226.8,8.76,0.962,59.28,3.7738,UNKNOWN,0,Estimated,2024-10-02 21:58:41,Invalid or missing units consumed
RD00006772,MTR004479,CUST004479,2024-12-09 08:10:41,Automatic,,384430.82,227.3,28.05,0.955,3.505,0.2106,0,0,Good,2024-12-09 08:20:41,Invalid or missing units consumed
RD00035546,MTR004855,CUST004855,2023-08-30 18:23:30,Automatic,,42242.41,225.1,45.91,0.91,7.696,0.4542,0,0,Good,2023-08-30 18:43:30,Invalid or missing units consumed
RD00004185,MTR001662,CUST001662,,Estimated,,89342.15,251.9,28.56,0.951,5.184,0.3923,0,0,Good,,Invalid or missing units consumed
RD00047614,MTR002754,CUST002754,2024-11-15 15:42:42,Automatic,,348956.32,,36.85,0.855,97.974,,1,0,Good,2024-11-15 16:08:42,Invalid or missing units consumed
RD00020997,MTR002040,CUST002040,2022-01-16 12:03:53,Automatic,,133021.57,224.3,20.61,0.891,4.397,0.1321,0,0,Good,,Invalid or missing units consumed
RD00041690,MTR002502,CUST002502,2023-08-28 10:52:38,0,,311063.15,238.3,45.16,0.724,930.362,51.3282,0,0,Good,2023-08-28 11:05:38,Invalid or missing units consumed
RD00030757,MTR002826,CUST002826,2022-08-15 19:51:11,Automatic,,207947.8,221.9,7.29,0.968,290.005,25.5468,0,0,Good,2022-08-15 20:12:11,Invalid or missing units consumed
RD00034152,MTR004440,CUST004440,2024-01-11 03:04:19,Manual,,311096.02,250.6,44.24,0.915,916.865,23.5564,0,0,Estimated,2024-01-11 03:17:19,Invalid or missing units consumed
RD00009222,MTR000554,CUST000554,2024-11-13 23:17:03,MANUAL,,29854.84,216.8,42.05,0.882,3.299,0.4103,0,0,Good,2024-11-13 23:35:03,Invalid or missing units consumed
RD00017855,MTR002226,CUST002226,2024-09-06 20:35:30,Estimated,,229209.28,227.1,4.79,0.958,9.573,0.3513,0,0,Good,2024-09-06 20:55:30,Invalid or missing units consumed
RD00004363,MTR004175,CUST004175,2023-04-11 01:13:52,Estimated,,177717.95,233.7,26.89,0.719,0.552,0.0575,0,0,Good,2023-04-11 01:28:52,Invalid or missing units consumed
RD00044254,MTR000648,CUST000648,2023-03-22 14:08:54,Automatic,,194518.0,221.4,7.03,0.818,2.689,,0,0,Good,2023-03-22 14:22:54,Invalid or missing units consumed
RD00002664,MTR003276,CUST003276,2024-08-29 15:25:01,automatic,,462029.79,222.4,,0.861,5.412,0.2273,0,0,Good,2024-08-29 15:36:01,Invalid or missing units consumed
RD00047718,MTR004892,CUST004892,2022-06-26 14:56:21,Automatic,,476201.9,227.2,42.2,0.75,4.267,0.2823,0,0,Good,2022-06-26 14:59:21,Invalid or missing units consumed
RD00022963,MTR004232,CUST004232,2022-03-16 19:35:07,Automatic,,303.5407,222.3,1.78,0.732,1.969,0.0917,0,0,ESTIMATED,2022-03-16 19:39:07,Invalid or missing units consumed
RD00023234,MTR004375,CUST004375,2023-03-18 23:31:45,Automatic,,49302.82,232.5,36.87,0.785,,1.1117,0,0,good,,Invalid or missing units consumed
RD00041828,MTR003509,CUST003509,2024-10-13 05:39:08,Automatic,,389317.33,226.5,30.6,0.863,33.15,1.13,0,0,Good,2024-10-13 05:47:08,Invalid or missing units consumed
RD00047768,MTR003544,CUST003544,2022-06-28 18:27:27,Automatic,,452861.63,235.1,41.64,0.985,6.902,0.3801,0,0,,,Invalid or missing units consumed
RD00035388,MTR001119,CUST001119,2024-09-22 15:24:42,Manual,,215433.43,212.7,15.57,0.821,9.05,0.7164,0,0,Good,2024-09-22 15:54:42,Invalid or missing units consumed
RD00000240,MTR000035,CUST000035,2022-11-22 22:54:36,Automatic,,275366.01,223.3,29.83,0.762,32.523,3.0261,0,1,Good,2022-11-22 23:17:36,Invalid or missing units consumed
RD00022823,MTR000026,CUST000026,2022-03-16 22:25:07,Automatic,,22286.75,222.4,15.16,0.781,,0.354,0,0,Invalid,2022-03-16 22:43:07,Invalid or missing units consumed
RD00008985,MTR000813,CUST000813,2022-08-29 08:48:21,Automatic,,413515.9,230.8,8.0,0.789,41.67,,0,0,Good,,Invalid or missing units consumed
RD00023414,MTR003468,CUST003468,2022-05-09 18:51:19,Automatic,,400040.72,232.5,20.72,0.782,124.056,8.6616,0,0,Suspect,2022-05-09 19:14:19,Invalid or missing units consumed
RD00045953,MTR003773,CUST003773,2022-06-18 00:19:01,Automatic,,,224.7,14.98,0.97,889.394,27.0385,0,0,Estimated,2022-06-18 00:24:01,Invalid or missing units consumed
RD00048856,MTR004776,CUST004776,2023-01-13 10:31:09,Manual,,246909.87,235.8,24.95,0.733,62.839,,0,0,Good,2023-01-13 10:48:09,Invalid or missing units consumed
RD00026859,MTR001414,CUST001414,2024-03-02 07:37:34,Manual,,216077.55,226.4,20.28,0.834,9.106,0.9053,0,0,Good,2024-03-02 07:59:34,Invalid or missing units consumed
RD00034736,MTR000065,CUST000065,,Automatic,,319754.44,233.2,47.01,0.982,9.322,0.4963,0,0,Good,2023-02-14 17:04:45,Invalid or missing units consumed
RD00007146,-,CUST000843,2022-06-06 07:31:11,UNKNOWN,,379436.77,235.2,10.28,0.844,,0.7641,0,0,GOOD,,Invalid or missing units consumed
RD00022443,MTR003309,CUST003309,,Automatic,,238659.86,218.8,4.42,0.925,6.138,0.4356,0,0,Good,,Invalid or missing units consumed
RD00035457,MTR002814,CUST002814,2024-09-21 19:53:01,Automatic,,458942.83,227.3,27.28,0.774,0.0,0.8847,0,0,Estimated,,Invalid or missing units consumed
RD00010764,MTR004635,CUST004635,2022-09-30 09:06:52,Estimated,,400299.37,227.0,37.27,0.882,105.041,5.0248,0,0,Good,2022-09-30 09:25:52,Invalid or missing units consumed
RD00031266,MTR000402,CUST000402,,Automatic,,66917.48,,16.97,0.963,9.81,0.3353,0,0,Good,,Invalid or missing units consumed
RD00007136,MTR000625,CUST000625,2022-07-06 19:12:04,Automatic,,41362.79,232.5,45.82,0.991,99.682,3.3687,0,0,Good,2022-07-06 19:41:04,Invalid or missing units consumed
RD00044291,MTR001458,-,2024-07-07 23:25:36,Manual,,,216.8,33.86,0.915,1.72,0.032,0,0,Good,2024-07-07 23:43:36,Invalid or missing units consumed
RD00032716,MTR000517,CUST000517,2024-12-29 18:39:32,Manual,,237274.59,UNKNOWN,17.4,0.721,0.0,1.2927,0,0,Good,,Invalid or missing units consumed
RD00044661,MTR004105,CUST004105,2023-12-29 14:29:05,Automatic,,257700.4,229.0,25.98,0.814,4.545,0.1388,0,0,Good,2023-12-29 14:42:05,Invalid or missing units consumed
RD00041064,MTR000296,CUST000296,2023-02-27 14:13:52,Automatic,,456546.49,236.1,,0.914,476.459,38.6964,0,0,Good,2023-02-27 14:26:52,Invalid or missing units consumed
RD00011428,MTR002073,CUST002073,2023-08-10 07:04:47,Revised,,10540.43,0,19.31,0.73,737.396,20.9542,0,0,Good,2023-08-10 07:34:47,Invalid or missing units consumed
RD00009610,MTR002512,CUST002512,2023-08-18 21:36:28,Automatic,,149763.48,212.5,37.16,0.797,0.0,1.0869,0,0,Good,2023-08-18 21:49:28,Invalid or missing units consumed
RD00044420,MTR002862,CUST002862,2022-11-19 03:22:48,Automatic,,65832.16,243.0,40.52,0.937,1.202,0.0796,0,0,Good,2022-11-19 03:40:48,Invalid or missing units consumed
RD00024973,MTR000739,CUST000739,2024-08-26 12:16:44,Automatic,,345155.75,250.6,36.81,0.788,74.671,3.9228,0,0,Good,2024-08-26 12:19:44,Invalid or missing units consumed
RD00036323,MTR002128,CUST002128,2024-07-09 02:20:15,Automatic,,166359.93,,5.36,0.948,3.357,0.1049,0,0,Estimated,2024-07-09 02:33:15,Invalid or missing units consumed
RD00035395,,CUST000858,2023-05-20 01:01:41,Automatic,,108075.74,239.0,16.05,0.764,2.371,,0,0,Good,2023-05-20 01:02:41,Invalid or missing units consumed
RD00004587,MTR000608,CUST000608,2023-10-16 15:44:57,Automatic,,154810.34,216.9,,0.974,15.911,0.868,0,0,Good,,Invalid or missing units consumed
RD00030301,MTR004081,CUST004081,2022-04-08 18:30:34,Automatic,,302994.75,,38.34,0.981,80.374,9.0252,0,0,Good,,Invalid or missing units consumed
RD00012351,MTR000401,CUST000401,2024-02-14 17:15:16,Automatic,,,220.7,1.49,0.98,,4.2234,0,0,Good,2024-02-14 17:22:16,Invalid or missing units consumed
RD00049756,MTR000912,CUST000912,,Automatic,,261280.14,216.0,14.8,0.961,28.257,1.6858,0,0,Good,2023-02-22 07:23:50,Invalid or missing units consumed
RD00015446,MTR002999,CUST002999,2024-10-30 19:09:28,Automatic,,48714.15,243.0,18.22,0.894,13.04,0.5556,0,0,Good,2024-10-30 19:25:28,Invalid or missing units consumed
RD00011663,MTR001470,CUST001470,2023-10-03 10:53:18,Automatic,,264782.93,,38.9,0.722,2.241,0.2011,0,0,Good,2023-10-03 11:03:18,Invalid or missing units consumed
RD00016990,MTR000437,CUST000437,2023-09-14 22:33:26,Automatic,,109100.88,219.2,32.92,0.914,11.381,0.8158,0,0,Good,,Invalid or missing units consumed
RD00030779,MTR002007,CUST002007,2022-03-29 23:53:53,Automatic,,481634.89,226.4,40.96,0.847,5.963,0.1748,,0,,2022-03-30 00:19:53,Invalid or missing units consumed
RD00023089,MTR001545,CUST001545,2023-10-08 14:18:56,Automatic,,381023.18,247.2,30.35,0.738,322.183,26.2499,0,0,Good,2023-10-08 14:38:56,Invalid or missing units consumed
RD00007740,MTR000247,CUST000247,2022-08-26 16:35:01,Manual,,357841.95,240.2,6.76,0.857,6.756,0.4186,0,0,Good,2022-08-26 16:38:01,Invalid or missing units consumed
RD00022170,MTR001582,CUST001582,2023-10-01 23:00:02,Automatic,,280594.84,227.6,37.16,0.822,4.673,0.2682,0,1,Good,2023-10-01 23:20:02,Invalid or missing units consumed
RD00019884,MTR000335,CUST000335,2022-11-28 19:29:26,Automatic,,203681.86,229.5,26.64,0.93,34.15,,0,0,Good,,Invalid or missing units consumed
RD00037272,MTR001407,CUST001407,2024-12-30 21:24:35,Automatic,,69318.57,232.1,49.78,0.999,0.0,0.2657,0,0,Suspect,2024-12-30 21:31:35,Invalid or missing units consumed
RD00002274,MTR000253,CUST000253,2023-07-27 13:36:13,Automatic,,303877.25,229.7,2.23,0.821,122.541,3.8003,0,0,Suspect,,Invalid or missing units consumed
RD00004529,MTR003861,CUST003861,2023-04-15 18:55:55,Automatic,,287081.92,UNKNOWN,1.98,,,,0,0,Good,2023-04-15 18:58:55,Invalid or missing units consumed
RD00006353,MTR000189,CUST000189,2022-06-19 00:11:43,Manual,,301972.66,227.2,46.07,0.883,2.461,0.1373,0,0,Invalid,2022-06-19 00:24:43,Invalid or missing units consumed
RD00021101,MTR004433,CUST004433,2023-05-25 13:01:03,Automatic,,419424.66,239.1,18.67,,136.63,7.9191,0,0,Good,2023-05-25 13:07:03,Invalid or missing units consumed
RD00038525,MTR000311,CUST000311,2024-07-24 13:18:20,Estimated,,106309.41,221.4,13.12,0.885,9.108,0.2729,0,0,Good,2024-07-24 13:31:20,Invalid or missing units consumed
RD00012184,MTR003465,CUST003465,2024-07-31 20:14:13,Automatic,,160112.31,211.3,13.29,0.815,18.837,0.4008,0,0,Good,2024-07-31 20:15:13,Invalid or missing units consumed
RD00046933,MTR004672,CUST004672,2022-03-08 19:00:31,Automatic,,361822.06,225.9,32.65,0.847,6.317,0.3448,0,0,Good,2022-03-08 19:20:31,Invalid or missing units consumed
RD00044517,MTR000212,CUST000212,2022-03-23 10:33:35,Estimated,,301139.18,251.9,48.72,0.785,8.052,0.3621,0,0,Good,2022-03-23 11:01:35,Invalid or missing units consumed
RD00015067,MTR003523,CUST003523,2022-02-24 06:06:44,Manual,,163545.83,216.5,3.15,0.925,,0.6146,0,0,Good,2022-02-24 06:31:44,Invalid or missing units consumed
RD00048195,MTR001031,CUST001031,2022-05-29 16:19:37,Automatic,,200906.21,225.8,35.0,0.932,8.677,0.6163,0,,Suspect,2022-05-29 16:36:37,Invalid or missing units consumed
RD00010263,MTR002527,CUST002527,2024-02-26 03:15:05,Automatic,,177374.96,230.6,45.77,0.849,4.303,0.1829,0,0,Good,2024-02-26 03:45:05,Invalid or missing units consumed
RD00019959,MTR003162,CUST003162,2024-11-03 03:00:25,Automatic,,418746.9,218.6,45.32,0.979,,,0,0,Good,2024-11-03 03:01:04,Invalid or missing units consumed
RD00037271,MTR000428,CUST000428,2022-05-24 15:36:14,Automatic,,343699.61,234.1,1.51,0.878,261.137,17.2356,0,0,Good,2022-05-24 15:42:14,Invalid or missing units consumed
RD00048135,MTR004961,CUST004961,2022-10-25 18:57:01,Automatic,,416.88643,227.7,22.08,0.857,3.981,0.1101,0,0,Good,2022-10-25 19:18:01,Invalid or missing units consumed
RD00002300,MTR000966,CUST000966,2024-02-05 07:25:38,Automatic,,436943.84,225.8,,0.913,12.003,0.7322,0,0,good,2024-02-05 07:33:38,Invalid or missing units consumed
RD00014709,MTR002229,CUST002229,2022-08-07 10:37:24,Automatic,,124293.44,217.4,19.11,0.7,16.334,0.486,0,0,good,,Invalid or missing units consumed
RD00021447,MTR000961,CUST000961,2023-07-08 19:07:59,Automatic,,176108.79,241.2,1.75,0.738,4.457,0.2179,0,0,Good,2023-07-08 19:37:59,Invalid or missing units consumed
RD00021538,MTR001401,CUST001401,,Automatic,,80546.33,218.9,29.02,0.743,0.0,0.5876,0,0,Good,2024-06-29 12:09:31,Invalid or missing units consumed
RD00005859,MTR000884,CUST000884,2023-07-13 19:57:47,Automatic,,482028.58,224.7,17.74,0.722,11.119,1.2936,0,,Invalid,2023-07-13 20:12:47,Invalid or missing units consumed
RD00029251,MTR000393,CUST000393,2024-10-26 20:18:02,Automatic,,179470.6,232.7,4.28,0.832,,1.6651,0,0,Estimated,2024-10-26 20:45:02,Invalid or missing units consumed
RD00049245,MTR000780,CUST000780,2022-03-27 09:45:20,Automatic,,184968.6,221.8,19.48,0.77,1.215,0.1056,,0,Good,2022-03-27 09:59:20,Invalid or missing units consumed
RD00034567,MTR000399,CUST000399,2022-08-16 09:22:22,Automatic,,438119.12,243.4,21.26,0.899,4.934,0.1534,0,1,Good,2022-08-16 09:47:22,Invalid or missing units consumed
RD00032491,MTR000668,CUST000668,,Automatic,,245445.7,221.7,18.48,0.702,,0.1754,0,0,Good,,Invalid or missing units consumed
RD00012474,MTR002826,CUST002826,2023-05-22 07:39:34,Automatic,,17691.99,225.5,6.67,0.941,,90.5756,0,0,Good,2023-05-22 07:45:34,Invalid or missing units consumed
RD00011000,MTR000677,CUST000677,2022-02-14 23:00:33,Automatic,,109969.1,237.9,22.06,0.81,4.364,,0,1,Good,2022-02-14 23:07:33,Invalid or missing units consumed
RD00018893,MTR000129,CUST000129,2023-04-24 13:29:05,Automatic,,266403.5,216.8,29.8,0.935,2.374,0.254,0,1,Estimated,2023-04-24 13:57:05,Invalid or missing units consumed
RD00035890,,CUST001718,2024-10-17 07:55:01,Manual,,281792.7,221.0,5.29,0.736,9.39,0.4354,0,0,Invalid,2024-10-17 07:59:01,Invalid or missing units consumed
RD00042700,MTR003709,CUST003709,2024-09-22 18:34:53,Automatic,,488742.83,237.1,21.1,0.823,14.884,,0,0,Good,2024-09-22 19:04:53,Invalid or missing units consumed
RD00025078,MTR001599,CUST001599,2024-12-04 15:08:32,Automatic,,24.72055,234.2,41.45,0.974,7.741,0.8394,0,0,Estimated,2024-12-04 15:12:32,Invalid or missing units consumed
RD00022779,MTR002429,CUST002429,2022-11-22 13:56:09,Automatic,,193427.15,236.2,33.24,0.797,,0.0602,0,0,Good,2022-11-22 14:24:09,Invalid or missing units consumed
RD00038474,MTR003303,CUST003303,2023-07-30 20:54:13,AUTOMATIC,,308949.16,222.6,17.85,0.744,15.191,0.408,0,0,Good,,Invalid or missing units consumed
RD00042475,MTR004797,CUST004797,2024-03-30 21:47:31,Estimated,,267998.7,,21.86,0.955,5.283,0.33,0,0,Invalid,2024-03-30 21:55:31,Invalid or missing units consumed
RD00012409,MTR000903,CUST000903,2022-04-27 00:35:32,Automatic,,434121.1,223.4,3.21,0.941,18.801,0.8947,0,0,Estimated,2022-04-27 00:40:32,Invalid or missing units consumed
RD00020804,MTR002162,CUST002162,2023-09-26 09:35:30,Automatic,,227096.27,UNKNOWN,28.19,0.885,,0.0613,0,0,Invalid,2023-09-26 10:04:30,Invalid or missing units consumed
RD00026912,MTR003745,CUST003745,2022-10-02 16:29:48,Automatic,,111181.6,230.3,44.75,0.855,2.776,,UNKNOWN,0,Good,2022-10-02 16:47:48,Invalid or missing units consumed
RD00028527,MTR003774,CUST003774,2023-07-28 05:20:12,Automatic,,436908.65,248.2,28.35,0.752,211.456,4.4278,0,0,Good,2023-07-28 05:50:12,Invalid or missing units consumed
RD00034123,MTR001431,CUST001431,2024-02-25 07:44:52,Automatic,,314695.42,221.9,21.05,0.724,1.404,0.0736,,0,Good,2024-02-25 08:05:52,Invalid or missing units consumed
RD00001788,MTR002604,CUST002604,2023-02-19 00:25:20,Manual,,51823.88,210.0,48.83,0.794,16.366,,0,0,Good,2023-02-19 00:53:20,Invalid or missing units consumed
RD00001772,-,CUST004738,2024-08-11 00:03:01,Manual,,445113.06,227.4,8.72,0.912,1.273,0.0887,0,0,Good,2024-08-11 00:12:01,Invalid or missing units consumed
RD00036944,MTR000031,CUST000031,2022-01-07 18:14:30,Automatic,,394341.82,0,30.8,,3.322,0.1638,0,0,Good,2022-01-07 18:30:30,Invalid or missing units consumed
RD00029664,MTR002784,,2023-07-29 17:24:10,Automatic,,130880.23,231.2,7.88,0.741,,3.1864,0,0,Invalid,2023-07-29 17:46:10,Invalid or missing units consumed
RD00042522,MTR003923,CUST003923,2022-11-19 23:56:19,Estimated,,292631.11,238.8,36.46,0.984,1.01,0.0781,0,0,Good,2022-11-19 23:57:19,Invalid or missing units consumed
RD00021038,MTR001937,CUST001937,2023-03-08 10:00:46,Automatic,,327637.16,-,47.3,0.803,6.503,,0,,Good,2023-03-08 10:28:46,Invalid or missing units consumed
RD00049152,MTR003154,CUST003154,,Automatic,,76639.97,221.2,16.57,0.749,5.606,0.1594,0,0,Good,2024-07-27 15:14:36,Invalid or missing units consumed
RD00038079,MTR004956,CUST004956,2022-04-23 00:07:35,Manual,,170723.44,208.5,26.8,,5.847,0.2053,0,0,Good,2022-04-23 00:09:35,Invalid or missing units consumed
RD00006070,MTR000932,CUST000932,2024-09-01 12:26:44,Automatic,,302103.3,213.6,15.48,0.88,19.576,0.8124,0,0,Good,2024-09-01 12:39:44,Invalid or missing units consumed
RD00016461,MTR000327,CUST000327,2022-12-20 16:26:33,Estimated,,136627.24,230.5,0.91,0.984,11.52,0.655,0,0,Invalid,2022-12-20 16:52:33,Invalid or missing units consumed
RD00040959,MTR002005,CUST002005,2023-09-26 18:59:54,Automatic,,228158.13,247.8,20.39,0.804,7.778,0.8032,0,0,Good,,Invalid or missing units consumed
RD00010577,MTR002248,,2024-12-23 06:19:36,,,79005.18,228.0,29.09,0.775,,,0,0,Good,2024-12-23 06:44:36,Invalid or missing units consumed
RD00047220,MTR001205,CUST001205,2023-06-22 21:00:06,Automatic,,469727.54,236.3,38.12,,15.235,0.9507,0,0,Good,2023-06-22 21:15:06,Invalid or missing units consumed
RD00007300,MTR004163,CUST004163,2022-01-18 08:03:14,Automatic,,317753.69,238.3,4.36,0.825,8.067,0.7701,0,0,Good,2022-01-18 08:32:14,Invalid or missing units consumed
RD00040737,MTR000473,CUST000473,2023-02-25 23:48:21,Automatic,,350714.22,247.0,48.9,0.7,8.822,0.3919,0,0,Good,2023-02-25 23:57:21,Invalid or missing units consumed
RD00014766,MTR004715,CUST004715,2022-05-10 14:51:46,Automatic,,253012.22,226.7,32.68,0.851,14.648,0.529,0,0,Good,2022-05-10 14:56:46,Invalid or missing units consumed
RD00034482,,CUST000839,2024-11-07 01:37:55,Manual,,,227.0,46.04,0.863,53.564,3.2789,0,0,Good,2024-11-07 01:42:55,Invalid or missing units consumed
RD00010600,MTR000594,CUST000594,2024-10-02 13:19:39,Manual,,140071.23,225.2,3.0,0.7,6.423,0.1606,0,0,Good,2024-10-02 13:35:39,Invalid or missing units consumed
RD00005729,MTR004280,CUST004280,2024-04-20 06:06:38,Manual,,147821.23,230.5,43.22,0.92,4.755,0.1087,0,0,Good,,Invalid or missing units consumed
RD00034014,MTR001028,CUST001028,2024-05-27 15:44:53,AUTOMATIC,,199231.96,213.8,6.11,0.745,67.851,4.5247,0,0,Good,2024-05-27 16:00:53,Invalid or missing units consumed
RD00001309,MTR001806,CUST001806,2024-09-12 02:35:35,Estimated,,,229.0,0.27,0.948,4.417,0.1925,0,0,,2024-09-12 03:04:35,Invalid or missing units consumed
RD00010589,MTR000681,CUST000681,2023-10-26 02:41:51,Manual,,402357.91,223.9,18.62,0.872,0.408,0.016,0,0,Good,2023-10-26 03:03:51,Invalid or missing units consumed
RD00024184,MTR002423,CUST002423,2023-08-02 02:32:47,Automatic,,256266.51,230.9,2.7,0.836,4.349,0.205,0,0,Good,2023-08-02 02:49:47,Invalid or missing units consumed
RD00040395,MTR001273,CUST001273,2023-04-01 17:17:36,Automatic,,15336.31,226.8,8.76,0.825,2.984,0.1527,0,0,0,2023-04-01 17:40:36,Invalid or missing units consumed
RD00048129,MTR004926,CUST004926,,Automatic,,18067.96,244.5,32.54,0.968,48.663,1.067,0,0,Good,2022-05-10 15:06:35,Invalid or missing units consumed
RD00020419,MTR001533,CUST001533,2022-06-10 04:28:11,Automatic,,62610.01,227.6,20.07,0.946,5.814,0.2974,0,1,Good,2022-06-10 04:45:11,Invalid or missing units consumed
RD00018209,MTR002292,CUST002292,2022-12-17 21:25:57,Estimated,,190630.51,222.8,41.0,0.876,11.385,0.4971,0,0,Good,2022-12-17 21:34:57,Invalid or missing units consumed
RD00015030,MTR003257,CUST003257,2024-01-26 03:38:25,Automatic,,308179.82,243.8,31.73,0.738,24.591,1.9698,0,0,Good,2024-01-26 04:04:25,Invalid or missing units consumed
RD00026591,MTR002090,CUST002090,2023-03-10 04:54:31,Manual,,190930.86,233.9,49.05,0.939,,0.2971,0,0,Good,2023-03-10 04:57:31,Invalid or missing units consumed
RD00022225,MTR001512,CUST001512,2023-06-04 15:52:27,Automatic,,144065470.0,219.0,20.15,0.934,136.919,9.2096,0,0,Good,2023-06-04 16:17:27,Invalid or missing units consumed
RD00024251,MTR002069,CUST002069,,Automatic,,,230.9,24.18,0.73,,,0,0,Good,2022-11-18 02:32:49,Invalid or missing units consumed
RD00013342,MTR002491,CUST002491,2023-10-27 07:46:43,Automatic,,169495.42,234.0,29.06,0.72,11.232,0.432,0,0,Good,2023-10-27 07:49:43,Invalid or missing units consumed
RD00019425,UNKNOWN,CUST003264,2024-08-10 05:48:34,Automatic,,278170.98,250.0,39.58,0.928,5.51,0.2739,0,0,Good,2024-08-10 06:16:34,Invalid or missing units consumed
RD00040521,MTR000552,CUST000552,2024-07-07 00:35:34,Revised,,188425.36,231.5,15.89,0.837,51.909,1.589,0,0,Good,2024-07-07 01:05:34,Invalid or missing units consumed
RD00031013,MTR000245,CUST000245,2024-07-12 23:07:53,Automatic,,215583.0,UNKNOWN,43.24,0.958,3.497,,0,0,Good,2024-07-12 23:34:53,Invalid or missing units consumed
RD00000591,MTR003866,CUST003866,2023-09-30 10:40:45,Automatic,,445937.79,220.3,11.42,0.768,759.433,52.3858,0,0,Estimated,,Invalid or missing units consumed
RD00048213,MTR001677,CUST001677,2024-10-28 00:38:06,Automatic,,455409.91,221.6,41.58,0.893,1.112,0.0945,0,0,Good,2024-10-28 00:44:06,Invalid or missing units consumed
RD00030176,MTR003639,CUST003639,2024-12-01 00:02:11,Manual,,236569.32,209.4,40.4,0.919,6.166,0.4707,0,0,Good,2024-12-01 00:24:11,Invalid or missing units consumed
RD00034219,MTR002958,CUST002958,2023-01-07 00:46:30,Automatic,,256481.65,UNKNOWN,20.39,0.777,27.845,,0,0,Good,2023-01-07 00:50:30,Invalid or missing units consumed
RD00014884,MTR002684,CUST002684,,Automatic,,117033.79,238.1,44.45,0.879,10.931,0.2263,0,0,Good,2022-05-25 15:14:09,Invalid or missing units consumed
RD00049720,MTR004324,CUST004324,,Manual,,39499.25,-,28.21,0.747,9.296,0.5978,0,0,Estimated,2022-08-27 21:34:06,Invalid or missing units consumed
RD00003098,MTR000364,CUST000364,2023-12-18 09:18:04,Automatic,,344920.98,221.5,42.61,0.852,13.616,0.8439,0,0,Good,2023-12-18 09:47:04,Invalid or missing units consumed
RD00030316,MTR003990,CUST003990,2024-06-13 05:51:24,Estimated,,45692.25,243.3,23.8,0.975,781.933,29.9546,0,0,Good,2024-06-13 05:59:24,Invalid or missing units consumed
RD00043108,MTR002935,CUST002935,2023-08-01 18:04:54,Estimated,,,226.2,26.31,0.893,990.59,86.1424,0,0,Good,2023-08-01 18:06:54,Invalid or missing units consumed
RD00045711,MTR000118,CUST000118,,Automatic,,144458.22,221.8,32.52,0.888,12.48,1.2429,0,0,Good,2024-01-20 18:25:16,Invalid or missing units consumed
RD00044444,MTR002796,CUST002796,2023-04-10 17:18:03,Manual,,237748.87,229.3,36.34,0.865,4.129,0.3467,0,0,Estimated,2023-04-10 17:27:03,Invalid or missing units consumed
RD00036211,MTR001570,CUST001570,2023-03-21 20:09:40,,,204634.28,238.0,40.29,0.905,172.145,13.7802,0,0,0,2023-03-21 20:22:40,Invalid or missing units consumed
RD00012553,MTR004831,CUST004831,2024-02-07 00:25:36,Manual,,311386.42,241.1,18.31,0.913,1.469,0.0345,0,0,Invalid,2024-02-07 00:27:36,Invalid or missing units consumed
RD00020058,MTR000952,CUST000952,,Automatic,,121673.05,224.2,28.15,0.809,67.557,,0,0,Good,2022-07-27 11:54:17,Invalid or missing units consumed
RD00049033,MTR004195,CUST004195,2022-03-22 15:07:52,Automatic,,313187.15,235.8,12.3,0.989,8.38,0.2262,0,0,Estimated,2022-03-22 15:33:52,Invalid or missing units consumed
RD00014511,MTR003534,CUST003534,,Revised,,446890.33,229.6,31.98,0.79,10.661,1.1432,0,0,Good,,Invalid or missing units consumed
RD00034326,MTR000991,CUST000991,2023-03-31 12:19:34,Automatic,,57076.88,229.4,7.36,,8.056,0.6397,0,1,Good,2023-03-31 12:45:34,Invalid or missing units consumed
RD00018171,MTR002984,CUST002984,2023-03-15 21:33:36,Estimated,,162909.89,220.1,9.45,0.989,6.077,0.1845,0,0,Good,2023-03-15 21:48:30,Invalid or missing units consumed
RD00026674,MTR002370,CUST002370,2022-02-06 12:58:21,Automatic,,134093.93,238.4,3.49,0.976,6.307,0.2736,0,0,Good,,Invalid or missing units consumed
RD00029446,MTR003081,CUST003081,2023-11-02 03:58:47,Manual,,51385.1,230.2,29.52,0.908,,0.2335,0,0,Suspect,2023-11-02 04:06:47,Invalid or missing units consumed
RD00038237,MTR003277,CUST003277,2024-04-10 01:39:51,Manual,,432426.32,207.3,,0.952,57.973,3.3852,0,0,Good,2024-04-10 01:43:51,Invalid or missing units consumed
RD00033357,MTR003372,CUST003372,2023-09-05 05:43:32,Revised,,389954.62,0,17.11,0.954,0.406,0.0266,0,0,Good,2023-09-05 06:07:32,Invalid or missing units consumed
RD00016051,MTR002613,CUST002613,2023-02-20 11:14:37,Automatic,,193466.58,237.8,27.42,0.735,35.992,3.0276,0,0,Good,2023-02-20 11:30:37,Invalid or missing units consumed
RD00033814,MTR003628,CUST003628,,Manual,,439189.25,206.7,37.94,0.778,6.138,0.4323,0,0,,2024-08-05 16:57:08,Invalid or missing units consumed
RD00026856,MTR001322,CUST001322,,Automatic,,256590.77,234.4,,0.829,1.738,0.179,0,0,Estimated,2022-02-23 11:32:26,Invalid or missing units consumed
RD00020911,MTR001583,CUST001583,,Automatic,,,234.7,42.28,0.986,0.905,0.0629,0,0,Good,2022-10-30 05:11:14,Invalid or missing units consumed
RD00013786,MTR003782,CUST003782,2023-11-23 01:42:23,Manual,,17219.73,231.6,33.01,0.955,0.69,0.0306,0,0,Good,2023-11-23 01:56:23,Invalid or missing units consumed
RD00022529,MTR002493,CUST002493,2024-04-27 15:56:30,Manual,,167285.35,,7.17,0.938,2.818,0.1966,0,0,,2024-04-27 16:12:30,Invalid or missing units consumed
RD00003168,MTR003889,CUST003889,2022-01-19 03:18:32,0,,33340.27,213.6,1.4,0.915,56.722,3.6104,0,0,Good,2022-01-19 03:42:32,Invalid or missing units consumed
RD00032472,MTR002470,CUST002470,2024-08-06 13:12:00,Manual,,102318.08,231.9,,0.82,909.626,70.0329,0,0,Good,2024-08-06 13:34:00,Invalid or missing units consumed
RD00026694,MTR000383,CUST000383,2024-05-04 13:02:14,Automatic,,256287.49,218.3,28.32,0.764,1.387,0.0425,0,0,Suspect,2024-05-04 13:07:14,Invalid or missing units consumed
RD00005580,,CUST001218,2022-11-23 08:25:53,Manual,,496331.7,221.4,48.06,0.725,2.877,0.0938,0,0,Good,,Invalid or missing units consumed
RD00007218,MTR002155,CUST002155,2024-08-14 04:42:28,Automatic,,238459.3,231.6,9.7,,1.45,0.1355,0,0,Good,2024-08-14 04:51:28,Invalid or missing units consumed
RD00017406,MTR004538,CUST004538,2024-05-04 04:13:59,Automatic,,328551.16,221.5,35.32,0.979,2.334,0.0709,0,0,Good,2024-05-04 04:24:59,Invalid or missing units consumed
RD00024266,MTR000313,CUST000313,2023-10-22 20:15:33,Automatic,,25249.86,218.1,10.68,0.781,5.704,0.4722,0,0,Good,2023-10-22 20:20:33,Invalid or missing units consumed
RD00015132,MTR001914,CUST001914,2023-04-18 15:38:52,Manual,,436662.26,234.9,31.88,0.791,2.687,0.2304,0,0,Suspect,2023-04-18 15:41:52,Invalid or missing units consumed
RD00026458,MTR004051,CUST004051,2022-02-18 06:35:28,Automatic,,,221.6,10.48,0.903,83.781,4.3319,0,1,Estimated,2022-02-18 06:58:28,Invalid or missing units consumed
RD00006021,MTR000925,CUST000925,2022-04-21 05:49:38,Estimated,,323800.18,223.7,42.96,0.942,4.854,0.1402,0,0,Good,2022-04-21 05:58:38,Invalid or missing units consumed
RD00018888,MTR003053,CUST003053,,Automatic,,257164.28,231.6,15.12,0.976,7.224,0.6074,0,0,Good,,Invalid or missing units consumed
RD00029989,MTR003528,CUST003528,2022-06-24 05:35:52,Automatic,,45477.17,0,48.76,0.778,1.01,,0,0,Good,2022-06-24 05:43:52,Invalid or missing units consumed
RD00014658,,CUST001698,2023-11-22 09:57:57,Automatic,,226671.0,209.2,49.62,0.722,3.526,0.1736,0,0,Good,2023-11-22 10:16:57,Invalid or missing units consumed
RD00036081,MTR003900,CUST003900,2024-09-05 06:27:58,Manual,,292300.59,237.0,2.68,0.722,6.471,,,0,Good,2024-09-05 06:50:58,Invalid or missing units consumed
RD00043101,MTR003503,CUST003503,2023-10-27 20:10:23,Automatic,,,219.4,37.53,0.776,2.608,0.2079,0,0,Good,2023-10-27 20:22:23,Invalid or missing units consumed
RD00046502,MTR003535,CUST003535,2024-02-10 15:30:30,Automatic,,75785.49,247.5,43.66,0.729,8.922,0.4503,0,0,Estimated,2024-02-10 15:42:30,Invalid or missing units consumed
RD00015189,MTR000954,CUST000954,2023-11-21 09:36:16,Automatic,,273747.01,-,4.96,0.926,2.197,0.0926,0,0,Good,2023-11-21 09:49:16,Invalid or missing units consumed
RD00048991,MTR000443,CUST000443,2024-10-03 13:41:57,Automatic,,27391.0,251.3,17.04,0.712,887.391,49.0929,0,0,Estimated,2024-10-03 13:58:57,Invalid or missing units consumed
RD00038022,MTR002089,CUST002089,2023-05-10 19:54:58,Automatic,,173101.44,224.9,19.05,0.843,7.276,0.3265,0,0,Good,2023-05-10 20:03:58,Invalid or missing units consumed
RD00017412,MTR003896,0,2022-12-08 11:14:49,Manual,,165336.92,224.2,38.17,0.742,,0.1079,0,0,Good,2022-12-08 11:32:49,Invalid or missing units consumed
RD00018138,MTR003430,CUST003430,,Estimated,,310748.36,231.3,28.13,0.758,44.09,1.6935,0,,Good,2022-12-21 04:18:08,Invalid or missing units consumed
RD00048409,UNKNOWN,CUST004696,2023-02-24 08:27:30,revised,,113960.72,238.1,13.74,,0.0,0.1772,0,0,Good,2023-02-24 08:37:30,Invalid or missing units consumed
RD00009638,MTR003160,CUST003160,2022-06-06 00:34:30,Automatic,,371804.77,238.8,23.23,0.896,60.246,5.3024,0,0,Good,2022-06-06 00:53:30,Invalid or missing units consumed
RD00025973,MTR002618,CUST002618,2024-05-01 08:19:49,Automatic,,165390.52,232.5,11.71,,8.369,0.5295,0,0,Good,,Invalid or missing units consumed
RD00009803,MTR002211,CUST002211,2024-02-25 08:22:36,Automatic,,,0,31.73,0.737,3.369,0.1501,0,0,Good,,Invalid or missing units consumed
RD00015498,MTR000738,CUST000738,2023-08-09 16:48:58,Revised,,131679.27,210.0,12.1,0.734,,0.1173,0,0,Good,2023-08-09 16:53:58,Invalid or missing units consumed
RD00009415,MTR004735,CUST004735,2022-08-24 21:07:12,Automatic,,441767.41,224.7,2.65,0.918,804.549,52.2531,0,1,Good,2022-08-24 21:19:12,Invalid or missing units consumed
RD00015968,MTR003493,-,2024-03-20 08:20:18,Manual,,374033.56,247.6,7.21,0.912,0.975,0.0435,0,0,Good,2024-03-20 08:44:18,Invalid or missing units consumed
RD00034061,MTR002321,CUST002321,2024-05-15 07:43:12,Automatic,,202750.42,211.9,42.32,0.772,,0.1532,0,0,Good,2024-05-15 07:54:12,Invalid or missing units consumed
RD00048906,MTR000669,CUST000669,2022-11-14 15:15:54,,,366127.3,235.2,46.82,0.909,6.105,,0,0,Suspect,2022-11-14 15:40:52,Invalid or missing units consumed
RD00043795,MTR002463,CUST002463,2024-02-02 20:07:32,Automatic,,,238.3,45.45,0.806,27.791,2.0762,0,0,Good,2024-02-02 20:08:32,Invalid or missing units consumed
RD00049579,MTR003799,CUST003799,2022-09-14 03:45:40,Automatic,,162754.34,,8.66,0.787,1.146,0.1166,0,0,Good,2022-09-14 03:59:40,Invalid or missing units consumed
RD00006785,MTR000925,CUST000925,2023-10-06 19:38:05,Automatic,,136540.72,223.9,1.11,0.904,0.876,0.0424,0,0,GOOD,2023-10-06 19:59:05,Invalid or missing units consumed
RD00039805,MTR000714,CUST000714,2024-01-19 21:07:18,Automatic,,468834.86,220.6,26.0,0.812,1.294,,0,0,Good,2024-01-19 21:37:18,Invalid or missing units consumed
RD00044878,MTR002868,CUST002868,2024-04-26 01:29:15,Automatic,,12591.97,245.0,37.91,,1.223,0.1245,,0,Invalid,2024-04-26 01:30:15,Invalid or missing units consumed
RD00015881,MTR003833,CUST003833,2023-08-28 20:06:38,Automatic,,217267.98,235.0,24.93,0.865,,0.3778,0,0,Good,2023-08-28 20:07:38,Invalid or missing units consumed
RD00031260,MTR001999,CUST001999,2023-02-12 03:40:18,Automatic,,199395.95,226.5,8.42,0.926,1.668,0.0861,0,0,Invalid,2023-02-12 03:54:18,Invalid or missing units consumed
RD00042405,MTR002656,CUST002656,2022-07-22 20:05:30,Manual,,329888.2,219.5,46.35,0.888,126.93,5.4868,0,0,Good,2022-07-22 20:33:30,Invalid or missing units consumed
RD00030854,MTR000803,CUST000803,2022-12-20 04:38:29,Revised,,195213.71,229.8,14.69,0.0,2.484,0.2233,0,0,good,2022-12-20 04:45:29,Invalid or missing units consumed
RD00040462,MTR003478,CUST003478,,Automatic,,241391.57,243.8,20.15,0.774,5.17,0.1515,0,0,Invalid,2024-02-29 05:36:30,Invalid or missing units consumed
RD00021338,MTR004905,CUST004905,2023-08-21 08:45:34,Manual,,299315.31,233.3,,0.701,5.439,0.1759,0,0,Good,2023-08-21 08:55:34,Invalid or missing units consumed
RD00037952,MTR004371,CUST004371,2024-08-24 23:39:31,Automatic,,307164.69,215.5,11.4,0.98,1.307,0.0283,0,0,Good,,Invalid or missing units consumed
RD00026786,MTR002257,CUST002257,2024-06-20 09:13:18,automatic,,441103.04,231.8,7.13,0.901,2.795,0.1519,0,0,Good,2024-06-20 09:36:18,Invalid or missing units consumed
RD00027947,MTR004099,CUST004099,2024-02-16 03:20:38,Automatic,,455921.7,242.7,13.79,0.929,554.42,43.0389,0,0,Good,2024-02-16 03:26:38,Invalid or missing units consumed
RD00017576,MTR000810,CUST000810,2023-05-17 10:50:40,Manual,,358496.57,223.6,39.58,0.811,,8.1154,0,0,GOOD,2023-05-17 11:17:40,Invalid or missing units consumed
RD00012315,MTR001154,CUST001154,2023-05-29 14:33:09,Automatic,,44078.68,227.7,23.05,0.733,53.769,1.1252,1,0,Estimated,2023-05-29 14:40:09,Invalid or missing units consumed
RD00012437,MTR004763,CUST004763,2023-12-12 10:17:42,Automatic,,475295.52,243.9,21.9,0.792,1.33,,0,0,Good,2023-12-12 10:36:42,Invalid or missing units consumed
RD00042743,MTR000485,CUST000485,2022-03-11 06:31:23,AUTOMATIC,,361121.46,230.9,19.28,0.819,25.619,1.9462,0,0,Good,2022-03-11 06:52:23,Invalid or missing units consumed
RD00044896,MTR002239,CUST002239,,Automatic,,18658.18,219.3,43.43,0.934,17.619,0.786,0,0,Estimated,2024-07-30 06:11:21,Invalid or missing units consumed
RD00036060,MTR001973,CUST001973,2023-05-21 08:31:35,Automatic,,229147.45,248.4,,0.895,10.643,0.3053,0,1,Good,2023-05-21 08:48:35,Invalid or missing units consumed
RD00007361,MTR004513,CUST004513,2024-02-06 12:40:20,,,16031.78,211.5,4.45,0.814,5.797,0.5667,0,0,Good,2024-02-06 12:53:20,Invalid or missing units consumed
RD00007342,MTR002366,CUST002366,2022-06-08 08:13:11,automatic,,459198.6,242.7,10.42,0.939,8.222,0.878,0,,Estimated,,Invalid or missing units consumed
RD00046913,MTR001015,CUST001015,2023-01-22 08:26:37,Manual,,412062.64,214.9,40.81,0.776,85.375,5.2961,0,0,Good,2023-01-22 08:48:37,Invalid or missing units consumed
RD00047135,MTR004729,0,2023-03-20 03:07:30,Manual,,246410.56,217.2,34.8,0.88,1.419,0.0503,0,0,Good,2023-03-20 03:36:30,Invalid or missing units consumed
RD00030544,MTR003769,CUST003769,2024-10-28 13:44:24,Automatic,,189186.09,230.2,40.49,0.938,137.375,7.5265,0,0,Estimated,2024-10-28 13:48:24,Invalid or missing units consumed
RD00023471,MTR001238,CUST001238,2023-03-05 08:22:00,Automatic,,416501.61,225.7,39.13,0.938,2.102,0.0782,0,0,Good,2023-03-05 08:24:00,Invalid or missing units consumed
RD00009054,MTR004300,CUST004300,2023-10-30 10:16:20,Automatic,,122088.39,223.2,4.48,0.893,3.868,0.2324,0,0,Suspect,2023-10-30 10:32:20,Invalid or missing units consumed
RD00022055,MTR001403,CUST001403,2024-08-28 16:46:53,Manual,,476069.04,252.3,44.8,0.826,61.666,5.9701,0,0,Good,2024-08-28 16:48:53,Invalid or missing units consumed
RD00007405,MTR002971,CUST002971,2024-08-12 16:26:13,Automatic,,144952.07,211.3,31.66,0.985,8.981,0.2715,0,0,Good,2024-08-12 16:45:13,Invalid or missing units consumed
RD00021602,MTR004625,CUST004625,2024-07-06 03:43:03,Automatic,,459918.13,231.7,31.62,0.704,4.972,0.5134,0,0,Good,2024-07-06 04:10:59,Invalid or missing units consumed
RD00040249,MTR002611,CUST002611,,Estimated,,49310.89,239.1,6.67,0.719,3.44,0.19,0,0,Invalid,2024-07-06 21:28:39,Invalid or missing units consumed
RD00013976,MTR001213,CUST001213,,Automatic,,311367.44,234.3,26.9,0.743,3.54,0.2651,0,0,Good,2023-06-23 04:05:17,Invalid or missing units consumed
RD00004291,MTR000725,CUST000725,2024-02-17 15:25:51,Automatic,,398872.04,236.5,44.36,0.884,7.339,0.4056,0,1,Good,2024-02-17 15:36:51,Invalid or missing units consumed
RD00033817,MTR001468,CUST001468,2023-07-16 00:56:08,Manual,,100960.87,232.3,48.95,0.738,31.384,3.4163,0,0,,,Invalid or missing units consumed
RD00008887,MTR004470,CUST004470,2024-08-13 22:47:32,Automatic,,468897.82,235.8,23.55,0.814,2.5,0.0901,0,0,Good,2024-08-13 22:52:32,Invalid or missing units consumed
RD00029975,MTR002905,CUST002905,2022-11-11 17:42:41,Automatic,,382956.11,231.3,26.35,0.921,5.031,0.3572,0,0,GOOD,2022-11-11 18:04:41,Invalid or missing units consumed
RD00024583,MTR000846,CUST000846,2024-04-07 15:15:19,Estimated,,15512.41,226.4,45.06,0.955,153.181,6.9407,0,0,Good,2024-04-07 15:36:19,Invalid or missing units consumed
RD00005827,MTR001398,CUST001398,2023-03-27 13:27:41,Automatic,,362520.03,230.1,6.31,0.797,5.433,0.2319,1,0,Good,2023-03-27 13:45:41,Invalid or missing units consumed
RD00021501,MTR003630,CUST003630,2024-12-10 21:52:28,Automatic,,434287.81,222.3,45.67,,10.549,0.3792,0,0,Good,2024-12-10 22:15:28,Invalid or missing units consumed
RD00012318,MTR002168,CUST002168,2022-11-15 04:46:54,Manual,,176888.25,225.9,,0.788,6.635,0.2085,0,0,Good,,Invalid or missing units consumed
RD00012201,MTR004263,CUST004263,2024-01-01 04:45:57,AUTOMATIC,,,224.6,48.52,0.884,274.176,18.9454,0,0,Good,2024-01-01 05:14:57,Invalid or missing units consumed
RD00042315,MTR004210,CUST004210,2022-10-15 11:30:36,Automatic,,145026.13,228.8,9.36,0.811,4.841,0.1853,0,1,Good,2022-10-15 11:44:36,Invalid or missing units consumed
RD00000004,MTR002514,CUST002514,2022-01-14 07:18:37,Automatic,,220110.86,,43.39,0.701,4.858,0.2383,0,0,Good,,Invalid or missing units consumed
RD00012067,MTR003733,CUST003733,2023-12-29 07:47:57,Automatic,,150227.58,234.1,14.09,0.84,315.517,9.8428,0,0,Good,2023-12-29 08:05:57,Invalid or missing units consumed
RD00031247,,CUST004900,2024-12-10 18:59:56,Automatic,,83609.62,246.2,19.02,0.934,10.534,0.4692,0,0,Good,2024-12-10 19:29:56,Invalid or missing units consumed
RD00036455,MTR001797,CUST001797,,Automatic,,140365.08,248.3,37.36,0.704,198.847,8.9535,0,0,Good,2024-03-19 06:32:29,Invalid or missing units consumed
RD00025120,MTR000478,CUST000478,2022-01-28 11:21:04,Automatic,,227744.32,231.0,14.34,0.983,21.858,1.2299,0,0,Good,2022-01-28 11:27:04,Invalid or missing units consumed
RD00029547,MTR001843,CUST001843,2023-09-29 03:09:41,Automatic,,71865.16,226.2,18.44,0.842,4.804,0.3442,0,0,Good,2023-09-29 03:10:41,Invalid or missing units consumed
RD00038626,MTR001729,CUST001729,2022-02-15 08:51:26,Automatic,,394249.71,223.8,11.79,0.982,18.613,,1,,Good,2022-02-15 08:57:26,Invalid or missing units consumed
RD00041877,MTR004140,CUST004140,2023-09-23 04:43:21,Automatic,,313341.39,218.8,38.97,0.724,2.265,0.1432,0,,Good,,Invalid or missing units consumed
RD00024305,MTR001310,CUST001310,2023-09-07 19:09:36,Automatic,,253496.86,,16.78,0.777,12.013,1.0223,0,0,Good,2023-09-07 19:21:36,Invalid or missing units consumed
RD00049845,MTR003480,CUST003480,,Automatic,,0.0,-,43.82,0.922,,0.3742,0,0,Suspect,2023-05-30 00:50:32,Invalid or missing units consumed
RD00003301,MTR004708,CUST004708,2022-05-19 08:57:52,Automatic,,51186.52,242.6,34.32,0.849,2.159,0.0657,,0,Good,,Invalid or missing units consumed
RD00006740,MTR003901,CUST003901,2024-02-02 07:29:22,Automatic,,204475.15,228.4,28.61,0.709,8.684,0.183,0,1,Good,2024-02-02 07:45:22,Invalid or missing units consumed
RD00047196,MTR002793,CUST002793,,Manual,,257028.33,230.5,39.22,0.984,,0.0666,0,0,GOOD,2022-10-12 16:26:04,Invalid or missing units consumed
RD00034614,MTR003974,CUST003974,2024-08-21 01:56:52,Manual,,132903.69,214.3,6.68,0.751,,0.097,0,0,,2024-08-21 02:09:52,Invalid or missing units consumed
RD00045606,MTR000347,CUST000347,,Automatic,,354437.33,225.6,34.47,0.812,5.675,0.324,0,0,Good,2023-10-16 02:53:31,Invalid or missing units consumed
RD00001331,MTR001913,CUST001913,2023-08-16 00:33:58,MANUAL,,444723.42,222.8,44.21,0.754,1.808,0.0392,0,0,Good,2023-08-16 00:35:58,Invalid or missing units consumed
RD00012452,MTR000131,CUST000131,2023-05-14 02:42:55,Automatic,,359465.73,230.7,14.75,0.855,70.78,3.848,0,0,Suspect,2023-05-14 03:05:55,Invalid or missing units consumed
RD00046014,MTR004889,CUST004889,2024-08-06 00:31:21,Automatic,,387337.79,237.9,17.24,0.707,1.127,0.0287,0,0,Good,2024-08-06 00:43:21,Invalid or missing units consumed
RD00045554,MTR004405,CUST004405,,Automatic,,354310.54,221.6,,0.882,9.34,0.8198,0,0,Invalid,2024-11-11 21:53:22,Invalid or missing units consumed
RD00049425,MTR003435,CUST003435,2023-04-28 16:47:48,Manual,,250271.49,248.1,49.92,0.965,8.951,0.6854,0,0,Good,2023-04-28 17:16:48,Invalid or missing units consumed
RD00034998,MTR001088,CUST001088,2022-01-15 17:40:43,Automatic,,,250.0,29.4,0.75,12.402,0.4644,0,0,GOOD,,Invalid or missing units consumed
RD00013410,MTR001929,CUST001929,2023-11-17 08:40:13,Automatic,,417905.99,217.4,42.39,0.735,11.454,0.7074,0,0,Good,2023-11-17 08:42:13,Invalid or missing units consumed
RD00019978,MTR001860,CUST001860,2024-01-01 23:04:23,Automatic,,77877.69,217.1,5.88,0.968,7.496,0.4609,0,-,Good,2024-01-01 23:23:23,Invalid or missing units consumed
RD00023519,MTR001235,CUST001235,2024-02-23 21:54:53,Automatic,,57123.69,218.0,35.13,0.878,7.09,0.4072,0,0,Good,,Invalid or missing units consumed
RD00021260,MTR002655,CUST002655,2024-03-01 18:46:12,Automatic,,139772.37,232.6,24.47,0.855,4.789,,0,0,Good,,Invalid or missing units consumed
RD00007748,MTR004686,CUST004686,,Automatic,,15496.45,212.2,5.62,0.843,9.782,0.2647,0,0,Estimated,2023-05-18 23:02:05,Invalid or missing units consumed
RD00041221,MTR002069,CUST002069,2022-11-03 19:42:19,Automatic,,370285.8,236.2,0.0,0.99,3.563,0.339,0,0,Estimated,2022-11-03 19:49:19,Invalid or missing units consumed
RD00015245,MTR003027,CUST003027,2023-09-05 21:35:13,Automatic,,380538.78,230.3,7.59,0.925,16.044,0.6109,0,1,Suspect,2023-09-05 22:02:13,Invalid or missing units consumed
RD00039521,MTR003351,CUST003351,2023-02-18 20:40:36,Automatic,,223845.03,257.0,47.24,,4.764,0.1446,0,0,Invalid,2023-02-18 20:42:36,Invalid or missing units consumed
RD00003277,MTR004166,-,2022-09-02 21:47:16,Automatic,,26309.43,241.8,36.1,0.906,69.817,3.9681,0,0,Good,2022-09-02 21:57:16,Invalid or missing units consumed
RD00043366,MTR002459,CUST002459,2023-07-18 03:52:07,Automatic,,62219.78,221.1,46.72,0.854,60.494,4.806,0,0,Estimated,2023-07-18 04:11:07,Invalid or missing units consumed
RD00025724,MTR003699,CUST003699,2024-06-01 22:36:12,Manual,,373051.88,,46.11,0.734,19.448,0.5079,0,0,Good,2024-06-01 23:00:12,Invalid or missing units consumed
RD00019639,MTR099791,CUST002178,2024-12-15 18:53:12,Manual,,425559.5,219.2,31.38,0.818,0.689,0.0575,0,0,Good,2024-12-15 18:57:12,Invalid or missing units consumed
RD00031459,MTR003478,CUST003478,2023-10-10 05:04:25,Automatic,,371909.75,216.9,41.25,0.927,,0.1891,0,0,Good,2023-10-10 05:07:25,Invalid or missing units consumed
RD00035875,MTR004455,CUST004455,2023-11-08 20:23:07,Manual,,364169.0,219.3,20.76,0.751,9.851,0.6755,0,0,Good,2023-11-08 20:41:07,Invalid or missing units consumed
RD00009246,MTR002451,CUST002451,2024-05-11 10:31:45,Manual,,477742.35,234.9,26.07,0.799,1.598,0.0593,0,0,Good,2024-05-11 10:54:45,Invalid or missing units consumed
RD00046104,MTR004019,CUST004019,2023-08-30 00:15:47,-,,343146.41,,44.4,0.817,,5.0604,0,0,Good,2023-08-30 00:16:47,Invalid or missing units consumed
RD00044261,MTR002388,CUST002388,2023-09-12 21:19:08,Automatic,,147445.53,224.0,28.21,0.786,,0.3233,0,0,Estimated,2023-09-12 21:35:08,Invalid or missing units consumed
RD00010471,MTR003765,CUST003765,2022-12-07 17:45:34,Automatic,,230250.65,226.3,3.09,0.899,9.726,0.7447,0,0,Good,2022-12-07 17:55:34,Invalid or missing units consumed
RD00039977,MTR004319,CUST004319,2024-11-27 07:22:40,Automatic,,125384.34,212.4,32.73,0.868,33.887,1.913,0,0,Good,2024-11-27 07:43:40,Invalid or missing units consumed
RD00018058,MTR002029,CUST002029,2022-04-14 20:16:21,Automatic,,296968.37,233.4,20.98,0.857,93.842,,1,1,Good,2022-04-14 20:35:21,Invalid or missing units consumed
RD00017538,MTR003399,CUST003399,2024-12-09 07:41:29,Automatic,,178148.13,240.3,20.16,0.995,1.261,0.0594,0,0,Good,2024-12-09 07:50:29,Invalid or missing units consumed
RD00002122,MTR000757,CUST000757,2024-08-25 08:19:03,Manual,,257295.31,241.6,16.37,0.711,7.741,0.2414,0,0,Good,2024-08-25 08:25:03,Invalid or missing units consumed
RD00045424,MTR003005,CUST003005,2024-11-28 02:38:20,Estimated,,56561.1,240.4,32.52,0.73,2.673,0.256,0,0,Good,2024-11-28 02:41:20,Invalid or missing units consumed
RD00045747,MTR004033,CUST004033,2023-08-20 08:06:56,Automatic,,453020.79,230.0,10.91,0.855,14.238,0.4275,0,0,Good,2023-08-20 08:27:56,Invalid or missing units consumed
RD00035698,MTR000985,CUST000985,2024-10-17 15:11:20,Automatic,,219604.56,234.5,4.08,0.752,6.021,0.317,0,0,Suspect,2024-10-17 15:14:20,Invalid or missing units consumed
RD00039334,MTR004298,CUST004298,2023-01-18 07:20:06,Revised,,357310.89,226.0,49.69,0.785,14.14,0.7136,0,0,Good,2023-01-18 07:38:06,Invalid or missing units consumed
RD00031084,MTR001280,CUST001280,2022-11-20 05:37:04,Estimated,,171724.45,228.3,19.34,,0.421,0.0369,0,0,Good,2022-11-20 05:43:04,Invalid or missing units consumed
RD00011722,,CUST002055,2024-01-08 01:12:16,ESTIMATED,,127172.58,229.3,7.06,0.79,1.052,0.0258,0,0,Good,2024-01-08 01:38:16,Invalid or missing units consumed
RD00037738,MTR003033,CUST003033,2024-10-19 11:35:18,,,269417.93,212.4,5.18,0.707,4.881,0.2233,0,0,Good,2024-10-19 11:43:18,Invalid or missing units consumed
RD00049587,MTR003055,CUST003055,2022-07-02 02:57:33,Manual,,377867.67,245.9,39.61,0.773,,0.2115,1,0,Good,2022-07-02 02:59:33,Invalid or missing units consumed
RD00047438,MTR000370,CUST000370,,Automatic,,319834.64,232.2,7.74,0.727,8.238,0.0,0,0,Good,2024-04-27 18:49:34,Invalid or missing units consumed
RD00014970,MTR099534,CUST003816,2022-11-29 10:53:38,Manual,,453974.68,226.2,47.03,0.889,6.4,0.6132,0,0,Good,2022-11-29 11:00:38,Invalid or missing units consumed
RD00043284,MTR004181,CUST004181,2024-04-15 14:46:17,Automatic,,419262.42,201.6,,0.701,1.68,0.0804,0,0,Good,2024-04-15 15:07:17,Invalid or missing units consumed
RD00026263,MTR003292,CUST003292,2024-02-17 08:50:14,Automatic,,371003.49,208.2,44.19,0.796,3.755,0.1085,0,0,Good,2024-02-17 09:06:14,Invalid or missing units consumed
RD00031114,MTR004568,CUST004568,2022-04-21 15:04:52,Manual,,248901.91,233.4,,,9.11,0.232,0,0,Good,2022-04-21 15:20:52,Invalid or missing units consumed
RD00018893,MTR000129,CUST000129,2023-04-24 13:29:10,Automatic,,266403.5,216.8,29.8,0.935,2.374,0.254,0,1,Estimated,2023-04-24 13:57:57,Invalid or missing units consumed
RD00013038,MTR001963,CUST001963,2024-04-06 17:22:59,,,245022.54,225.5,27.45,0.825,0.852,0.0524,0,0,Good,2024-04-06 17:48:59,Invalid or missing units consumed
RD00009584,MTR001513,CUST001513,2022-03-29 09:46:29,Automatic,,464863.51,231.8,41.43,0.795,62.975,4.5069,0,0,Good,2022-03-29 10:16:29,Invalid or missing units consumed
RD00045967,MTR001951,CUST001951,2022-07-18 21:49:22,Automatic,,241706.07,228.0,32.74,0.914,12.082,0.564,0,0,Good,2022-07-18 21:56:22,Invalid or missing units consumed
RD00048486,MTR002265,CUST002265,2023-09-11 17:54:03,Revised,,218548.94,240.3,16.61,0.883,101.817,6.7071,0,0,Good,2023-09-11 18:09:03,Invalid or missing units consumed
RD00006702,MTR000198,CUST000198,2023-12-11 11:40:49,Automatic,,320278.87,234.3,5.26,0.877,12.363,1.0263,0,0,Good,2023-12-11 11:52:49,Invalid or missing units consumed
RD00017902,MTR004892,CUST004892,2024-10-05 20:50:55,Estimated,,499982.46,221.7,20.84,0.872,1.77,0.1518,0,,Good,2024-10-05 20:56:55,Invalid or missing units consumed
RD00013941,MTR004526,CUST004526,2023-07-14 18:34:02,Estimated,,495405.05,233.9,2.68,0.964,4.049,0.4393,0,0,Good,2023-07-14 18:53:02,Invalid or missing units consumed
RD00017243,MTR000775,CUST000775,2022-11-09 00:01:03,Automatic,,431246.16,232.8,34.01,0.722,1.918,0.1245,0,0,Good,2022-11-09 00:31:03,Invalid or missing units consumed
RD00048073,MTR003997,CUST003997,2024-10-26 19:10:50,Manual,,62711.44,,13.06,0.752,3.563,0.2303,0,0,Good,,Invalid or missing units consumed
RD00021755,MTR099722,CUST004614,2024-10-09 03:24:14,Manual,,337347.12,239.2,21.03,,5.493,0.2901,0,0,Good,2024-10-09 03:42:14,Invalid or missing units consumed
RD00005982,MTR000940,CUST000940,2023-02-07 08:28:04,Automatic,,12862.7,232.5,20.26,0.806,4.394,0.2414,UNKNOWN,0,Good,2023-02-07 08:38:04,Invalid or missing units consumed
RD00037377,MTR003009,CUST003009,2024-08-13 17:25:44,Automatic,,268475.32,240.7,5.8,0.719,3.632,0.4268,0,0,Good,2024-08-13 17:31:15,Invalid or missing units consumed
RD00006263,MTR001090,CUST001090,2024-10-07 19:00:02,Estimated,,349708.71,230.9,15.3,0.879,11.06,0.4259,0,0,Good,2024-10-07 19:28:02,Invalid or missing units consumed
RD00017061,MTR001417,CUST001417,2022-03-27 15:31:58,Revised,,261954.47,222.7,22.96,0.857,60.931,3.6169,0,0,Good,2022-03-27 15:37:58,Invalid or missing units consumed
RD00043192,MTR001245,CUST001245,2022-05-27 01:52:29,Automatic,,,245.7,38.51,0.781,46.697,3.465,0,0,Suspect,2022-05-27 02:21:29,Invalid or missing units consumed
RD00006019,MTR001198,CUST001198,2023-11-14 04:17:56,revised,,19159.29,230.4,47.04,0.848,2.573,,0,0,Good,2023-11-14 04:37:56,Invalid or missing units consumed
RD00048581,MTR003799,CUST003799,,Revised,,467275.5,241.2,11.85,0.972,1.149,0.0535,0,0,Good,2024-10-30 02:11:11,Invalid or missing units consumed
RD00005586,MTR004315,CUST004315,2022-12-18 22:19:25,ESTIMATED,,25811.11,242.8,22.14,0.74,9.446,0.6972,0,0,Good,2022-12-18 22:46:25,Invalid or missing units consumed
RD00025355,MTR001326,CUST001326,2023-09-03 23:24:49,Automatic,,175075.28,,6.38,0.976,32.691,1.9439,0,0,Good,2023-09-03 23:37:49,Invalid or missing units consumed
RD00040171,MTR002503,CUST002503,2024-07-21 02:17:12,Automatic,,235491.35,239.1,39.9,0.761,23.767,0.702,0,0,Good,2024-07-21 02:35:12,Invalid or missing units consumed
RD00022986,MTR004395,CUST004395,2024-02-03 10:32:40,Automatic,,155221.66,223.8,16.17,0.793,1.575,0.1416,0,0,Suspect,2024-02-03 10:51:40,Invalid or missing units consumed
RD00015939,MTR000886,CUST000886,2024-09-12 18:29:04,Revised,,372714.96,231.2,1.97,,100.86,9.5794,0,0,Good,2024-09-12 18:51:04,Invalid or missing units consumed
RD00021218,MTR004163,CUST004163,2024-07-02 22:03:40,Manual,,398977.01,240.1,6.28,0.933,18.866,0.695,0,0,Estimated,2024-07-02 22:33:40,Invalid or missing units consumed
RD00036488,MTR001404,CUST001404,2024-11-03 11:45:55,Automatic,,405009.54,233.3,45.3,0.994,0.0,0.5477,0,0,Good,2024-11-03 11:58:55,Invalid or missing units consumed
RD00039746,MTR000910,CUST000910,2024-09-23 04:30:56,Automatic,,55233.22,238.3,4.74,0.805,4.007,0.0942,0,0,Good,2024-09-23 04:41:56,Invalid or missing units consumed
RD00005231,MTR001350,CUST001350,2023-12-11 13:24:14,Automatic,,473529.62,238.5,27.89,,10.053,0.8616,UNKNOWN,0,Good,,Invalid or missing units consumed
RD00009906,MTR000261,CUST000261,2024-04-08 21:44:02,Automatic,,132042.08,226.9,42.23,0.861,107.963,2.6571,0,0,Good,2024-04-08 22:01:02,Invalid or missing units consumed
RD00006932,MTR004958,CUST004958,2023-07-20 13:38:53,Automatic,,221217.81,224.7,29.54,0.955,4.656,0.1499,0,0,Good,2023-07-20 13:40:53,Invalid or missing units consumed
RD00024765,MTR002097,CUST002097,,Automatic,,355177.4,222.0,21.08,,330.49,24.5126,0,1,Good,2024-03-26 04:32:57,Invalid or missing units consumed
RD00003226,MTR001953,CUST001953,,Automatic,,185528.74,237.9,24.04,0.815,10.571,0.3245,0,0,Good,2024-03-17 20:31:20,Invalid or missing units consumed
RD00039311,MTR002957,CUST002957,,Automatic,,87382.82,223.4,26.04,0.711,22.652,1.3869,0,0,Good,2022-08-29 06:01:09,Invalid or missing units consumed
RD00046702,MTR004374,CUST004374,2022-09-13 13:09:47,Automatic,,114832.95,232.3,39.06,0.714,28.563,2.1669,0,0,Good,2022-09-13 13:18:47,Invalid or missing units consumed
RD00000560,MTR003665,CUST003665,2024-06-16 03:35:53,Automatic,,434817.74,238.2,32.64,0.72,1.983,0.1763,0,0,good,2024-06-16 03:37:53,Invalid or missing units consumed
RD00017754,MTR003316,CUST003316,2024-03-08 12:39:05,,,290226.08,240.8,12.24,0.702,5.786,0.2552,0,0,Good,2024-03-08 12:43:05,Invalid or missing units consumed
RD00015463,,CUST004830,2022-10-03 12:39:30,,,312816.19,233.5,5.38,0.713,2.81,0.0782,0,0,suspect,2022-10-03 12:57:30,Invalid or missing units consumed
RD00007818,MTR099424,CUST002237,2023-05-09 21:30:38,Automatic,,216222.6,230.2,4.49,0.855,7.056,0.5092,0,0,Good,2023-05-09 21:39:38,Invalid or missing units consumed
RD00039426,MTR003729,CUST003729,2023-09-17 19:36:19,Automatic,,270647.18,238.7,26.58,0.956,8.998,0.3574,,0,Good,,Invalid or missing units consumed
RD00013224,MTR000051,CUST000051,2023-01-16 21:13:41,Automatic,,82113.39,-,1.89,0.746,1311.818,29.5207,0,0,Good,2023-01-16 21:43:41,Invalid or missing units consumed
RD00002399,MTR099512,CUST003674,2024-10-28 12:18:00,Estimated,,156387.0,234.0,30.7,0.783,3.941,0.1733,0,0,Good,2024-10-28 12:33:00,Invalid or missing units consumed
RD00031389,MTR003933,CUST003933,2022-03-13 07:45:57,,,,244.8,35.77,0.937,10.529,0.587,0,0,Good,2022-03-13 07:57:57,Invalid or missing units consumed
RD00027077,MTR002330,CUST002330,,Automatic,,450196.92,239.3,7.94,0.0,,0.4713,0,0,Suspect,2023-07-31 01:08:27,Invalid or missing units consumed
RD00041193,MTR003451,CUST003451,2022-01-27 02:16:45,Automatic,,120089.67,-,4.71,0.982,25.766,2.1439,0,0,Good,,Invalid or missing units consumed
RD00008217,MTR002080,CUST002080,2024-03-20 03:53:59,automatic,,287837.26,217.6,48.73,0.864,5.721,0.4423,0,0,Good,2024-03-20 04:03:59,Invalid or missing units consumed
RD00047582,MTR002853,CUST002853,2022-11-24 05:18:32,Automatic,,263139.2,226.8,5.51,0.799,1.985,0.1244,0,0,Good,2022-11-24 05:46:32,Invalid or missing units consumed
RD00008851,MTR002979,CUST002979,2023-08-22 11:50:57,Automatic,,322062.72,210.2,6.39,0.881,36.397,1.6126,0,0,Good,2023-08-22 12:18:57,Invalid or missing units consumed
RD00040962,MTR002115,CUST002115,2023-12-26 19:55:09,Estimated,,53681.89,223.3,42.69,0.711,3.867,0.1996,0,0,Good,2023-12-26 20:04:09,Invalid or missing units consumed
RD00008206,MTR001457,CUST001457,2024-10-10 05:44:27,Automatic,,214532.82,236.4,41.08,0.8,2.811,0.1891,0,0,Good,2024-10-10 06:05:27,Invalid or missing units consumed
RD00002984,MTR001802,CUST001802,2022-08-12 06:50:46,Automatic,,449649.87,238.7,0.0,0.851,4.263,0.3581,0,0,Good,2022-08-12 07:17:46,Invalid or missing units consumed
RD00035760,MTR003448,CUST003448,,Automatic,,283050.28,226.4,32.26,0.809,5.913,0.4401,0,0,Good,2023-02-23 22:43:02,Invalid or missing units consumed
RD00018619,MTR002953,CUST002953,2024-06-18 14:57:19,Automatic,,323540.81,232.7,1.08,0.834,0.923,0.0434,0,1,Estimated,2024-06-18 15:22:19,Invalid or missing units consumed
RD00042384,MTR000365,CUST000365,2023-11-08 12:41:54,Estimated,,131585.89,219.8,34.22,0.733,4.06,0.1143,0,0,Good,2023-11-08 13:03:54,Invalid or missing units consumed
RD00047615,MTR002394,CUST002394,2022-02-21 03:45:16,Automatic,,87289330.0,234.0,31.19,0.985,5.758,0.3443,0,0,Invalid,,Invalid or missing units consumed
RD00037373,MTR004979,CUST004979,2022-09-23 12:17:33,Automatic,,377549.15,242.4,47.7,,11.718,0.8407,0,0,Good,,Invalid or missing units consumed
RD00041459,MTR003314,CUST003314,2023-03-22 23:01:05,Automatic,,43751.83,229.2,21.7,0.731,4.022,0.2604,0,0,Estimated,2023-03-22 23:03:05,Invalid or missing units consumed
RD00014856,MTR001481,CUST001481,2024-11-14 05:36:20,Estimated,,236207.65,244.4,20.84,0.809,1.48,0.1494,0,0,invalid,2024-11-14 06:03:20,Invalid or missing units consumed
RD00010437,MTR001312,CUST001312,2023-02-16 05:50:20,Automatic,,232689.66,211.4,11.2,0.844,1.356,,0,0,Good,2023-02-16 06:13:20,Invalid or missing units consumed
RD00023218,MTR003211,CUST003211,2024-06-11 01:12:44,Automatic,,480982.91,239.5,30.15,0.941,4.872,0.2671,0,0,Good,2024-06-11 01:25:44,Invalid or missing units consumed
RD00042588,MTR002625,CUST002625,2024-06-25 07:28:03,Revised,,180830.36,245.9,16.99,0.92,17.097,0.3912,0,1,Good,2024-06-25 07:43:03,Invalid or missing units consumed
RD00032209,MTR002426,CUST002426,2024-06-10 00:26:23,Manual,,179087.04,,,0.737,4.318,0.2312,0,0,Good,2024-06-10 00:28:23,Invalid or missing units consumed
RD00018197,MTR004471,CUST004471,2024-04-02 21:42:57,Automatic,,431722.41,229.8,13.65,0.985,0.0,2.6524,-,0,Good,2024-04-02 21:45:57,Invalid or missing units consumed
RD00025758,MTR000974,CUST000974,2024-06-24 09:46:18,Automatic,,416808.29,224.6,15.12,0.827,0.0,,0,0,Good,2024-06-24 09:58:18,Invalid or missing units consumed
RD00039509,MTR002293,CUST002293,,Automatic,,341465.4,227.1,11.59,0.965,8.912,0.3334,0,0,Good,2022-03-12 06:06:17,Invalid or missing units consumed
RD00019080,MTR002751,CUST002751,2022-08-02 13:32:39,,,420731.31,228.2,23.28,0.905,10.485,0.7763,0,0,Good,2022-08-02 13:51:39,Invalid or missing units consumed
RD00024744,MTR001124,CUST001124,2024-09-29 22:17:35,Revised,,484015.96,232.9,,0.897,7.782,0.6937,0,0,Good,2024-09-29 22:24:35,Invalid or missing units consumed
RD00030447,MTR001710,CUST001710,2024-10-03 01:20:44,Revised,,481198.53,214.8,14.76,0.881,,,,,Good,2024-10-03 01:36:44,Invalid or missing units consumed
RD00032590,MTR000381,CUST000381,2022-12-10 05:08:50,Automatic,,287998.45,241.8,16.18,0.892,698.578,37.1985,0,0,Good,2022-12-10 05:11:50,Invalid or missing units consumed
RD00000221,MTR003917,CUST003917,2023-11-03 12:51:05,Manual,,378690.58,226.6,0.5,0.725,62.449,,0,0,INVALID,2023-11-03 13:07:05,Invalid or missing units consumed
RD00045241,MTR099571,CUST003913,2024-06-16 23:55:42,Manual,,430138.2,,46.33,0.717,0.317,0.0191,0,0,Good,,Invalid or missing units consumed
RD00023447,MTR003591,CUST003591,2023-06-30 07:52:45,Revised,,313626.65,236.9,18.04,0.972,17.682,0.33,0,1,Good,2023-06-30 08:15:45,Invalid or missing units consumed
RD00025431,MTR001925,CUST001925,2023-07-16 04:58:27,Automatic,,379269.49,243.3,22.94,0.705,2.439,0.1743,0,0,Suspect,2023-07-16 05:14:27,Invalid or missing units consumed
RD00006360,MTR003958,CUST003958,2022-03-01 15:43:58,Automatic,,293909.22,237.7,43.35,0.885,179.628,17.052,0,0,Good,2022-03-01 16:08:58,Invalid or missing units consumed
RD00028218,MTR002645,CUST002645,2024-06-14 03:43:30,Estimated,,469808.68,232.4,40.61,0.832,9.847,0.4105,0,0,Good,2024-06-14 04:05:30,Invalid or missing units consumed
RD00022295,MTR004174,CUST004174,2024-12-15 12:51:20,Automatic,,349865.97,245.7,30.43,0.95,0.589,0.0493,0,0,Estimated,2024-12-15 13:02:20,Invalid or missing units consumed
RD00009396,MTR001292,CUST001292,2023-09-26 09:22:39,Automatic,,186119.1,216.3,15.58,0.767,14.825,0.756,0,0,Suspect,2023-09-26 09:52:39,Invalid or missing units consumed
RD00049308,MTR000869,CUST000869,2023-05-16 15:30:18,Automatic,,469934.34,215.4,23.93,0.938,1.211,0.0305,0,0,Good,2023-05-16 15:46:18,Invalid or missing units consumed
RD00035001,MTR000137,CUST000137,2023-05-31 14:29:19,Automatic,,62976.88,223.9,39.22,0.793,9.929,0.5319,0,0,Good,2023-05-31 14:46:19,Invalid or missing units consumed
RD00019188,MTR000674,CUST000674,2024-11-05 07:50:30,Manual,,229131.09,227.0,14.74,0.947,5.645,0.267,0,0,Good,2024-11-05 07:58:30,Invalid or missing units consumed
RD00038546,MTR002884,CUST002884,2022-11-02 19:01:27,Automatic,,161312.06,242.3,16.51,0.861,974.264,44.3056,0,0,Good,2022-11-02 19:15:27,Invalid or missing units consumed
RD00000037,MTR000691,CUST000691,2024-02-18 08:55:50,AUTOMATIC,,470712.71,252.0,28.66,0.978,4.45,0.118,0,0,Suspect,2024-02-18 09:19:50,Invalid or missing units consumed
RD00022888,MTR000641,CUST000641,2023-03-10 13:04:30,Automatic,,12928.51,223.0,9.96,0.814,55.418,,0,0,Good,2023-03-10 13:11:30,Invalid or missing units consumed
RD00009247,MTR003472,CUST003472,2024-08-13 00:51:01,AUTOMATIC,,51198.45,240.2,30.98,0.967,4.205,,0,0,Estimated,2024-08-13 00:55:01,Invalid or missing units consumed
RD00046395,MTR002067,CUST002067,2022-12-08 11:15:48,Automatic,,274837.95,215.3,6.92,0.897,1.792,0.132,0,0,,2022-12-08 11:39:48,Invalid or missing units consumed
RD00033287,,CUST002156,2022-04-07 17:14:14,Automatic,,343952.38,228.6,23.73,0.993,3.819,0.3247,0,0,Good,2022-04-07 17:33:14,Invalid or missing units consumed
RD00019831,MTR004743,CUST004743,2023-10-16 20:40:39,Automatic,,336072.58,227.9,6.65,0.894,5.5,0.1204,0,0,Good,2023-10-16 21:00:39,Invalid or missing units consumed
RD00001735,MTR000485,CUST000485,2023-11-05 08:47:42,revised,,475441.35,232.6,4.16,0.882,67.9,4.0876,0,0,-,2023-11-05 08:55:42,Invalid or missing units consumed
RD00027742,MTR000626,CUST000626,2023-03-15 16:58:46,Automatic,,430801.53,220.0,13.97,0.947,18.593,,0,0,Good,2023-03-15 17:26:46,Invalid or missing units consumed
RD00006916,MTR001979,CUST001979,2024-11-13 16:54:01,Estimated,,203438.9,231.8,31.79,0.787,0.829,0.0258,0,0,Estimated,2024-11-13 17:10:01,Invalid or missing units consumed
RD00031536,MTR002482,CUST002482,2022-07-20 18:18:54,Automatic,,51904.49,214.3,42.01,0.985,4.354,,0,0,Good,2022-07-20 18:44:54,Invalid or missing units consumed
RD00048521,MTR000303,CUST000303,2023-04-14 18:19:46,Estimated,,78991.95,233.3,24.37,0.7,58.847,4.6754,0,0,Good,2023-04-14 18:39:46,Invalid or missing units consumed
RD00012034,MTR002826,CUST002826,2022-04-11 21:34:21,Automatic,,169730.97,232.3,40.81,0.75,279.879,25.9818,0,0,Estimated,,Invalid or missing units consumed
RD00044258,MTR001480,CUST001480,2022-04-30 07:48:35,Estimated,,75333.66,228.7,26.05,0.847,4.468,0.3407,0,0,Good,2022-04-30 07:56:35,Invalid or missing units consumed
RD00025281,MTR003742,CUST003742,2022-12-06 19:58:11,Automatic,,138883.78,218.2,1.09,0.956,0.0,4.4712,-,0,Estimated,2022-12-06 20:08:11,Invalid or missing units consumed
RD00003152,MTR002484,CUST002484,2024-01-14 12:30:05,Automatic,,155420.63,238.7,43.25,0.957,1.945,0.1806,1,0,Good,2024-01-14 12:51:05,Invalid or missing units consumed
RD00022237,MTR099244,CUST000045,2022-10-24 11:27:52,Automatic,,433509170.0,217.2,14.1,0.858,4.955,0.4092,0,0,GOOD,2022-10-24 11:47:52,Invalid or missing units consumed
RD00030131,MTR002273,CUST002273,2022-09-06 13:01:53,Manual,,446623.65,253.5,16.41,0.717,2.42,0.1023,0,0,Good,,Invalid or missing units consumed
RD00010483,MTR000473,CUST000473,2022-01-04 06:23:06,Manual,,302842.08,240.9,49.3,0.923,19.101,1.3084,0,0,Good,2022-01-04 06:47:06,Invalid or missing units consumed
RD00014354,MTR002140,CUST002140,2024-03-03 03:33:18,Automatic,,16314.65,222.7,4.99,0.873,3.926,0.3505,0,,Good,2024-03-03 03:52:18,Invalid or missing units consumed
RD00038891,MTR002060,CUST002060,2024-10-13 01:42:12,automatic,,109043.9,,32.84,0.971,22.135,0.4448,0,0,Good,2024-10-13 01:50:12,Invalid or missing units consumed
RD00017306,MTR001567,CUST001567,,Automatic,,339115.02,245.3,8.79,0.858,,2.41,0,0,Estimated,,Invalid or missing units consumed
RD00047584,MTR001130,CUST001130,2022-02-10 13:13:30,Manual,,452283.46,232.3,38.53,0.771,,0.7442,0,0,Good,2022-02-10 13:30:30,Invalid or missing units consumed
RD00023569,MTR004647,CUST004647,2023-10-28 08:38:56,Revised,,429499.74,213.4,48.89,0.798,11.351,0.9052,0,0,Good,2023-10-28 08:51:56,Invalid or missing units consumed
RD00029396,MTR001888,CUST001888,2024-07-09 08:19:44,Estimated,,476.02403,237.8,,0.814,4.378,0.2152,0,,Good,2024-07-09 08:30:44,Invalid or missing units consumed
RD00008553,MTR002389,CUST002389,2024-01-08 04:50:56,Automatic,,179311.95,221.3,38.57,0.961,1200.494,66.5311,-,0,Good,2024-01-08 04:52:56,Invalid or missing units consumed
RD00032842,MTR001888,CUST001888,2024-02-02 21:50:57,Manual,,325994.76,212.9,19.02,0.781,12.436,0.519,0,0,Good,2024-02-02 21:54:57,Invalid or missing units consumed
RD00028187,MTR000184,CUST000184,2024-09-02 22:09:36,Estimated,,489384.15,238.1,15.24,0.902,12.218,0.825,0,0,Good,2024-09-02 22:16:36,Invalid or missing units consumed
RD00034876,MTR000269,CUST000269,2024-12-01 15:54:07,Automatic,,113759.67,248.8,40.0,0.809,6.823,0.3826,0,0,Good,2024-12-01 16:00:07,Invalid or missing units consumed
RD00049066,MTR002802,CUST002802,2022-12-31 05:24:20,Automatic,,54943.38,220.7,10.68,0.806,7.32,0.3238,0,0,,2022-12-31 05:42:20,Invalid or missing units consumed
RD00026345,MTR002131,CUST002131,2022-09-03 22:54:13,Automatic,,,234.7,21.62,0.901,5.298,0.3555,0,0,Good,2022-09-03 23:22:13,Invalid or missing units consumed
RD00032645,MTR004331,CUST004331,,Estimated,,406233.04,223.0,12.5,0.743,,,0,0,Good,2024-05-17 01:35:47,Invalid or missing units consumed
RD00009611,MTR000775,,2023-02-14 17:11:48,Revised,,341084.66,236.3,41.01,0.788,7.569,0.2681,0,0,Good,,Invalid or missing units consumed
RD00025510,MTR000890,CUST000890,2022-12-23 05:39:41,Automatic,,0.0,201.1,25.53,0.778,4.746,0.3506,0,0,Invalid,2022-12-23 06:07:41,Invalid or missing units consumed
RD00032096,MTR002474,CUST002474,2022-11-11 18:31:07,Revised,,123233.63,226.3,1.65,0.88,34.135,,0,0,Good,,Invalid or missing units consumed
RD00041836,MTR000315,CUST000315,2023-01-15 11:46:25,Automatic,,474216.46,217.5,2.77,0.938,5.21,0.3332,0,0,Good,,Invalid or missing units consumed
RD00029635,MTR001371,CUST001371,,Automatic,,363992.49,208.3,37.48,0.84,,0.2496,0,0,Estimated,2023-12-24 17:18:41,Invalid or missing units consumed
RD00016034,MTR002963,CUST002963,,Estimated,,119939.23,218.4,47.58,0.725,0.584,0.0468,0,0,Good,,Invalid or missing units consumed
RD00039165,UNKNOWN,CUST000781,2022-01-18 19:38:28,Estimated,,192830.98,242.8,15.5,0.852,12.417,0.7871,0,0,Good,2022-01-18 19:39:28,Invalid or missing units consumed
RD00009786,MTR001323,CUST001323,2024-06-14 17:58:41,Automatic,,22932.28,220.6,1.37,0.822,9.526,0.2242,0,0,Good,2024-06-14 18:24:41,Invalid or missing units consumed
RD00026758,MTR000993,CUST000993,2024-07-21 10:40:38,Automatic,,20853.0,240.0,30.24,0.855,32.276,2.3464,0,0,Estimated,2024-07-21 10:56:38,Invalid or missing units consumed
RD00000932,MTR001439,CUST001439,2024-09-08 02:53:41,Automatic,,224972.27,234.6,34.13,,2.568,0.0876,0,0,Good,2024-09-08 03:04:41,Invalid or missing units consumed
RD00019734,MTR003268,CUST003268,2024-01-06 22:54:45,Manual,,427472.89,237.3,0.0,0.828,106.641,4.3785,0,0,Suspect,2024-01-06 23:09:45,Invalid or missing units consumed
RD00039626,MTR002337,CUST002337,,Manual,,91713.08,223.4,13.37,0.81,23.649,0.5417,0,0,Good,2024-11-17 16:45:56,Invalid or missing units consumed
RD00022318,MTR099917,CUST004317,2022-05-15 02:43:35,Automatic,,253213.91,224.5,7.35,0.872,,1.3625,0,0,Good,2022-05-15 03:08:35,Invalid or missing units consumed
RD00046780,MTR003376,CUST003376,2023-10-22 01:22:54,Automatic,,269161.67,233.8,17.0,0.815,1.859,0.1189,0,0,Good,2023-10-22 01:24:54,Invalid or missing units consumed
RD00001248,MTR003231,CUST003231,2023-02-18 14:08:37,AUTOMATIC,,336833.7,230.8,39.36,0.718,,0.1674,0,0,-,2023-02-18 14:38:37,Invalid or missing units consumed
RD00021885,MTR004165,,2022-03-09 20:11:22,Automatic,,68500.88,226.7,,0.811,4.636,0.3091,0,0,Good,2022-03-09 20:12:22,Invalid or missing units consumed
RD00041290,MTR003374,CUST003374,2023-06-05 01:17:23,Automatic,,261810.4,222.2,35.4,0.722,1.228,0.0808,0,0,Good,2023-06-05 01:37:23,Invalid or missing units consumed
RD00036505,MTR001412,CUST001412,2023-10-01 22:12:14,Automatic,,227313.26,0,30.43,0.888,55.936,1.3655,1,0,Good,2023-10-01 22:24:14,Invalid or missing units consumed
RD00039113,MTR000818,CUST000818,2023-06-01 17:15:44,Automatic,,,228.4,27.26,,19.533,0.9359,0,1,Good,2023-06-01 17:38:44,Invalid or missing units consumed
RD00022814,MTR000688,CUST000688,2023-03-20 00:48:19,UNKNOWN,,109406.46,228.1,22.7,0.889,,0.0582,1,0,Good,2023-03-20 01:06:19,Invalid or missing units consumed
RD00045602,MTR003654,CUST003654,,Manual,,124853.77,218.9,2.37,0.85,24.541,1.2601,0,0,Good,2024-12-13 23:01:22,Invalid or missing units consumed
RD00009351,MTR001396,CUST001396,2023-01-02 02:45:30,Manual,,327819.89,228.7,18.73,0.96,686.245,38.8571,0,0,Good,2023-01-02 02:57:30,Invalid or missing units consumed
RD00009152,MTR000413,CUST000413,2022-09-01 15:17:41,Automatic,,272090.27,225.0,0.88,0.766,14.438,0.8924,0,0,Good,2022-09-01 15:39:41,Invalid or missing units consumed
RD00047213,MTR004859,CUST004859,2022-02-23 06:07:21,,,,248.0,29.09,0.801,2.804,0.1955,0,0,0,2022-02-23 06:13:21,Invalid or missing units consumed
RD00022925,MTR003173,CUST003173,2024-06-03 01:58:34,Manual,,357277.17,225.8,32.39,0.949,2.042,,0,0,Good,2024-06-03 02:27:34,Invalid or missing units consumed
RD00027633,MTR001073,CUST001073,2023-04-21 00:11:49,automatic,,184130.72,227.9,8.16,,2.727,0.2679,0,0,Good,2023-04-21 00:18:49,Invalid or missing units consumed
RD00034265,MTR002275,CUST002275,2022-12-26 00:12:15,Estimated,,425405.13,217.2,28.94,0.768,0.634,0.0246,0,0,Good,,Invalid or missing units consumed
RD00032270,MTR004611,CUST004611,2022-09-22 03:01:38,Automatic,,448381.89,221.3,30.53,0.968,1.011,0.0631,0,0,Good,2022-09-22 03:13:38,Invalid or missing units consumed
RD00037234,MTR001215,CUST001215,2023-01-02 15:18:22,Automatic,,433477.11,-,23.42,0.974,86.139,2.3261,-,0,Good,2023-01-02 15:44:22,Invalid or missing units consumed
RD00012614,MTR004131,CUST004131,2023-05-12 00:31:28,Estimated,,494281.05,230.5,12.59,0.755,0.869,0.0452,0,0,Good,2023-05-12 00:44:28,Invalid or missing units consumed
RD00038721,MTR002551,CUST002551,2022-11-02 14:10:15,Automatic,,415254.17,245.4,20.01,0.988,8.225,0.4123,0,1,Good,2022-11-02 14:22:15,Invalid or missing units consumed
RD00005763,MTR000748,CUST000748,2022-10-20 14:49:40,,,106925.4,215.5,29.86,,4.131,0.3402,0,0,Good,2022-10-20 15:05:40,Invalid or missing units consumed
RD00038265,MTR000005,CUST000005,2023-11-22 11:16:59,Automatic,,,219.8,45.99,0.958,9.579,0.3142,0,0,Invalid,2023-11-22 11:33:59,Invalid or missing units consumed
RD00034106,MTR004966,CUST004966,2022-11-02 07:41:33,Manual,,364297.54,219.2,31.39,0.945,,4.0378,0,0,Good,2022-11-02 08:04:33,Invalid or missing units consumed
RD00029517,MTR000844,CUST000844,,Estimated,,129333.04,234.3,16.82,0.766,16.086,0.641,0,0,Good,2024-12-12 22:02:14,Invalid or missing units consumed
RD00013068,MTR000902,CUST000902,2022-05-26 18:44:31,Manual,,181116.7,-,7.81,0.749,9.227,0.5035,0,0,,,Invalid or missing units consumed
RD00045351,MTR000042,CUST000042,2024-07-08 00:08:21,Estimated,,259860.39,221.8,9.94,0.952,0.24,,,1,Good,2024-07-08 00:16:21,Invalid or missing units consumed
RD00036361,MTR000212,CUST000212,2024-01-19 19:51:58,Automatic,,68.34338000000001,228.7,40.81,0.709,0.0,0.6098,0,0,Good,2024-01-19 20:05:58,Invalid or missing units consumed
RD00039738,MTR003718,CUST003718,2024-07-15 03:26:59,Automatic,,415197.14,225.4,,0.962,,,,0,Good,2024-07-15 03:55:59,Invalid or missing units consumed
RD00049925,MTR001518,CUST001518,2022-07-17 03:46:09,Automatic,,308220.87,239.5,6.14,0.989,11.497,0.8032,0,0,Good,2022-07-17 04:00:09,Invalid or missing units consumed
RD00039669,MTR001154,CUST001154,2023-12-13 01:15:10,Automatic,,454533.12,232.2,8.35,0.972,9.136,0.244,0,1,Good,,Invalid or missing units consumed
RD00002626,MTR000328,CUST000328,2022-07-03 23:40:49,Automatic,,168426.38,221.3,,0.976,2.136,0.1917,0,0,Good,2022-07-03 23:52:49,Invalid or missing units consumed
RD00033972,MTR004098,CUST004098,2023-12-31 09:11:09,Manual,,325211.47,239.5,33.25,0.97,11.454,0.3129,0,0,Estimated,2023-12-31 09:26:09,Invalid or missing units consumed
RD00042166,MTR001066,CUST001066,2022-06-06 21:02:33,Automatic,,25642.02,217.1,49.21,,4.85,0.43,0,0,Good,2022-06-06 21:24:30,Invalid or missing units consumed
RD00015574,MTR004999,CUST004999,2022-03-05 18:39:26,Manual,,253224.53,219.0,48.04,0.757,8.065,0.6603,0,0,Estimated,2022-03-05 19:06:26,Invalid or missing units consumed
RD00036035,MTR003331,CUST003331,2023-01-03 19:18:55,Automatic,,207196.33,210.8,29.68,0.9,104.263,8.3861,0,0,Good,2023-01-03 19:23:55,Invalid or missing units consumed
RD00022841,MTR003006,CUST003006,2023-10-07 10:41:38,Automatic,,438846.34,,34.75,0.752,11.653,0.5457,0,0,Good,,Invalid or missing units consumed
RD00029805,MTR004040,CUST004040,,Revised,,382124.65,238.2,39.95,0.979,,2.1853,0,0,Good,2024-02-23 02:06:24,Invalid or missing units consumed
RD00006653,MTR003901,CUST003901,2022-05-20 20:05:14,Automatic,,161356.66,247.1,12.15,0.983,1.113,0.0317,0,0,Good,,Invalid or missing units consumed
RD00048278,MTR005000,CUST005000,2024-04-27 10:51:10,Automatic,,473119.92,231.0,41.44,0.776,3.571,0.0913,0,0,Estimated,2024-04-27 11:09:10,Invalid or missing units consumed
RD00007107,MTR004624,CUST004624,2022-08-04 06:18:44,Automatic,,347855.48,225.4,19.54,0.734,58.67,0.0,1,0,Good,2022-08-04 06:37:44,Invalid or missing units consumed
RD00045880,MTR003827,CUST003827,2023-03-12 16:29:07,Automatic,,471333.4,229.8,25.03,,2.569,0.2393,0,1,Estimated,2023-03-12 16:41:07,Invalid or missing units consumed
RD00003834,MTR000108,CUST000108,2022-05-28 01:19:56,Revised,,149825.36,,10.25,0.712,3.33,0.0856,0,0,Good,,Invalid or missing units consumed
RD00037664,MTR000909,CUST000909,,Automatic,,26906.89,225.2,7.78,0.793,277.138,13.0061,0,0,Estimated,2023-06-22 11:02:52,Invalid or missing units consumed
RD00046672,MTR003410,CUST003410,2023-06-10 11:03:50,Revised,,77191.32,220.0,5.92,0.867,,0.0523,0,0,Good,2023-06-10 11:14:50,Invalid or missing units consumed
RD00049862,MTR003818,CUST003818,2022-09-16 01:58:54,Automatic,,255266.19,245.2,,0.893,3.069,0.2622,0,0,Good,2022-09-16 02:11:54,Invalid or missing units consumed
RD00019124,MTR003311,CUST003311,2022-03-07 06:10:35,Automatic,,306180.95,238.1,46.44,0.992,98.834,2.2426,1,0,Invalid,2022-03-07 06:17:35,Invalid or missing units consumed
RD00046248,MTR000359,CUST000359,2024-04-09 00:36:13,Automatic,,182492.53,220.0,12.76,0.904,4.025,0.2519,0,0,GOOD,2024-04-09 00:46:13,Invalid or missing units consumed
RD00032923,MTR000796,CUST000796,2022-03-28 04:07:48,Automatic,,13476.39,239.5,2.1,0.734,,0.0981,0,0,Good,2022-03-28 04:23:48,Invalid or missing units consumed
RD00004372,MTR003123,CUST003123,2024-10-20 15:53:41,Automatic,,392110.56,234.0,,0.786,9.705,0.4179,0,UNKNOWN,Estimated,,Invalid or missing units consumed
RD00027918,MTR001505,CUST001505,2024-10-11 10:51:35,Automatic,,62970.31,229.1,31.9,0.783,4.46,0.3278,0,0,Good,2024-10-11 11:19:35,Invalid or missing units consumed
RD00039202,MTR003311,CUST003311,2024-02-09 21:13:53,Automatic,,121168.95,,,0.705,82.528,4.9438,0,0,Estimated,2024-02-09 21:29:53,Invalid or missing units consumed
RD00017682,MTR000922,CUST000922,2023-06-19 23:01:31,Automatic,,39565.65,245.0,48.66,0.712,45.815,2.7297,0,0,Good,2023-06-19 23:25:03,Invalid or missing units consumed
RD00028056,MTR003552,CUST003552,2022-06-25 00:13:06,Estimated,,238055.06,198.7,41.95,0.842,658.529,,0,0,good,2022-06-25 00:22:06,Invalid or missing units consumed
RD00045117,MTR003696,CUST003696,2023-03-19 20:34:41,Estimated,,399632.48,227.1,1.61,0.938,105.482,3.1964,UNKNOWN,0,Good,2023-03-19 20:56:41,Invalid or missing units consumed
RD00038259,MTR001959,CUST001959,,Automatic,,203804.19,227.2,5.11,0.902,379.645,14.3095,0,0,Good,2023-02-06 02:42:48,Invalid or missing units consumed
RD00046189,MTR003817,CUST003817,2024-03-28 06:10:00,Estimated,,40717.6,213.6,17.39,0.959,2.49,0.2231,0,0,Good,2024-03-28 06:29:00,Invalid or missing units consumed
RD00039375,MTR004122,CUST004122,2023-09-22 23:13:12,Estimated,,353517.52,226.5,4.23,0.909,5.068,0.2428,0,0,Good,2023-09-22 23:43:12,Invalid or missing units consumed
RD00029034,MTR003673,CUST003673,2022-09-13 08:49:00,Automatic,,356541.25,242.7,33.28,0.731,12.307,0.6926,0,0,Good,2022-09-13 09:11:00,Invalid or missing units consumed
RD00011672,MTR001897,CUST001897,,Automatic,,105025.03,220.1,47.68,0.87,7.802,,0,0,Good,2023-02-20 18:50:04,Invalid or missing units consumed
RD00009856,MTR002187,CUST002187,,Manual,,205719.41,247.0,6.25,0.736,50.698,4.6218,0,0,Good,2022-11-10 14:03:17,Invalid or missing units consumed
RD00041652,MTR002735,CUST002735,2024-07-11 21:20:00,Automatic,,484807.04,225.5,35.94,0.752,1.884,0.107,0,1,Good,2024-07-11 21:50:00,Invalid or missing units consumed
RD00004380,MTR002496,CUST002496,2024-06-26 22:59:23,Manual,,,,4.31,0.788,703.852,,0,0,Good,,Invalid or missing units consumed
RD00004089,MTR003290,CUST003290,2022-03-18 19:49:33,Revised,,487589.72,UNKNOWN,4.79,0.733,1.651,0.0661,0,0,ESTIMATED,2022-03-18 20:06:33,Invalid or missing units consumed
RD00000705,MTR004405,CUST004405,2022-08-06 11:40:04,Automatic,,207000.24,227.2,14.85,0.732,4.595,0.1267,0,0,Good,2022-08-06 12:06:04,Invalid or missing units consumed
RD00007893,MTR004804,CUST004804,2023-06-21 22:27:08,Automatic,,,232.6,30.97,0.799,,0.2203,0,0,Good,2023-06-21 22:51:08,Invalid or missing units consumed
RD00049243,MTR002281,CUST002281,2023-03-15 15:33:16,Estimated,,311889.97,230.8,36.2,0.788,20.784,1.2801,0,0,Good,2023-03-15 15:50:16,Invalid or missing units consumed
RD00033043,MTR001804,CUST001804,2022-01-26 13:44:51,Automatic,,34857.59,222.5,5.85,0.885,13.382,0.418,0,0,Good,2022-01-26 14:01:51,Invalid or missing units consumed
RD00015120,MTR003048,CUST003048,2024-11-14 20:21:55,Automatic,,342125.55,238.2,40.39,0.934,1.105,0.0622,0,0,Good,2024-11-14 20:49:55,Invalid or missing units consumed
RD00008287,MTR004519,CUST004519,2024-12-09 06:48:30,Estimated,,403576.99,216.4,39.83,0.82,10.512,1.0156,0,0,Estimated,2024-12-09 07:07:30,Invalid or missing units consumed
RD00007361,MTR004513,CUST004513,2024-02-06 12:40:49,,,16031.78,211.5,4.45,0.814,5.797,0.5667,0,0,Good,2024-02-06 12:54:16,Invalid or missing units consumed
RD00013080,MTR000259,CUST000259,2024-10-19 03:56:18,Automatic,,425087.28,229.2,9.67,0.846,,2.9695,0,0,Good,2024-10-19 04:17:18,Invalid or missing units consumed
RD00037142,MTR002594,CUST002594,,-,,13946.47,243.1,5.11,0.977,119.367,8.2685,0,0,0,2024-09-07 15:46:57,Invalid or missing units consumed
RD00048291,MTR000082,CUST000082,2023-07-11 16:42:54,Automatic,,182006.66,217.8,22.73,0.867,6.525,0.5585,0,0,Good,2023-07-11 17:04:54,Invalid or missing units consumed
RD00048831,MTR004217,CUST004217,2022-12-09 15:18:04,Automatic,,41342.73,231.2,9.28,0.843,,2.1863,0,0,Good,,Invalid or missing units consumed
RD00025040,MTR003946,CUST003946,2022-10-09 17:27:00,Manual,,166769.67,235.3,11.45,0.946,10.688,0.5132,0,0,Good,2022-10-09 17:44:00,Invalid or missing units consumed
RD00004191,MTR001385,CUST001385,2022-02-03 05:37:30,Automatic,,388788.89,230.6,4.1,0.913,980.321,53.4552,0,0,Good,2022-02-03 05:47:30,Invalid or missing units consumed
RD00042532,MTR003213,CUST003213,2024-09-02 17:02:51,Automatic,,349265.73,220.8,,0.965,3.248,0.1245,0,0,INVALID,2024-09-02 17:14:51,Invalid or missing units consumed
RD00009297,MTR001636,CUST001636,2024-07-23 16:11:16,Automatic,,401363.92,237.4,36.92,0.822,4.952,0.1008,0,0,Good,2024-07-23 16:37:16,Invalid or missing units consumed
RD00042598,MTR099316,CUST001068,2023-12-27 22:19:35,Manual,,172.34210000000002,228.2,32.47,0.829,1.475,0.0702,0,0,Good,2023-12-27 22:42:35,Invalid or missing units consumed
RD00042219,MTR000178,CUST000178,,,,392405.45,244.3,38.53,0.777,5.8,0.2978,0,1,Good,2022-06-22 14:19:09,Invalid or missing units consumed
RD00027640,MTR003035,CUST003035,2024-10-21 22:36:25,Automatic,,52917.55,233.4,,0.768,127.402,6.9088,0,0,,2024-10-21 22:47:25,Invalid or missing units consumed
RD00032559,MTR000013,CUST000013,2023-02-28 05:44:06,Automatic,,41435.37,245.3,31.34,0.758,1.087,0.0684,0,0,Good,2023-02-28 06:14:06,Invalid or missing units consumed
RD00031430,MTR002457,CUST002457,2023-11-07 18:56:48,Revised,,36354.02,229.8,15.8,0.912,43.984,3.7364,0,0,Estimated,2023-11-07 19:18:48,Invalid or missing units consumed
RD00008866,MTR004111,CUST004111,2024-04-05 19:06:23,AUTOMATIC,,365338.55,218.5,,,3.534,0.0745,0,0,Good,2024-04-05 19:11:23,Invalid or missing units consumed
RD00025039,UNKNOWN,CUST001236,2023-12-08 00:11:10,Automatic,,,244.5,17.33,0.953,7.473,,0,0,Good,2023-12-08 00:20:10,Invalid or missing units consumed
RD00006785,MTR000925,CUST000925,2023-10-06 19:38:48,Automatic,,136540.72,223.9,1.11,0.904,0.876,0.0424,0,0,GOOD,2023-10-06 19:59:21,Invalid or missing units consumed
RD00004029,MTR000542,CUST000542,2023-07-25 02:56:45,automatic,,129082.06,234.6,45.12,0.971,1.022,0.0401,1,0,Good,2023-07-25 03:03:45,Invalid or missing units consumed
RD00010099,MTR003381,CUST003381,,Automatic,,264203.13,225.7,42.88,0.911,7.511,0.671,0,0,Estimated,2024-07-10 15:53:39,Invalid or missing units consumed
RD00033010,MTR002016,CUST002016,,Manual,,469222.5,232.1,30.53,0.0,325.278,29.9015,0,0,Good,2022-12-10 20:57:57,Invalid or missing units consumed
RD00035835,MTR002757,CUST002757,2022-09-22 14:12:56,Automatic,,237688.54,234.8,42.35,0.703,4.164,0.2059,0,0,Estimated,2022-09-22 14:40:56,Invalid or missing units consumed
RD00049287,MTR003613,CUST003613,2022-11-21 08:42:12,Automatic,,401947.8,223.0,15.74,0.869,3.423,0.23,0,0,Good,,Invalid or missing units consumed
RD00017043,MTR004935,CUST004935,2022-11-24 10:28:08,,,405517.81,237.3,36.73,0.887,1.511,0.0565,0,0,Estimated,,Invalid or missing units consumed
RD00010658,MTR001733,CUST001733,2022-06-07 09:02:16,Automatic,,33952.09,UNKNOWN,47.63,0.943,21.893,,0,0,Invalid,2022-06-07 09:10:16,Invalid or missing units consumed
RD00004087,MTR002515,CUST002515,2024-06-01 15:12:56,Automatic,,67069.54,223.6,8.7,0.737,908.829,68.5655,0,0,Good,2024-06-01 15:34:56,Invalid or missing units consumed
RD00034230,MTR004962,CUST004962,2024-04-18 14:33:54,Automatic,,125350.26,227.3,36.18,0.712,,0.0476,0,0,Suspect,,Invalid or missing units consumed
RD00046138,MTR003734,CUST003734,2024-07-04 03:11:44,Automatic,,115104.81,227.6,20.18,0.862,238.77,23.8275,0,0,Good,2024-07-04 03:26:44,Invalid or missing units consumed
RD00001986,MTR004064,CUST004064,,Manual,,80213.86,208.1,9.92,0.823,4.746,0.4927,0,1,Good,2022-07-08 19:09:35,Invalid or missing units consumed
RD00021750,MTR003879,CUST003879,2023-12-14 20:29:50,,,34585.52,220.8,43.54,0.808,11.529,0.2383,0,0,Good,2023-12-14 20:47:24,Invalid or missing units consumed
RD00030423,MTR000719,CUST000719,2024-11-20 19:50:09,Automatic,,145774.37,246.8,44.56,0.892,80.402,9.046,0,0,Good,2024-11-20 20:12:09,Invalid or missing units consumed
RD00042978,MTR001591,,2023-04-14 21:24:15,Automatic,,101911.53,239.1,46.01,0.756,4.912,0.4113,0,0,Good,2023-04-14 21:29:15,Invalid or missing units consumed
RD00025771,MTR004380,CUST004380,2022-05-09 08:58:15,Automatic,,319111.34,252.6,,0.981,39.2,2.5166,0,0,Good,2022-05-09 09:28:15,Invalid or missing units consumed
RD00034090,MTR001965,CUST001965,2022-06-22 20:05:37,Revised,,163410.26,,33.61,0.714,1.213,0.0824,0,0,Good,2022-06-22 20:20:37,Invalid or missing units consumed
RD00003145,MTR004343,-,2022-09-10 09:24:03,Automatic,,117273.82,227.8,0.0,0.989,199.645,10.1632,1,0,Estimated,2022-09-10 09:38:03,Invalid or missing units consumed
RD00017783,MTR001055,CUST001055,2024-05-18 07:37:26,Automatic,,210782.37,226.0,48.45,0.86,35.059,1.8235,0,0,Good,2024-05-18 07:55:26,Invalid or missing units consumed
RD00009716,MTR000145,CUST000145,2023-08-02 05:14:19,Estimated,,261513.08,223.0,42.63,0.995,6.095,,0,0,Good,2023-08-02 05:30:19,Invalid or missing units consumed
RD00015859,MTR001927,CUST001927,2022-06-28 14:37:26,Revised,,238767.98,215.7,18.2,0.877,3.543,0.4057,0,0,Good,2022-06-28 14:41:26,Invalid or missing units consumed
RD00023813,MTR000242,CUST000242,2022-12-10 14:44:42,Estimated,,362857.73,,,0.899,583.478,42.073,0,0,Good,2022-12-10 14:52:42,Invalid or missing units consumed
RD00005640,MTR001662,CUST001662,2023-05-16 04:59:44,Revised,,346269.3,233.3,27.98,0.891,2.151,0.1163,0,0,Good,2023-05-16 05:12:44,Invalid or missing units consumed
RD00007336,MTR000136,CUST000136,2022-05-25 23:40:04,Automatic,,16453.92,238.2,,0.917,3.142,0.123,0,0,Good,2022-05-26 00:01:04,Invalid or missing units consumed
RD00005391,MTR004846,CUST004846,2024-08-28 20:31:07,Automatic,,159826.19,238.4,,,1.246,0.1406,0,0,Invalid,2024-08-28 20:44:07,Invalid or missing units consumed
RD00027249,MTR004136,CUST004136,2022-09-30 13:23:29,AUTOMATIC,,436353.38,242.8,37.92,0.851,10.059,0.2424,0,0,Suspect,2022-09-30 13:49:29,Invalid or missing units consumed
RD00049711,MTR004502,CUST004502,2024-05-31 14:51:50,Automatic,,369341.72,234.7,47.91,0.898,9.305,0.6454,0,0,Invalid,2024-05-31 15:20:50,Invalid or missing units consumed
RD00010685,MTR004150,CUST004150,2024-10-03 21:38:15,Automatic,,457713.54,224.1,45.02,0.713,8.486,0.3266,0,0,Good,2024-10-03 21:46:15,Invalid or missing units consumed
RD00032272,MTR000747,CUST000747,2022-12-20 16:50:46,Automatic,,88331.47,229.0,6.21,0.728,8.596,0.7176,0,0,Estimated,,Invalid or missing units consumed
RD00015189,MTR000954,CUST000954,2023-11-21 09:36:56,Automatic,,273747.01,-,4.96,0.926,2.197,0.0926,0,0,Good,2023-11-21 09:49:34,Invalid or missing units consumed
RD00038345,MTR003772,CUST003772,,,,100413.55,226.8,21.75,0.771,,18.1867,0,0,Good,2023-07-27 17:17:52,Invalid or missing units consumed
RD00012555,MTR003172,CUST003172,2023-06-04 10:41:22,Automatic,,480012.14,244.6,1.76,0.911,11.584,0.2018,0,0,ESTIMATED,2023-06-04 10:54:22,Invalid or missing units consumed
RD00035895,MTR001986,CUST001986,2022-10-23 07:49:47,Estimated,,142154.7,236.6,10.88,0.756,21.85,1.3331,0,0,Good,2022-10-23 08:10:47,Invalid or missing units consumed
RD00008396,MTR003500,CUST003500,,Automatic,,181100.95,251.5,24.11,0.778,7.846,0.7184,0,0,Invalid,2022-06-28 09:59:31,Invalid or missing units consumed
RD00039559,MTR002013,CUST002013,2024-07-03 15:39:09,Revised,,428384.54,230.3,43.58,0.77,11.405,,0,0,Good,2024-07-03 16:06:09,Invalid or missing units consumed
RD00008389,MTR000803,CUST000803,2022-08-21 20:12:09,Automatic,,305407.67,222.3,46.1,0.794,10.451,1.2978,0,1,Good,2022-08-21 20:24:09,Invalid or missing units consumed
RD00034784,MTR001225,CUST001225,2024-01-30 13:00:13,Automatic,,104926.14,230.3,30.08,0.963,3.373,0.1609,0,0,Good,2024-01-30 13:24:13,Invalid or missing units consumed
RD00009675,MTR003877,CUST003877,2024-08-29 16:16:04,Estimated,,162890.58,212.0,,0.835,37.706,0.8348,0,0,Good,2024-08-29 16:35:04,Invalid or missing units consumed
RD00022077,MTR002108,,,Automatic,,379910.8,239.6,45.15,0.847,64.237,2.0448,1,0,Good,2024-11-18 16:46:53,Invalid or missing units consumed
RD00011547,MTR001347,CUST001347,,Manual,,21056.51,241.4,33.76,0.909,3.776,0.1578,0,0,Good,2023-12-16 22:36:31,Invalid or missing units consumed
RD00034255,MTR000254,CUST000254,2024-08-23 23:00:59,Manual,,225697.23,238.5,28.58,0.941,33.137,0.871,0,0,Suspect,,Invalid or missing units consumed
RD00011122,MTR001165,CUST001165,2024-08-21 11:08:30,Automatic,,433085.43,232.0,44.7,0.883,2.111,0.1741,0,0,Suspect,2024-08-21 11:19:30,Invalid or missing units consumed
RD00038921,MTR002877,CUST002877,2023-02-18 06:55:18,Automatic,,450329520.0,217.1,43.82,0.937,756.224,65.1669,0,0,Good,2023-02-18 07:02:18,Invalid or missing units consumed
RD00000414,MTR003334,CUST003334,,Automatic,,164962.9,220.5,34.14,,,0.0709,0,0,Good,2024-09-03 01:28:14,Invalid or missing units consumed
RD00046808,MTR002036,CUST002036,2022-01-20 09:38:46,Revised,,157799.95,231.9,35.64,0.702,16.859,1.0202,0,0,,2022-01-20 09:56:46,Invalid or missing units consumed
RD00006034,MTR001449,CUST001449,2022-08-15 23:53:44,Automatic,,143210.85,209.2,29.79,0.0,36.334,,0,0,Suspect,2022-08-16 00:12:44,Invalid or missing units consumed
RD00024127,MTR000527,CUST000527,,Manual,,83773.11,241.0,26.14,0.775,7.993,0.9813,0,0,Good,2022-03-17 17:32:40,Invalid or missing units consumed
RD00025406,MTR002258,CUST002258,2024-02-13 07:02:40,Automatic,,244127.85,231.6,33.88,,0.0,0.7184,0,0,UNKNOWN,2024-02-13 07:29:40,Invalid or missing units consumed
RD00043067,MTR002116,CUST002116,2023-03-16 06:32:26,Automatic,,267667.74,229.5,0.24,0.974,47.08,1.3528,0,0,Invalid,2023-03-16 06:48:26,Invalid or missing units consumed
RD00020363,MTR004830,CUST004830,2023-11-25 11:11:07,Automatic,,370734.5,228.3,27.13,0.77,,0.1702,0,0,Invalid,,Invalid or missing units consumed
RD00025705,MTR001539,CUST001539,2022-06-10 02:38:20,Automatic,,76525.46,241.0,11.56,0.801,0.874,0.0744,0,0,GOOD,2022-06-10 02:49:20,Invalid or missing units consumed
RD00038051,MTR002222,CUST002222,2022-06-14 03:15:25,Automatic,,314643.0,234.8,23.59,0.812,48.645,3.0131,0,0,Good,,Invalid or missing units consumed
RD00008270,MTR002038,CUST002038,2022-02-25 13:43:49,Automatic,,149593.14,216.9,4.56,0.76,1023.798,62.6914,0,0,Good,2022-02-25 14:07:49,Invalid or missing units consumed
RD00029769,MTR003569,,2022-06-03 17:29:13,Automatic,,335059.64,226.7,15.36,0.915,3.22,0.2009,0,0,Good,2022-06-03 17:57:13,Invalid or missing units consumed
RD00004232,,CUST000496,2022-06-17 19:47:29,Automatic,,294611.24,228.8,13.17,0.865,,1.317,0,0,Good,,Invalid or missing units consumed
RD00017271,MTR000309,CUST000309,2023-07-01 02:20:43,Manual,,139907.19,216.0,12.37,0.996,803.018,59.8373,0,0,Invalid,2023-07-01 02:21:43,Invalid or missing units consumed
RD00043339,MTR002297,CUST002297,2022-04-23 11:17:36,Estimated,,245447.75,234.5,,0.737,,0.061,0,0,Suspect,2022-04-23 11:24:36,Invalid or missing units consumed
RD00031404,MTR002954,CUST002954,2024-06-04 21:31:32,Automatic,,144554.6,209.5,21.75,0.993,10.192,0.3738,0,0,Good,2024-06-04 21:44:32,Invalid or missing units consumed
RD00039002,MTR002186,CUST002186,2022-12-13 03:14:14,Automatic,,419457.55,242.8,10.27,0.964,4.843,0.3033,0,0,Good,2022-12-13 03:41:14,Invalid or missing units consumed
RD00047260,MTR002086,CUST002086,2022-07-20 02:09:51,Estimated,,229181.3,236.0,26.96,0.721,1.014,0.0221,0,0,Invalid,2022-07-20 02:35:51,Invalid or missing units consumed
RD00031578,MTR003238,CUST003238,2023-12-31 10:34:07,Automatic,,28226.6,232.0,40.2,0.894,591.063,55.322,0,0,Good,,Invalid or missing units consumed
RD00038331,MTR000292,CUST000292,2022-02-25 12:16:56,,,154351.76,236.4,14.63,0.819,7.536,0.4149,0,0,Good,2022-02-25 12:35:56,Invalid or missing units consumed
RD00042289,MTR002073,CUST002073,,Automatic,,49103.97,220.5,14.93,,140.2,12.4683,0,0,GOOD,2023-04-14 10:30:12,Invalid or missing units consumed
RD00014430,MTR001268,CUST001268,2022-07-17 00:14:40,Manual,,,217.7,8.77,0.742,,,0,0,Good,2022-07-17 00:36:40,Invalid or missing units consumed
RD00039959,MTR001474,CUST001474,2022-08-24 08:45:47,Revised,,157510.82,230.6,17.94,0.991,1.288,0.0775,0,0,Good,2022-08-24 08:54:47,Invalid or missing units consumed
RD00034942,MTR000764,CUST000764,2023-07-22 09:51:33,Manual,,,UNKNOWN,27.37,0.983,11.706,,0,0,Good,2023-07-22 10:06:33,Invalid or missing units consumed
RD00036330,MTR003670,CUST003670,2024-04-24 14:42:30,AUTOMATIC,,342853.74,235.6,40.77,,74.435,4.4826,1,0,Good,2024-04-24 14:59:30,Invalid or missing units consumed
RD00004236,MTR003899,CUST003899,2023-12-26 13:16:24,Automatic,,414147.58,,7.4,0.91,14.57,0.9362,0,0,Good,2023-12-26 13:40:24,Invalid or missing units consumed
RD00032632,MTR002859,CUST002859,2023-11-15 18:19:04,Automatic,,39546.32,221.3,,0.924,407.506,16.4999,0,0,Good,2023-11-15 18:38:04,Invalid or missing units consumed
RD00017959,MTR004107,CUST004107,2023-10-19 06:49:02,Manual,,280699.23,224.3,21.95,0.873,51.822,3.042,0,0,Good,2023-10-19 06:53:02,Invalid or missing units consumed
RD00012797,MTR003981,CUST003981,,Estimated,,191311.14,250.3,39.06,0.978,49.291,2.564,0,0,Good,2024-04-14 23:57:34,Invalid or missing units consumed
RD00023713,MTR001850,CUST001850,,Automatic,,412059.47,219.1,,0.93,21.928,1.7365,0,0,Good,2022-11-10 04:36:45,Invalid or missing units consumed
RD00027008,MTR003821,CUST003821,,Automatic,,240884.37,232.3,8.09,0.977,6.443,0.2968,0,0,Good,2023-06-08 01:28:33,Invalid or missing units consumed
RD00037502,MTR004253,CUST004253,,Automatic,,399053.32,231.8,40.26,0.789,5.199,0.3889,0,0,Good,2024-05-12 16:44:41,Invalid or missing units consumed
RD00047953,MTR001251,CUST001251,2023-01-05 21:56:19,Automatic,,139446.35,209.6,39.19,0.701,179.8,7.0526,0,0,Good,2023-01-05 22:06:19,Invalid or missing units consumed
RD00016513,MTR001715,CUST001715,2022-07-17 22:28:42,Manual,,280613.13,228.5,14.97,0.957,5.453,0.1473,0,0,Suspect,,Invalid or missing units consumed
RD00000999,MTR002398,CUST002398,2024-05-04 04:39:42,Automatic,,316940.91,240.8,22.64,0.942,4.528,0.5195,0,0,Good,2024-05-04 04:46:10,Invalid or missing units consumed
RD00043840,MTR003487,CUST003487,2024-10-19 18:47:41,Manual,,189881.78,223.8,47.48,0.744,,1.135,0,0,Estimated,2024-10-19 18:56:41,Invalid or missing units consumed
RD00007671,MTR001285,CUST001285,2023-09-17 00:17:55,automatic,,498230.06,219.2,,0.989,0.82,0.071,0,0,Good,2023-09-17 00:42:55,Invalid or missing units consumed
RD00007775,MTR002337,CUST002337,2023-11-12 03:56:51,Automatic,,,251.7,5.11,0.83,11.938,0.9902,0,0,Estimated,2023-11-12 04:16:51,Invalid or missing units consumed
RD00030309,MTR002839,CUST002839,,Automatic,,141805.15,236.6,38.54,0.82,32.14,2.1227,0,0,Good,,Invalid or missing units consumed
RD00009979,MTR002867,CUST002867,2023-08-25 06:31:37,0,,,223.0,42.57,0.979,11.85,,0,0,GOOD,2023-08-25 06:57:37,Invalid or missing units consumed
RD00046319,MTR004244,CUST004244,2024-11-20 03:23:39,Automatic,,65254.45,233.4,21.2,,8.833,0.4285,0,0,Good,2024-11-20 03:31:39,Invalid or missing units consumed
RD00031687,MTR003483,CUST003483,2024-11-22 20:41:47,Manual,,345866.46,228.4,,0.726,5.859,0.159,0,1,Estimated,2024-11-22 20:58:47,Invalid or missing units consumed
RD00021871,MTR001641,CUST001641,2023-11-03 15:08:53,Automatic,,28880.16,237.0,14.54,0.748,0.0,14.1316,0,0,Good,2023-11-03 15:23:53,Invalid or missing units consumed
RD00005589,MTR003088,CUST003088,2022-10-18 15:09:54,Automatic,,115844550.0,0,28.75,0.82,0.73,0.0575,0,0,Good,,Invalid or missing units consumed
RD00024882,MTR004011,CUST004011,2024-02-11 04:07:03,Manual,,441321.37,211.0,19.25,0.777,60.224,,0,0,Suspect,2024-02-11 04:23:03,Invalid or missing units consumed
RD00005735,MTR001727,CUST001727,,Automatic,,65517.82,219.9,42.96,0.877,3.327,,0,0,Good,2023-05-02 00:52:46,Invalid or missing units consumed
RD00005842,MTR004752,CUST004752,2023-03-17 16:55:53,Automatic,,292595.29,242.8,33.61,0.771,6.34,0.6035,0,0,Good,2023-03-17 17:08:53,Invalid or missing units consumed
RD00004557,MTR002873,CUST002873,2023-09-12 17:57:06,Manual,,60901.84,215.8,30.9,0.881,14.935,0.8526,0,0,Good,2023-09-12 18:04:06,Invalid or missing units consumed
RD00047489,MTR004624,CUST004624,2023-06-24 21:14:34,Manual,,300135.33,UNKNOWN,14.14,0.958,46.46,3.5842,0,0,UNKNOWN,2023-06-24 21:34:34,Invalid or missing units consumed
RD00046446,MTR001891,,2024-09-09 13:54:58,Automatic,,124008.2,223.9,11.11,0.846,1.159,0.091,0,0,GOOD,2024-09-09 14:17:58,Invalid or missing units consumed
RD00020641,MTR000238,CUST000238,2024-02-27 13:17:14,Automatic,,247928.3,224.9,11.69,0.925,11.054,,0,0,Good,2024-02-27 13:35:14,Invalid or missing units consumed
RD00034026,MTR002239,CUST002239,2022-05-02 16:03:32,Automatic,,136209.05,244.2,23.36,0.937,2.71,0.1137,0,0,Good,2022-05-02 16:29:32,Invalid or missing units consumed
RD00038424,MTR000850,CUST000850,2024-07-19 18:30:05,Automatic,,380929.49,215.1,31.31,0.939,1.041,0.0543,0,1,Good,,Invalid or missing units consumed
RD00016217,MTR002227,CUST002227,2023-08-27 13:46:58,Automatic,,261365.71,237.6,21.06,0.804,42.105,3.186,0,0,Estimated,,Invalid or missing units consumed
RD00042933,MTR003190,CUST003190,2023-05-22 16:33:47,Automatic,,454230.3,223.6,45.61,0.869,4.251,0.1607,0,0,Good,,Invalid or missing units consumed
RD00000245,MTR002266,CUST002266,2023-12-08 16:58:52,Manual,,469219.26,220.1,15.08,0.768,13.733,0.6505,0,0,Suspect,,Invalid or missing units consumed
RD00012159,MTR004275,CUST004275,2023-08-25 08:40:27,Automatic,,464707.33,,41.06,0.977,2.067,0.1741,0,0,Good,2023-08-25 09:00:27,Invalid or missing units consumed
RD00002156,MTR001492,CUST001492,2024-01-04 15:10:46,Automatic,,,242.2,23.21,0.891,10.786,0.5314,0,0,Good,2024-01-04 15:34:46,Invalid or missing units consumed
RD00045133,MTR000515,CUST000515,2024-04-24 01:27:44,Automatic,,166086.65,220.3,,0.794,24.66,,0,0,-,,Invalid or missing units consumed
RD00021382,MTR000918,CUST000918,2022-07-31 09:40:18,AUTOMATIC,,281297.46,231.4,33.23,0.895,9.544,0.5188,0,1,Good,2022-07-31 10:08:18,Invalid or missing units consumed
RD00027505,MTR003856,CUST003856,,Automatic,,,208.8,39.98,0.822,28.669,1.8176,0,0,Good,2023-06-15 04:59:58,Invalid or missing units consumed
RD00037628,MTR002872,CUST002872,,Automatic,,455641.39,235.0,25.96,0.767,550.439,31.4752,0,1,Good,2024-02-23 19:21:21,Invalid or missing units consumed
RD00046985,MTR004179,CUST004179,2024-04-16 10:24:18,Automatic,,395232.97,243.4,39.45,0.994,63.665,4.4622,0,0,,2024-04-16 10:31:18,Invalid or missing units consumed
RD00034739,MTR004697,CUST004697,2023-12-11 15:57:27,Estimated,,270132.44,221.7,3.78,0.725,8.485,0.6349,0,0,Estimated,2023-12-11 16:18:27,Invalid or missing units consumed
RD00008577,MTR000662,CUST000662,2022-05-08 03:58:45,Manual,,169918.64,227.6,12.49,0.855,3.714,0.1099,0,0,good,2022-05-08 04:21:45,Invalid or missing units consumed
RD00041207,MTR003520,CUST003520,,Automatic,,234798.66,224.1,42.24,0.951,931.036,,0,0,,2023-02-01 06:34:06,Invalid or missing units consumed
RD00013002,MTR001808,CUST001808,2023-01-17 01:19:52,automatic,,374215.22,235.8,45.24,0.766,10.416,0.3546,0,0,Suspect,2023-01-17 01:27:52,Invalid or missing units consumed
RD00045591,MTR004523,CUST004523,,Automatic,,82469.69,234.5,0.48,0.806,8.99,0.6759,0,0,Suspect,2023-08-26 08:20:28,Invalid or missing units consumed
RD00005535,MTR000974,CUST000974,2022-10-07 18:55:01,Automatic,,309438.88,234.8,34.25,0.845,2.25,0.0705,0,0,Good,,Invalid or missing units consumed
RD00013931,MTR004746,CUST004746,,Revised,,303209.42,221.2,3.29,0.879,62.209,4.1177,1,0,Good,,Invalid or missing units consumed
RD00028027,MTR000368,CUST000368,2024-03-15 05:51:35,Automatic,,24690.3,250.0,42.81,,18.143,0.47,,0,Good,2024-03-15 05:54:35,Invalid or missing units consumed
RD00040415,MTR004821,CUST004821,,Automatic,,130420.69,237.3,11.37,,15.443,1.0828,0,1,Good,2023-02-07 12:56:26,Invalid or missing units consumed
RD00027392,MTR004355,0,2024-09-04 21:34:37,Automatic,,148135.24,230.9,7.8,0.719,2.316,0.0499,,0,Good,2024-09-04 21:36:37,Invalid or missing units consumed
RD00010552,MTR002056,CUST002056,2024-11-17 18:46:13,Automatic,,142784.24,239.0,5.73,0.98,7.699,0.928,0,0,Good,2024-11-17 19:04:13,Invalid or missing units consumed
RD00021067,MTR001309,CUST001309,2023-10-24 06:15:24,Automatic,,318779.47,245.3,39.29,0.961,7.016,0.2157,0,0,Good,2023-10-24 06:25:24,Invalid or missing units consumed
RD00031017,MTR002261,CUST002261,2023-02-21 02:30:07,Estimated,,232525.88,238.2,40.66,0.998,3.724,0.2074,0,0,Good,2023-02-21 02:38:07,Invalid or missing units consumed
RD00001658,MTR002160,CUST002160,2022-09-04 19:09:35,Automatic,,245958.73,219.1,41.0,0.852,27.278,0.7008,0,0,Good,2022-09-04 19:27:35,Invalid or missing units consumed
RD00020453,MTR003439,CUST003439,2024-07-13 00:37:01,Automatic,,159496.34,223.1,14.03,0.848,7.544,0.5421,0,0,Good,2024-07-13 00:39:01,Invalid or missing units consumed
RD00049817,MTR002571,CUST002571,2023-03-07 19:22:43,Manual,,328166.73,211.8,,0.808,28.591,1.9469,0,0,Good,2023-03-07 19:46:43,Invalid or missing units consumed
RD00026923,MTR002786,CUST002786,2022-12-30 07:05:05,Automatic,,59380.52,233.5,17.67,,0.0,0.3824,0,0,Good,,Invalid or missing units consumed
RD00036543,MTR000864,CUST000864,2022-02-26 19:55:53,Automatic,,67427.49,221.7,0.0,0.811,9.119,0.5682,0,0,Suspect,2022-02-26 20:16:53,Invalid or missing units consumed
RD00038911,MTR004646,CUST004646,2023-09-24 23:54:09,,,215398.7,225.8,22.69,,1.126,0.1228,0,0,good,2023-09-25 00:13:09,Invalid or missing units consumed
RD00046698,MTR004825,CUST004825,2023-12-10 07:40:31,Automatic,,337236.47,236.1,31.81,0.988,0.8,0.0336,0,0,Good,2023-12-10 08:08:31,Invalid or missing units consumed
RD00000683,MTR000544,CUST000544,2022-05-12 09:09:32,Estimated,,485.65122,236.7,26.67,0.954,12.21,0.7677,0,0,Good,2022-05-12 09:23:32,Invalid or missing units consumed
RD00019626,MTR002910,CUST002910,2024-12-07 09:02:52,AUTOMATIC,,482043.83,216.7,0.26,0.981,6.437,0.1495,0,0,Good,,Invalid or missing units consumed
RD00010213,MTR001012,CUST001012,2022-05-13 07:05:25,Automatic,,363135.67,211.7,2.92,0.873,145.32,4.2704,,1,Suspect,2022-05-13 07:09:25,Invalid or missing units consumed
RD00048872,MTR000137,CUST000137,2023-04-22 04:03:43,Automatic,,463831.35,226.1,8.92,0.71,0.208,0.02,0,0,Invalid,2023-04-22 04:25:43,Invalid or missing units consumed
RD00011357,MTR003154,CUST003154,2024-03-28 00:25:53,Manual,,414620.69,232.1,13.41,0.899,1.759,0.1522,0,0,Good,,Invalid or missing units consumed
RD00006714,MTR003912,CUST003912,2024-03-07 21:43:07,Estimated,,390972.74,231.2,48.96,0.771,24.943,0.8014,0,0,,2024-03-07 22:12:07,Invalid or missing units consumed
RD00047394,MTR001863,CUST001863,2022-10-27 18:39:45,Automatic,,13205.09,241.3,1.97,0.0,,5.2133,0,0,INVALID,2022-10-27 18:40:45,Invalid or missing units consumed
RD00024206,MTR004376,CUST004376,2024-03-01 21:38:51,Automatic,,404585.97,255.3,30.69,0.885,397.692,35.5888,0,0,Estimated,2024-03-01 21:53:51,Invalid or missing units consumed
RD00020008,MTR003826,CUST003826,2022-04-18 09:13:51,Estimated,,335251.98,242.3,12.56,0.903,6.76,0.3585,0,0,Good,2022-04-18 09:39:51,Invalid or missing units consumed
RD00004869,MTR001443,CUST001443,2024-10-25 22:16:17,Automatic,,338215.51,,47.42,0.794,4.695,0.1072,0,0,Good,2024-10-25 22:44:17,Invalid or missing units consumed
RD00022653,MTR002164,CUST002164,2024-07-14 01:06:44,revised,,296939.11,227.0,17.4,0.967,45.111,2.095,0,0,GOOD,2024-07-14 01:13:44,Invalid or missing units consumed
RD00033164,MTR002394,CUST002394,,Automatic,,400764.68,227.8,2.97,0.864,,0.0185,1,0,Estimated,2023-08-05 04:19:57,Invalid or missing units consumed
RD00031658,MTR004970,CUST004970,2023-05-16 04:19:35,Automatic,,80244.79,233.6,1.55,0.788,5.08,0.1137,0,0,Good,2023-05-16 04:23:35,Invalid or missing units consumed
RD00008404,MTR003205,CUST003205,2024-07-13 17:25:40,Manual,,446966.27,242.1,44.59,0.858,9.812,0.4379,1,0,,2024-07-13 17:27:40,Invalid or missing units consumed
RD00003119,MTR004249,CUST004249,2024-01-21 23:14:16,Automatic,,168881.74,231.2,12.32,0.871,,0.3736,UNKNOWN,0,Good,2024-01-21 23:29:16,Invalid or missing units consumed
RD00003480,MTR003507,CUST003507,2024-07-01 09:00:13,Estimated,,354884.89,248.6,35.67,0.869,2.983,0.1853,0,0,Estimated,2024-07-01 09:12:13,Invalid or missing units consumed
RD00007702,MTR002625,CUST002625,2023-09-26 04:31:32,Automatic,,71823.88,240.4,0.0,0.865,5.601,,0,0,Good,2023-09-26 04:41:32,Invalid or missing units consumed
RD00037263,MTR002792,CUST002792,2023-06-08 13:02:51,Estimated,,332267.48,224.8,47.1,0.928,5.995,0.1707,0,0,Good,2023-06-08 13:26:51,Invalid or missing units consumed
RD00034344,MTR000783,CUST000783,2024-04-30 02:21:50,Automatic,,287724.74,234.9,19.23,0.952,44.509,,0,0,Estimated,2024-04-30 02:50:50,Invalid or missing units consumed
RD00044727,MTR002591,CUST002591,2023-01-17 03:13:30,Automatic,,207848.38,222.9,3.88,,0.334,0.0129,0,0,Good,2023-01-17 03:43:30,Invalid or missing units consumed
RD00005690,MTR000675,CUST000675,2023-04-03 00:24:44,estimated,,223832.88,225.2,33.27,0.825,5.206,0.3822,0,0,Good,2023-04-03 00:44:44,Invalid or missing units consumed
RD00032122,MTR002832,CUST002832,2022-09-19 06:47:48,Automatic,,,225.3,30.05,0.941,1.222,0.0825,0,0,Good,2022-09-19 06:54:48,Invalid or missing units consumed
RD00019570,MTR002025,CUST002025,,,,338562.04,231.7,48.03,0.877,,8.5151,0,0,Good,2023-11-04 15:31:26,Invalid or missing units consumed
RD00022898,MTR003471,CUST003471,2024-07-30 02:00:58,Automatic,,223471.48,214.2,37.55,0.72,0.942,0.0287,0,0,Good,2024-07-30 02:30:58,Invalid or missing units consumed
RD00027725,MTR002646,CUST002646,2022-10-05 04:21:30,Estimated,,350548.51,229.2,25.49,0.765,,0.1673,0,1,Estimated,2022-10-05 04:46:30,Invalid or missing units consumed
RD00019734,MTR003268,CUST003268,2024-01-06 22:55:44,Manual,,427472.89,237.3,0.0,0.828,106.641,4.3785,0,0,Suspect,2024-01-06 23:09:55,Invalid or missing units consumed
RD00044695,MTR002594,CUST002594,2022-06-18 20:35:06,AUTOMATIC,,32300.6,248.1,22.06,0.733,96.303,2.7411,0,0,Good,2022-06-18 20:44:06,Invalid or missing units consumed
RD00043757,MTR002935,CUST002935,2022-08-24 08:45:26,Automatic,,248970.99,218.5,32.97,0.739,,76.7662,0,0,Good,2022-08-24 09:07:26,Invalid or missing units consumed
RD00005652,MTR000163,CUST000163,2022-12-06 19:42:24,automatic,,195542.38,243.7,37.08,0.906,50.554,2.9988,0,0,Good,2022-12-06 20:06:24,Invalid or missing units consumed
RD00036679,MTR001881,-,2024-09-30 23:52:31,Manual,,179453.71,237.1,13.32,0.703,,1.3258,0,0,Good,2024-09-30 23:54:31,Invalid or missing units consumed
RD00018851,MTR003424,CUST003424,2024-10-26 12:56:13,Automatic,,133133.25,220.4,48.66,0.765,9.056,0.2453,0,0,Good,2024-10-26 13:01:13,Invalid or missing units consumed
RD00036868,MTR004216,CUST004216,2022-12-19 10:59:24,Automatic,,175852.67,228.4,22.72,0.742,97.068,8.8192,0,0,Good,2022-12-19 11:02:24,Invalid or missing units consumed
RD00049636,MTR004774,CUST004774,2024-08-09 03:47:45,Automatic,,384742.41,230.8,,0.852,4.949,0.2874,0,0,Good,,Invalid or missing units consumed
RD00046096,MTR003565,CUST003565,2023-02-21 15:13:20,Automatic,,369603.73,233.7,24.22,0.8,139.478,5.1563,0,0,Good,2023-02-21 15:30:20,Invalid or missing units consumed
RD00011823,MTR003727,,2024-05-16 17:09:33,Automatic,,69449.49,217.6,3.91,0.862,,,0,0,Good,2024-05-16 17:22:33,Invalid or missing units consumed
RD00027841,MTR001882,CUST001882,2023-10-03 13:04:14,Manual,,445245.69,219.7,24.39,0.703,5.705,0.3858,0,0,Invalid,2023-10-03 13:18:14,Invalid or missing units consumed
RD00000647,MTR099010,CUST004784,2023-12-30 07:06:16,Automatic,,65006.43,216.9,41.57,0.751,,2.2161,0,0,Good,2023-12-30 07:29:32,Invalid or missing units consumed
RD00009433,MTR004551,CUST004551,2024-04-21 08:46:18,Automatic,,176139.56,230.2,44.1,0.758,5.549,0.2776,0,0,,2024-04-21 08:50:18,Invalid or missing units consumed
RD00029617,MTR003867,CUST003867,2024-02-19 14:14:56,Automatic,,344658.75,234.8,28.91,0.754,12.403,0.7491,0,0,Estimated,2024-02-19 14:17:56,Invalid or missing units consumed
RD00042804,MTR003326,CUST003326,2023-04-06 19:50:50,Automatic,,269002.73,219.2,39.04,0.949,615.25,36.9026,0,0,GOOD,2023-04-06 20:10:50,Invalid or missing units consumed
RD00020921,MTR002651,CUST002651,2024-08-21 15:48:42,AUTOMATIC,,416154.08,226.0,0.0,0.886,10.888,0.4166,0,0,Estimated,2024-08-21 16:12:42,Invalid or missing units consumed
RD00014630,MTR000931,,2023-08-26 12:30:05,Automatic,,137313.35,243.3,28.37,0.934,2.741,0.188,0,0,Good,2023-08-26 12:58:05,Invalid or missing units consumed
RD00013420,MTR001287,CUST001287,,Automatic,,475867.99,220.4,47.84,,10.234,0.3038,0,0,Good,2024-02-13 11:25:42,Invalid or missing units consumed
RD00002918,MTR000721,CUST000721,2022-05-09 22:34:37,Manual,,44679.85,245.7,42.95,0.866,88.457,7.1292,0,0,Good,2022-05-09 22:46:37,Invalid or missing units consumed
RD00026436,MTR003866,CUST003866,2023-01-28 21:30:53,Automatic,,214570.26,233.1,32.07,0.901,461.371,17.8987,0,0,0,,Invalid or missing units consumed
RD00030085,MTR001736,CUST001736,2023-05-13 16:02:04,Manual,,358.24166,225.1,30.47,0.831,2.97,0.165,0,0,good,2023-05-13 16:22:04,Invalid or missing units consumed
RD00020661,MTR099206,CUST003431,2022-10-12 18:32:50,Automatic,,384325.34,222.4,46.11,0.871,1.5,0.1291,0,0,Invalid,2022-10-12 18:57:50,Invalid or missing units consumed
RD00002317,MTR003121,CUST003121,2024-09-23 18:27:47,-,,401625.14,228.6,32.5,0.89,29.838,1.1838,0,0,Estimated,2024-09-23 18:32:47,Invalid or missing units consumed
RD00007278,MTR004321,CUST004321,2023-09-16 16:33:38,Manual,,,210.9,43.82,0.895,2.912,0.204,0,0,Good,2023-09-16 16:53:38,Invalid or missing units consumed
RD00014931,MTR002633,CUST002633,2024-04-24 11:00:01,automatic,,242052.88,226.4,7.47,0.88,6.496,0.2345,0,0,Suspect,2024-04-24 11:10:01,Invalid or missing units consumed
RD00021660,MTR001141,CUST001141,2022-08-08 22:02:40,Revised,,194020.01,219.0,31.35,0.903,2.285,0.1366,0,0,Good,2022-08-08 22:30:40,Invalid or missing units consumed
RD00023881,MTR003569,CUST003569,2022-05-31 10:57:46,Automatic,,344746.46,233.0,12.45,0.911,4.394,0.2508,0,0,Good,,Invalid or missing units consumed
RD00017303,MTR004335,CUST004335,2024-05-24 03:09:03,Automatic,,446665.18,242.2,0.0,0.994,2.794,0.2834,1,0,,2024-05-24 03:11:03,Invalid or missing units consumed
RD00017749,MTR000915,CUST000915,2022-11-16 17:40:25,Automatic,,474017.64,,21.28,0.85,1.801,0.1808,0,-,Good,2022-11-16 17:56:25,Invalid or missing units consumed
RD00045603,MTR001715,CUST001715,2022-07-01 10:26:35,Automatic,,142976.6,243.2,46.36,0.867,7.888,0.3486,0,0,Good,2022-07-01 10:45:35,Invalid or missing units consumed
RD00011306,MTR001631,CUST001631,2022-04-04 16:48:59,Automatic,,83892.84,217.0,20.54,0.827,27.281,1.7353,0,0,Good,2022-04-04 16:49:59,Invalid or missing units consumed
RD00042662,MTR002659,CUST002659,2023-07-08 02:07:13,Automatic,,70700.78,242.3,22.54,0.778,4.03,0.3139,,0,Good,,Invalid or missing units consumed
RD00027405,MTR003692,CUST003692,2023-10-28 02:33:06,Automatic,,63260.2,218.6,0.0,0.755,15.248,0.5067,0,0,GOOD,,Invalid or missing units consumed
RD00000417,MTR001709,0,2022-01-22 15:35:45,Automatic,,243806.14,,,0.812,,0.3315,0,0,Suspect,2022-01-22 15:38:45,Invalid or missing units consumed
RD00024893,MTR000313,CUST000313,2023-05-30 20:36:38,Automatic,,77193.87,236.8,21.6,0.842,9.413,0.2448,0,0,Good,2023-05-30 20:46:38,Invalid or missing units consumed
RD00007578,MTR004697,CUST004697,2023-04-17 02:33:31,,,275045.69,244.2,4.25,0.861,,0.2094,0,0,0,2023-04-17 02:38:31,Invalid or missing units consumed
RD00039919,MTR002086,CUST002086,2023-02-24 13:08:28,Automatic,,57289.74,-,46.08,0.778,13.434,0.5671,0,0,Good,2023-02-24 13:16:28,Invalid or missing units consumed
RD00007690,MTR001705,CUST001705,2024-01-11 23:09:37,Automatic,,,235.2,,0.805,3.754,0.1498,0,0,Good,,Invalid or missing units consumed
RD00018741,MTR001286,CUST001286,2023-08-16 13:29:30,Automatic,,277399.47,228.6,15.71,0.912,5.768,0.3241,0,0,Invalid,2023-08-16 13:55:30,Invalid or missing units consumed
RD00000444,MTR000280,CUST000280,2024-02-14 06:51:02,AUTOMATIC,,39223450.0,227.1,35.46,,52.228,3.05,0,0,Good,2024-02-14 06:54:02,Invalid or missing units consumed
RD00046291,MTR002788,CUST002788,2022-10-18 03:35:36,Automatic,,297815.3,232.8,42.47,,15.214,1.7318,0,0,Estimated,2022-10-18 03:54:36,Invalid or missing units consumed
RD00018635,MTR004370,CUST004370,2023-04-28 01:56:00,Automatic,,156811.38,222.8,29.68,0.876,0.524,0.0459,0,0,Good,2023-04-28 02:25:00,Invalid or missing units consumed
RD00007787,MTR002102,CUST002102,2022-01-24 15:35:02,Automatic,,338344.73,,14.4,,2.416,0.1086,0,1,Invalid,2022-01-24 15:43:02,Invalid or missing units consumed
RD00011501,MTR002304,CUST002304,2024-08-24 07:49:56,Automatic,,454968.25,242.2,,,3.804,,0,1,Good,2024-08-24 07:51:56,Invalid or missing units consumed
RD00006140,MTR000743,0,2024-06-02 21:57:09,Automatic,,76763.37,232.6,6.62,0.826,4.455,0.2415,0,0,Good,2024-06-02 22:09:09,Invalid or missing units consumed
RD00017970,MTR000370,CUST000370,2023-11-24 23:30:07,0,,333817.41,212.1,1.01,0.805,6.397,0.3321,UNKNOWN,0,Good,2023-11-24 23:56:07,Invalid or missing units consumed
RD00043193,MTR003792,CUST003792,2023-05-13 23:09:14,Automatic,,234509.13,236.0,49.3,0.942,5.313,0.3601,0,0,Good,2023-05-13 23:25:14,Invalid or missing units consumed
RD00024926,MTR003752,CUST003752,2023-11-24 13:20:08,Automatic,,368739.12,231.1,47.2,0.939,,1.0636,0,0,Good,2023-11-24 13:29:08,Invalid or missing units consumed
RD00039370,MTR002438,CUST002438,2022-06-06 10:23:15,Automatic,,194065.1,219.4,7.77,0.982,124.967,6.9542,0,0,Good,2022-06-06 10:34:15,Invalid or missing units consumed
RD00004439,MTR000727,CUST000727,2024-02-02 19:06:31,Automatic,,318322.16,238.2,33.88,0.967,605.958,33.3132,0,0,Good,2024-02-02 19:33:31,Invalid or missing units consumed
RD00002602,MTR099911,CUST003351,2022-07-31 03:20:43,Automatic,,311033.65,229.9,37.04,0.951,6.431,0.5261,0,0,Good,2022-07-31 03:35:43,Invalid or missing units consumed
RD00046767,MTR002699,CUST002699,2024-11-28 16:26:41,Manual,,125576.47,235.4,7.78,0.813,0.584,0.0345,0,0,Estimated,2024-11-28 16:35:41,Invalid or missing units consumed
RD00043226,MTR003109,CUST003109,2024-08-01 19:59:55,Automatic,,302089.94,237.9,45.73,0.766,17.387,1.4156,0,0,Good,2024-08-01 20:08:55,Invalid or missing units consumed
RD00030139,MTR003686,CUST003686,,Estimated,,192379.62,240.3,7.02,0.784,3.896,,0,0,Suspect,2022-04-23 11:33:52,Invalid or missing units consumed
RD00044655,MTR003898,CUST003898,2022-02-09 04:41:15,Automatic,,242481.06,239.3,,0.92,0.429,0.0108,0,0,Good,2022-02-09 04:45:15,Invalid or missing units consumed
RD00000358,MTR099847,CUST003898,2022-10-13 09:14:21,Automatic,,255475.82,233.3,9.32,0.889,1.127,0.0525,0,0,Good,2022-10-13 09:19:21,Invalid or missing units consumed
RD00049217,MTR000791,CUST000791,2024-04-24 21:18:48,Automatic,,341009.21,224.0,11.67,0.99,5.79,0.2195,0,0,Estimated,2024-04-24 21:37:48,Invalid or missing units consumed
RD00040102,MTR004237,CUST004237,2022-12-02 22:52:55,Automatic,,448655.81,245.2,34.09,0.872,14.101,1.2619,0,0,Good,2022-12-02 22:55:55,Invalid or missing units consumed
RD00031707,MTR004975,CUST004975,2024-06-25 05:45:36,Revised,,,225.3,23.61,0.757,4.545,0.5336,0,0,Good,2024-06-25 05:57:36,Invalid or missing units consumed
RD00033107,MTR000485,CUST000485,2024-04-01 03:18:43,Estimated,,370098.35,240.8,15.58,0.882,16.193,0.0,0,0,Good,2024-04-01 03:41:43,Invalid or missing units consumed
RD00045226,MTR003971,CUST003971,2023-04-08 18:12:55,0,,428808.15,211.1,12.59,0.815,4.499,0.1441,0,0,good,2023-04-08 18:16:55,Invalid or missing units consumed
RD00014171,MTR000875,CUST000875,2022-03-09 16:53:59,,,216982.98,232.0,42.45,0.873,8.101,0.1805,0,0,Good,,Invalid or missing units consumed
RD00024530,MTR002155,CUST002155,2022-09-09 15:09:58,Automatic,,415242.77,239.2,36.43,0.0,1.165,0.0469,0,0,Suspect,2022-09-09 15:22:58,Invalid or missing units consumed
RD00009043,MTR000410,CUST000410,2024-05-09 17:52:11,Automatic,,483596.81,227.7,8.07,0.927,87.462,2.8375,0,0,Good,2024-05-09 18:01:11,Invalid or missing units consumed
RD00038800,MTR004615,CUST004615,2024-09-21 03:44:27,Automatic,,121392.42,247.3,11.07,0.71,851.728,88.8869,0,0,Invalid,2024-09-21 04:03:27,Invalid or missing units consumed
RD00009576,MTR099737,CUST003565,2024-05-27 17:30:57,Automatic,,412654.93,227.9,42.16,0.872,102.504,4.3378,0,0,Good,2024-05-27 17:51:57,Invalid or missing units consumed
RD00019892,MTR001370,CUST001370,2022-10-18 03:02:02,Automatic,,146120.96,217.7,1.03,0.832,1.37,0.1298,0,0,Good,2022-10-18 03:09:02,Invalid or missing units consumed
RD00047943,MTR001409,CUST001409,2023-01-16 08:36:51,Automatic,,238620.49,238.1,45.3,0.718,472.76,28.2272,0,0,Good,2023-01-16 08:43:51,Invalid or missing units consumed
RD00009276,MTR001648,CUST001648,2023-07-31 22:07:09,0,,79233.56,227.6,5.47,0.774,,0.4965,0,0,Good,2023-07-31 22:18:09,Invalid or missing units consumed
RD00010221,MTR003422,CUST003422,2023-08-20 19:38:06,,,155799.31,227.0,21.84,0.773,9.621,0.694,0,0,Good,2023-08-20 19:41:06,Invalid or missing units consumed
RD00016810,MTR000593,CUST000593,2023-04-05 06:10:15,Automatic,,93080.06,257.6,42.97,0.985,25.824,0.9411,0,0,Good,,Invalid or missing units consumed
RD00010837,MTR004764,CUST004764,2022-05-09 19:00:34,Automatic,,220955.05,228.2,26.62,0.997,27.729,1.8334,,0,Good,2022-05-09 19:06:34,Invalid or missing units consumed
RD00024083,MTR001396,CUST001396,2022-05-01 05:39:23,Automatic,,446455.77,225.0,0.32,0.705,824.387,,0,0,Estimated,2022-05-01 05:51:23,Invalid or missing units consumed
RD00005918,MTR002833,CUST002833,2022-03-02 04:19:35,Automatic,,446861.63,225.7,9.37,0.74,2.347,0.092,-,0,Estimated,2022-03-02 04:43:35,Invalid or missing units consumed
RD00037176,MTR002304,CUST002304,2024-04-24 15:22:09,Automatic,,452288.29,230.6,9.08,0.79,4.747,0.2351,0,1,Good,2024-04-24 15:40:16,Invalid or missing units consumed
RD00013780,MTR004020,CUST004020,2022-08-11 03:08:16,Automatic,,429911.3,239.5,16.41,0.813,,0.1976,0,0,GOOD,2022-08-11 03:16:16,Invalid or missing units consumed
RD00018564,MTR004497,CUST004497,2024-07-09 22:40:32,Manual,,114165.18,243.6,15.7,0.952,1.07,0.0494,0,0,GOOD,2024-07-09 22:57:40,Invalid or missing units consumed
RD00012169,MTR000984,CUST000984,2022-07-10 15:52:56,Automatic,,,231.5,30.76,,11.075,0.4573,0,0,Good,2022-07-10 16:07:56,Invalid or missing units consumed
RD00035273,MTR002584,CUST002584,2024-04-12 14:00:49,Automatic,,132681.73,239.7,36.86,0.916,971.928,,0,0,Good,2024-04-12 14:31:07,Invalid or missing units consumed
RD00036718,MTR003437,CUST003437,2022-08-17 06:45:33,Manual,,248275.24,232.6,26.94,0.77,75.459,1.8722,0,0,Good,,Invalid or missing units consumed
RD00025445,MTR004195,CUST004195,2024-11-16 21:56:16,Manual,,,218.7,34.09,0.724,0.761,0.0263,0,0,Good,2024-11-16 22:06:16,Invalid or missing units consumed
RD00004090,MTR004526,CUST004526,2022-04-29 08:10:29,Automatic,,210663.14,245.4,35.4,,3.656,0.2381,0,1,Good,,Invalid or missing units consumed
RD00002295,MTR000560,CUST000560,2024-08-16 12:33:40,Automatic,,,242.2,40.43,0.877,,1.4803,0,0,Good,2024-08-16 12:36:40,Invalid or missing units consumed
RD00027029,MTR003481,CUST003481,2023-04-23 07:57:52,Manual,,103619.11,213.6,28.91,0.785,6.838,0.3709,,0,Good,2023-04-23 08:23:52,Invalid or missing units consumed
RD00035619,MTR004425,CUST004425,,Automatic,,153685.04,227.1,35.22,0.867,,0.5005,0,0,Suspect,2023-10-30 12:46:55,Invalid or missing units consumed
RD00033734,MTR000496,CUST000496,2022-03-07 10:27:18,Automatic,,385962.85,220.4,27.31,0.806,2.638,0.1698,0,UNKNOWN,Good,2022-03-07 10:54:18,Invalid or missing units consumed
RD00030726,MTR004214,CUST004214,2023-02-17 16:25:47,Automatic,,497339.01,221.6,0.0,0.8,4.628,0.084,1,0,Good,2023-02-17 16:52:47,Invalid or missing units consumed
RD00016512,MTR001542,CUST001542,2022-03-03 23:06:52,Manual,,280.65934000000004,224.7,14.79,0.756,3.37,0.3279,0,0,Good,2022-03-03 23:31:52,Invalid or missing units consumed
RD00011626,MTR000887,CUST000887,2024-10-16 13:43:10,Automatic,,13962.73,227.0,17.76,0.72,6.331,0.2477,0,0,Invalid,2024-10-16 13:50:10,Invalid or missing units consumed
RD00049198,MTR004276,CUST004276,2022-04-12 16:03:08,Automatic,,23234.35,232.0,29.15,0.897,5.847,0.5771,0,0,Good,2022-04-12 16:10:08,Invalid or missing units consumed
RD00046369,MTR000819,CUST000819,2024-01-28 17:08:53,Automatic,,456853.38,219.0,29.39,0.898,8.637,0.8372,0,0,Invalid,2024-01-28 17:36:53,Invalid or missing units consumed
RD00029730,MTR002158,CUST002158,2022-02-02 22:29:35,Automatic,,14693.98,222.7,49.58,0.995,132.237,,0,0,Good,2022-02-02 22:38:35,Invalid or missing units consumed
RD00002285,MTR002413,0,,revised,,188087.83,208.1,15.82,0.938,21.458,1.4726,0,0,Good,2023-10-05 14:08:08,Invalid or missing units consumed
RD00043341,MTR004250,CUST004250,2022-07-06 14:56:36,Automatic,,53083.96,227.7,9.71,0.741,8.885,0.6197,0,0,Good,2022-07-06 15:14:36,Invalid or missing units consumed
RD00027132,MTR000019,CUST000019,2023-05-31 16:52:46,Manual,,402737.15,238.2,42.93,0.967,4.445,,0,0,Good,2023-05-31 16:56:46,Invalid or missing units consumed
RD00008272,MTR002519,CUST002519,,Automatic,,126952.49,226.4,36.14,0.782,8.313,0.0,0,0,Suspect,2022-09-22 16:03:28,Invalid or missing units consumed
RD00036490,MTR001268,CUST001268,2023-11-21 20:15:21,Manual,,,230.9,8.88,0.709,1.753,0.1192,0,0,Suspect,2023-11-21 20:44:21,Invalid or missing units consumed
RD00016748,MTR003995,CUST003995,2022-04-05 19:04:05,Automatic,,207785.34,222.3,0.24,0.941,490.093,20.5129,0,0,Good,2022-04-05 19:19:05,Invalid or missing units consumed
RD00041416,MTR000651,CUST000651,2023-12-29 02:30:25,Automatic,,125194.74,217.3,5.75,0.0,6.856,0.2556,0,0,Suspect,2023-12-29 02:31:25,Invalid or missing units consumed
RD00003381,MTR003589,CUST003589,2024-03-16 19:59:02,Automatic,,344774.07,235.2,24.89,0.986,3.71,0.1384,0,1,Good,2024-03-16 20:24:02,Invalid or missing units consumed
RD00040300,MTR004954,CUST004954,2024-09-17 15:31:54,Automatic,,328275.33,225.3,23.35,0.957,3.146,0.2871,0,0,Good,2024-09-17 15:35:54,Invalid or missing units consumed
RD00045223,MTR003978,CUST003978,2022-02-06 18:54:15,Revised,,411280.91,0,19.63,0.963,5.166,0.3838,0,0,Good,,Invalid or missing units consumed
RD00010197,UNKNOWN,CUST002694,,Manual,,358407.04,228.0,0.5,0.737,8.45,0.3736,0,,Estimated,2022-12-14 11:59:04,Invalid or missing units consumed
RD00027037,MTR002378,CUST002378,2022-11-22 22:00:10,Automatic,,265330.05,234.6,44.28,0.871,3.676,0.1805,1,0,Good,,Invalid or missing units consumed
RD00031098,UNKNOWN,CUST003167,2022-06-24 18:19:40,Revised,,500211.56,240.3,18.3,0.889,945.818,92.7742,0,0,estimated,2022-06-24 18:34:40,Invalid or missing units consumed
RD00022849,MTR099050,CUST004740,2022-01-01 06:53:14,,,293600.92,233.3,41.47,0.733,13.019,0.9798,0,0,Estimated,2022-01-01 07:19:14,Invalid or missing units consumed
RD00006544,MTR004872,CUST004872,2024-08-07 15:45:23,Manual,,160845.2,211.6,37.67,0.716,2.712,0.1462,0,0,UNKNOWN,2024-08-07 15:48:23,Invalid or missing units consumed
RD00001972,MTR099638,CUST001605,2024-11-15 18:53:30,manual,,74075.7,245.5,42.63,,21.107,1.333,0,0,Good,2024-11-15 18:56:30,Invalid or missing units consumed
RD00008662,MTR003988,CUST003988,2024-04-13 09:29:52,Manual,,72523.01,231.7,37.32,0.78,8.239,,0,0,Estimated,2024-04-13 09:39:52,Invalid or missing units consumed
RD00019217,MTR003620,CUST003620,,Automatic,,104973.7,UNKNOWN,,,28.832,0.9393,0,1,Good,2023-04-12 12:07:38,Invalid or missing units consumed
RD00041968,MTR000529,CUST000529,,Manual,,453296.61,243.2,10.36,0.708,6.009,0.2656,0,-,Invalid,2022-04-09 22:38:33,Invalid or missing units consumed
RD00002197,MTR004625,CUST004625,2023-06-18 18:01:00,Estimated,,450723.03,243.7,29.8,,1.787,0.086,0,1,Good,2023-06-18 18:17:00,Invalid or missing units consumed
RD00002622,,CUST003383,2023-10-10 13:22:32,Automatic,,325038.86,228.7,29.55,0.744,2.386,0.2182,0,0,Good,2023-10-10 13:27:32,Invalid or missing units consumed
RD00009193,MTR000917,CUST000917,2022-01-17 20:28:37,Revised,,456397.01,UNKNOWN,17.61,0.939,8.111,0.2292,0,0,Good,2022-01-17 20:51:37,Invalid or missing units consumed
RD00004891,MTR001162,CUST001162,2024-07-30 18:10:40,Automatic,,179433.6,227.0,10.38,0.785,23.743,1.3697,,0,Good,,Invalid or missing units consumed
RD00049191,MTR002787,CUST002787,2023-07-15 08:06:42,MANUAL,,125594.31,211.9,25.56,0.792,3.964,0.0,0,0,Good,2023-07-15 08:32:42,Invalid or missing units consumed
RD00015651,MTR002270,CUST002270,2022-03-10 15:54:31,Automatic,,70379.81,219.6,13.33,0.866,1.128,0.1149,0,0,Invalid,2022-03-10 16:12:31,Invalid or missing units consumed
RD00009540,MTR002094,CUST002094,2023-01-19 18:16:09,Automatic,,31224.11,231.2,46.38,0.785,15.567,0.5487,0,0,Good,2023-01-19 18:44:39,Invalid or missing units consumed
RD00005212,MTR000545,CUST000545,2023-04-30 14:04:31,Estimated,,498052.92,237.8,33.29,0.907,2.834,0.0945,0,0,Good,2023-04-30 14:34:31,Invalid or missing units consumed
RD00014832,MTR003630,CUST003630,2023-11-10 00:46:14,Estimated,,45277.89,UNKNOWN,30.63,0.95,5.165,0.4654,0,0,Good,2023-11-10 01:10:14,Invalid or missing units consumed
RD00000967,MTR002990,CUST002990,2024-11-05 05:10:50,Estimated,,147040.37,0,19.4,,4.109,0.3197,0,0,Good,2024-11-05 05:17:50,Invalid or missing units consumed
RD00014000,MTR002230,CUST002230,2023-06-09 09:24:35,Estimated,,166994.22,240.1,46.15,0.77,7.851,0.4428,0,0,Good,2023-06-09 09:45:35,Invalid or missing units consumed
RD00007916,MTR002415,CUST002415,2022-07-27 08:10:18,Automatic,,,248.6,18.57,0.835,13.66,0.6771,0,0,Good,2022-07-27 08:23:18,Invalid or missing units consumed
RD00042500,MTR003312,CUST003312,2024-12-22 11:24:12,Automatic,,323847.19,251.6,3.61,0.824,9.221,0.2499,0,0,Good,2024-12-22 11:28:12,Invalid or missing units consumed
RD00003659,MTR003641,CUST003641,2023-06-24 18:23:01,0,,,216.1,22.67,0.929,39.785,1.6024,0,0,Estimated,2023-06-24 18:29:01,Invalid or missing units consumed
RD00045262,MTR001484,CUST001484,2023-10-02 16:45:23,Automatic,,289947.27,209.4,43.86,0.832,28.577,2.8451,0,0,Good,2023-10-02 16:50:23,Invalid or missing units consumed
RD00034554,MTR003562,CUST003562,2023-04-25 16:52:28,Automatic,,435733.37,218.5,,0.742,25.474,0.0,0,0,Good,2023-04-25 16:53:28,Invalid or missing units consumed
RD00010394,MTR004253,CUST004253,2024-01-30 18:57:00,Automatic,,,,28.77,0.828,4.251,0.2291,0,0,Good,,Invalid or missing units consumed
RD00029690,MTR003379,CUST003379,,Automatic,,128023.43,244.1,42.01,0.889,1.2,,0,0,-,2024-07-07 05:19:55,Invalid or missing units consumed
RD00047468,MTR001875,CUST001875,2024-04-26 19:06:58,Estimated,,230274.62,234.2,,0.748,,0.1064,0,0,Good,2024-04-26 19:31:58,Invalid or missing units consumed
RD00008291,MTR000029,CUST000029,2024-08-30 07:30:15,Automatic,,410989.68,217.6,46.72,0.938,13.247,0.49,0,0,Good,2024-08-30 07:47:15,Invalid or missing units consumed
RD00045047,,CUST000652,2024-03-10 20:34:00,Estimated,,302588.92,234.6,4.04,0.963,5.076,0.13,0,0,Good,2024-03-10 20:57:00,Invalid or missing units consumed
RD00023022,0,CUST002028,2023-08-12 20:12:41,Manual,,99049.48,210.9,32.92,0.717,6.968,0.4009,0,0,Good,2023-08-12 20:28:41,Invalid or missing units consumed
RD00018964,MTR000824,CUST000824,2024-06-20 22:53:39,Automatic,,137211.48,229.0,20.29,0.745,4.791,0.4349,0,0,Good,2024-06-20 23:04:39,Invalid or missing units consumed
RD00025034,MTR000739,CUST000739,2023-09-18 23:29:35,Automatic,,136553.91,238.3,28.81,0.984,77.652,5.484,0,0,Good,2023-09-18 23:43:35,Invalid or missing units consumed
RD00010247,MTR004826,CUST004826,2023-04-26 00:39:11,Manual,,356782.72,234.1,28.87,0.812,859.347,25.346,0,0,Good,2023-04-26 00:44:11,Invalid or missing units consumed
RD00024448,MTR001067,CUST001067,2022-10-17 09:41:38,Manual,,397270.65,221.6,15.16,0.848,6.029,0.3123,0,0,Good,2022-10-17 09:52:38,Invalid or missing units consumed
RD00013704,MTR000746,CUST000746,2024-12-03 20:45:27,-,,108550.15,244.4,,0.824,8.861,0.7699,0,0,Estimated,2024-12-03 21:09:27,Invalid or missing units consumed
RD00039284,MTR000088,,2023-02-15 08:23:09,Automatic,,181901.81,221.7,12.13,0.727,3.585,0.1322,0,0,Good,2023-02-15 08:40:09,Invalid or missing units consumed
RD00009540,MTR002094,CUST002094,2023-01-19 18:15:11,Automatic,,31224.11,231.2,46.38,0.785,15.567,0.5487,0,0,Good,2023-01-19 18:44:11,Invalid or missing units consumed
RD00022932,MTR001218,CUST001218,2023-08-17 20:46:26,Automatic,,95467.25,220.1,30.5,0.833,4.121,0.2724,0,0,Suspect,2023-08-17 21:09:26,Invalid or missing units consumed
RD00013343,MTR004837,CUST004837,2024-02-15 21:32:10,Automatic,,311406.06,226.8,48.73,0.758,7.921,0.7435,0,0,Good,2024-02-15 21:34:10,Invalid or missing units consumed
RD00005196,MTR000597,CUST000597,2023-11-24 04:05:55,Automatic,,28064.68,214.7,40.34,0.956,3.533,0.0,0,0,0,2023-11-24 04:29:55,Invalid or missing units consumed
RD00019461,MTR003604,CUST003604,,Automatic,,243882.34,235.6,12.63,0.868,1262.298,,0,0,Good,2024-05-10 14:46:13,Invalid or missing units consumed
RD00045007,MTR004424,CUST004424,,Automatic,,157289.43,222.9,35.69,0.94,554.332,14.694,0,0,Good,2022-07-18 01:21:05,Invalid or missing units consumed
RD00047709,,CUST001237,2023-05-12 19:39:30,Automatic,,492353.85,237.0,45.59,0.779,19.523,0.502,0,0,Good,2023-05-12 20:01:30,Invalid or missing units consumed
RD00026670,MTR001885,0,2022-04-14 20:06:09,Automatic,,100118.2,206.2,13.4,0.958,2.043,0.1593,0,,Good,2022-04-14 20:11:09,Invalid or missing units consumed
RD00012484,MTR000845,CUST000845,2023-07-19 02:53:47,Estimated,,179810.31,,11.27,0.702,4.264,,0,0,Good,2023-07-19 02:56:47,Invalid or missing units consumed
RD00034447,MTR000658,CUST000658,2022-07-09 22:43:38,ESTIMATED,,19268.34,230.3,37.38,,4.754,0.2624,0,0,Good,2022-07-09 23:01:38,Invalid or missing units consumed
RD00009738,MTR001718,CUST001718,2023-12-01 17:31:57,Estimated,,402099.63,233.8,0.46,0.7,,1.4489,0,1,UNKNOWN,2023-12-01 17:36:57,Invalid or missing units consumed
RD00016527,UNKNOWN,CUST004711,2022-11-06 02:10:13,Automatic,,,246.0,40.62,0.972,1.971,0.0629,0,0,Good,2022-11-06 02:32:13,Invalid or missing units consumed
RD00001149,MTR003410,CUST003410,2022-05-28 18:28:08,Automatic,,306650.98,252.6,46.65,0.996,13.01,0.6998,0,0,Good,2022-05-28 18:38:08,Invalid or missing units consumed
RD00003482,MTR002034,CUST002034,2023-12-05 08:39:17,,,470535.85,229.8,22.99,0.959,8.432,0.5817,0,0,,2023-12-05 08:45:17,Invalid or missing units consumed
RD00005015,MTR002985,CUST002985,2024-12-05 20:48:41,Automatic,,130331.57,234.9,21.87,,134.785,3.5047,0,0,Good,2024-12-05 20:51:41,Invalid or missing units consumed
RD00041441,MTR000433,CUST000433,2023-04-07 21:41:17,Automatic,,270737.86,0,36.33,0.894,8.46,0.2383,0,0,Good,2023-04-07 21:51:17,Invalid or missing units consumed
RD00047766,MTR004811,CUST004811,2023-06-11 11:10:50,Automatic,,244873.5,247.9,8.95,,,0.4205,0,0,Good,2023-06-11 11:30:50,Invalid or missing units consumed
RD00049311,MTR001315,CUST001315,2022-09-17 21:29:52,-,,280688.89,250.0,26.06,0.921,2.545,0.0909,0,0,,2022-09-17 21:45:52,Invalid or missing units consumed
RD00011791,MTR000764,CUST000764,,Automatic,,469574560.0,221.2,,0.936,2.571,0.063,0,0,Good,2024-03-21 09:57:17,Invalid or missing units consumed
RD00015255,MTR004051,CUST004051,2022-07-23 04:01:37,Automatic,,194418.11,229.6,23.1,0.729,33.76,3.4136,0,1,Good,2022-07-23 04:31:37,Invalid or missing units consumed
RD00031419,MTR003282,CUST003282,2023-03-25 05:10:38,Automatic,,318124.53,233.9,43.18,0.761,17.797,1.6022,0,0,Good,2023-03-25 05:39:38,Invalid or missing units consumed
RD00004850,MTR001734,CUST001734,2023-11-17 18:05:01,Automatic,,115354.67,235.0,24.69,0.961,8.7,0.6231,0,0,Good,,Invalid or missing units consumed
RD00013220,MTR002540,CUST002540,2022-09-30 19:39:43,Manual,,176185.8,-,2.97,0.837,29.199,2.4248,0,,Good,2022-09-30 19:48:43,Invalid or missing units consumed
RD00039129,MTR004651,CUST004651,2024-02-13 20:06:35,Automatic,,130972.68,223.7,17.46,0.961,549.199,,0,0,Good,,Invalid or missing units consumed
RD00031304,MTR000242,CUST000242,2024-12-18 12:14:32,Automatic,,129359.7,226.9,23.57,0.894,553.212,40.9443,UNKNOWN,0,Invalid,2024-12-18 12:43:32,Invalid or missing units consumed
RD00019864,MTR004520,CUST004520,2023-03-13 10:03:14,Automatic,,281272.0,221.2,41.19,,20.071,0.5084,0,0,Good,,Invalid or missing units consumed
RD00029201,MTR004884,CUST004884,2023-08-18 07:26:12,Manual,,86036.38,232.3,15.46,0.9,7.075,0.3219,0,0,Invalid,2023-08-18 07:55:12,Invalid or missing units consumed
RD00046028,MTR001256,CUST001256,,Revised,,393601.55,238.4,1.5,0.79,8.886,0.3892,0,1,Good,2024-05-03 22:41:37,Invalid or missing units consumed
RD00038668,MTR002005,CUST002005,2022-09-24 00:08:42,Manual,,130228.1,234.1,26.79,0.724,,0.1249,0,0,Good,2022-09-24 00:25:42,Invalid or missing units consumed
RD00001803,MTR002660,CUST002660,2024-04-04 13:17:39,Estimated,,346287.2,230.9,15.56,0.773,13.054,0.8168,0,0,Good,2024-04-04 13:41:39,Invalid or missing units consumed
RD00022172,MTR004980,CUST004980,2022-10-27 12:15:35,Automatic,,462679.39,231.3,,0.805,5.272,,0,0,Good,2022-10-27 12:23:35,Invalid or missing units consumed
RD00013189,MTR000982,CUST000982,2022-12-02 18:29:01,Automatic,,52334.19,224.8,28.7,0.71,1.619,0.1072,1,0,Good,2022-12-02 18:58:01,Invalid or missing units consumed
RD00047702,MTR004181,CUST004181,2024-06-15 22:17:03,Estimated,,409945.39,227.2,11.78,0.887,14.504,0.629,0,0,Good,2024-06-15 22:36:03,Invalid or missing units consumed
RD00026431,MTR004572,CUST004572,2022-05-09 06:56:59,Manual,,460234.98,221.9,24.45,0.882,5.476,,0,0,Good,2022-05-09 07:06:59,Invalid or missing units consumed
RD00020384,MTR000259,CUST000259,2024-12-04 18:11:03,Automatic,,426469.84,240.0,38.93,0.982,130.113,5.5314,0,0,Good,2024-12-04 18:26:03,Invalid or missing units consumed
RD00043354,MTR004483,CUST004483,2024-09-05 02:55:31,Automatic,,441346.53,248.6,9.15,0.999,1.284,0.0884,,0,-,2024-09-05 03:08:31,Invalid or missing units consumed
RD00020033,MTR004930,CUST004930,2022-12-04 18:35:18,Revised,,477708.36,219.1,45.61,0.975,8.344,,0,0,Good,2022-12-04 18:45:18,Invalid or missing units consumed
RD00010732,MTR004213,0,2022-02-05 14:38:17,Manual,,70439.56,222.9,,0.917,603.089,35.8982,0,0,Good,2022-02-05 15:07:17,Invalid or missing units consumed
RD00044318,MTR004844,CUST004844,2024-02-13 04:44:32,Automatic,,244807.9,236.3,7.97,0.818,,0.2289,0,0,Good,2024-02-13 05:11:32,Invalid or missing units consumed
RD00024571,MTR004978,CUST004978,,Automatic,,441374.4,216.8,17.19,0.765,15.31,0.7535,0,0,Good,2023-01-24 08:45:39,Invalid or missing units consumed
RD00021377,MTR003447,CUST003447,2023-06-04 00:41:28,Manual,,206884.57,219.9,12.13,0.965,0.942,0.0619,0,1,Estimated,2023-06-04 01:11:28,Invalid or missing units consumed
RD00041692,MTR004895,CUST004895,2022-03-27 18:36:01,Revised,,136588.04,219.0,3.63,0.853,5.575,0.403,0,0,good,2022-03-27 18:48:01,Invalid or missing units consumed
RD00001963,MTR002445,CUST002445,2022-06-22 02:45:04,Manual,,159561.12,227.5,45.57,0.846,293.235,19.3612,0,0,Good,2022-06-22 02:57:04,Invalid or missing units consumed
RD00006865,MTR003200,CUST003200,,Manual,,129728.92,235.1,21.25,0.883,6.381,0.1662,0,0,Good,2024-03-08 07:04:17,Invalid or missing units consumed
RD00003780,MTR001405,CUST001405,,Automatic,,61152.47,237.8,7.26,0.755,128.706,8.7374,0,0,Good,2024-10-16 10:05:27,Invalid or missing units consumed
RD00030219,MTR004120,CUST004120,2022-02-02 00:00:48,Manual,,400682.17,227.7,33.88,0.852,5.851,0.1943,-,0,Estimated,2022-02-02 00:20:48,Invalid or missing units consumed
RD00015697,MTR004891,CUST004891,2023-04-03 16:27:56,Automatic,,369527.13,234.8,9.35,0.931,65.079,5.9593,0,0,Good,,Invalid or missing units consumed
RD00012557,MTR000280,CUST000280,2022-04-24 11:35:33,Manual,,168408.87,218.7,19.37,0.971,55.453,0.0,0,0,Good,2022-04-24 11:42:33,Invalid or missing units consumed
RD00010498,MTR003828,CUST003828,2023-05-18 08:19:22,Estimated,,0.0,238.5,,0.85,16.226,1.1963,0,0,Good,2023-05-18 08:33:22,Invalid or missing units consumed
RD00013772,MTR002957,CUST002957,2024-06-18 19:38:22,Automatic,,336672.36,242.7,22.57,0.884,9.05,0.4206,0,0,INVALID,2024-06-18 19:47:22,Invalid or missing units consumed
RD00023182,MTR001904,UNKNOWN,,Estimated,,,224.1,20.75,,16.794,1.3754,0,0,Good,2024-12-15 11:24:58,Invalid or missing units consumed
RD00007620,MTR000143,CUST000143,,Automatic,,370322.03,219.5,39.59,0.792,0.935,0.0742,0,0,,2023-11-19 14:51:03,Invalid or missing units consumed
RD00038705,MTR001481,CUST001481,2022-08-07 04:42:41,Automatic,,40384.57,214.7,28.63,0.732,,0.3217,0,0,ESTIMATED,2022-08-07 05:06:41,Invalid or missing units consumed
RD00031570,MTR003872,CUST003872,2023-11-27 19:17:17,Automatic,,436653.15,243.9,22.44,0.774,45.184,3.0751,0,0,Good,2023-11-27 19:41:17,Invalid or missing units consumed
RD00014305,MTR002579,CUST002579,2024-12-03 14:13:21,Automatic,,273599.68,228.6,5.27,0.805,7.229,0.4412,0,0,Good,,Invalid or missing units consumed
RD00004613,MTR001730,CUST001730,2024-08-25 22:13:48,Automatic,,,0,11.75,0.989,133.513,5.4388,0,0,Good,2024-08-25 22:24:48,Invalid or missing units consumed
RD00029992,MTR004467,CUST004467,2024-09-23 05:09:47,,,0.0,214.9,7.02,0.748,33.74,0.9765,0,0,Good,2024-09-23 05:12:47,Invalid or missing units consumed
RD00039802,MTR003469,,2022-02-10 06:42:08,Automatic,,264176.41,226.7,26.91,,0.916,0.044,0,0,Estimated,2022-02-10 06:43:08,Invalid or missing units consumed
RD00027928,MTR003543,CUST003543,2024-07-14 06:28:56,Revised,,390410.73,235.7,22.54,0.717,,8.5603,0,0,Estimated,2024-07-14 06:52:56,Invalid or missing units consumed
RD00022407,MTR003629,CUST003629,2022-12-30 01:31:23,Automatic,,27494.92,244.9,31.13,0.721,0.962,0.049,0,0,Good,,Invalid or missing units consumed
RD00049623,MTR003543,CUST003543,2024-11-24 22:28:50,Automatic,,191600.07,225.1,0.97,0.782,23.313,1.147,0,0,Suspect,2024-11-24 22:45:50,Invalid or missing units consumed
RD00043767,MTR001262,CUST001262,2022-12-16 09:01:32,Automatic,,268320.21,230.8,13.98,0.862,11.853,,0,0,good,2022-12-16 09:17:32,Invalid or missing units consumed
RD00002695,MTR000202,CUST000202,2023-05-14 19:25:02,Automatic,,473873.31,221.1,14.89,0.961,7.53,0.6436,0,0,Good,2023-05-14 19:34:02,Invalid or missing units consumed
RD00000135,MTR000462,CUST000462,2022-03-17 17:57:16,,,60019.66,222.5,,0.933,12.432,0.8074,0,0,Good,2022-03-17 18:10:16,Invalid or missing units consumed
RD00005907,MTR001871,CUST001871,2024-01-21 20:32:32,Automatic,,395966.56,,22.06,0.972,6.207,0.22,1,0,Good,2024-01-21 20:42:32,Invalid or missing units consumed
RD00033240,MTR004749,CUST004749,2024-10-06 06:23:17,Manual,,,233.1,49.31,0.771,60.56,1.4497,0,0,Good,2024-10-06 06:35:17,Invalid or missing units consumed
RD00027435,MTR003478,CUST003478,2024-01-23 09:23:17,Automatic,,329328.64,234.6,29.04,0.829,7.24,0.7287,0,0,,2024-01-23 09:53:17,Invalid or missing units consumed
RD00017823,MTR001048,CUST001048,2022-07-21 14:24:32,Manual,,135175.03,226.5,23.08,0.914,9.601,0.5118,0,0,,2022-07-21 14:52:32,Invalid or missing units consumed
RD00041463,MTR001927,CUST001927,2023-11-28 22:42:07,Automatic,,113758.4,228.4,44.29,0.803,14.921,0.5358,0,0,Good,2023-11-28 23:00:07,Invalid or missing units consumed
RD00043557,MTR004160,CUST004160,2022-12-23 16:58:46,Automatic,,254235.03,235.0,21.55,0.829,8.825,,0,0,Good,2022-12-23 17:02:46,Invalid or missing units consumed
RD00025357,MTR000759,CUST000759,2024-12-01 15:34:58,Estimated,,258304.56,245.1,26.11,0.854,3.681,0.4054,0,0,Good,2024-12-01 15:45:58,Invalid or missing units consumed
RD00022464,MTR000685,CUST000685,2022-08-14 04:13:57,Automatic,,271612.63,239.9,13.94,0.978,,0.1505,0,0,INVALID,2022-08-14 04:20:57,Invalid or missing units consumed
RD00043167,MTR000563,CUST000563,2024-01-03 08:24:59,Manual,,371864.66,240.4,0.0,0.75,60.038,1.5012,0,0,Estimated,2024-01-03 08:36:59,Invalid or missing units consumed
RD00044798,MTR002419,CUST002419,,Automatic,,40509.98,217.7,14.88,0.742,9.32,0.4064,0,0,Good,2023-09-27 14:45:58,Invalid or missing units consumed
RD00002256,MTR002386,CUST002386,2024-10-27 17:46:35,Automatic,,285935.39,227.7,9.11,0.842,11.283,0.2565,0,0,0,2024-10-27 18:05:35,Invalid or missing units consumed
RD00013898,MTR002171,CUST002171,2024-08-26 17:16:28,Automatic,,47608.97,219.2,1.18,0.814,10.008,0.2707,,0,Good,2024-08-26 17:32:28,Invalid or missing units consumed
RD00023818,MTR003511,CUST003511,2024-11-15 21:14:23,Manual,,56803.92,224.3,11.8,0.718,3.659,0.2218,0,0,Good,2024-11-15 21:40:23,Invalid or missing units consumed
RD00005329,MTR003517,CUST003517,2023-02-09 08:25:03,Manual,,387469.53,232.2,24.86,,94.612,6.3675,0,0,,2023-02-09 08:29:03,Invalid or missing units consumed
RD00013311,-,CUST003477,2022-12-04 10:42:56,Estimated,,309410.7,237.0,5.82,0.731,2.939,0.1939,0,0,Good,2022-12-04 10:57:47,Invalid or missing units consumed
RD00020757,MTR001591,CUST001591,2023-11-28 01:17:53,Estimated,,30592.31,221.9,48.86,0.985,4.597,,0,0,Good,2023-11-28 01:32:53,Invalid or missing units consumed
RD00019248,MTR001998,CUST001998,2023-04-26 17:59:15,Automatic,,40872.77,224.1,24.39,0.812,0.705,0.0572,0,0,Good,2023-04-26 18:24:15,Invalid or missing units consumed
RD00009922,MTR000567,CUST000567,2023-06-19 12:40:50,Manual,,214303.76,227.7,41.65,0.901,7.793,0.1942,0,0,Good,2023-06-19 12:50:50,Invalid or missing units consumed
RD00042857,MTR001384,CUST001384,2022-06-11 15:38:00,,,333600.19,209.0,15.94,0.909,5.48,0.4039,0,0,Good,2022-06-11 15:52:00,Invalid or missing units consumed
RD00030559,MTR001401,CUST001401,2024-05-07 22:08:36,Automatic,,310595.93,226.6,43.02,0.869,20.115,1.3251,0,0,Good,2024-05-07 22:26:36,Invalid or missing units consumed
RD00002926,MTR000030,CUST000030,2024-06-29 07:09:30,Automatic,,91297.99,0,47.33,0.89,,0.1266,0,0,GOOD,2024-06-29 07:19:30,Invalid or missing units consumed
RD00011876,MTR002891,CUST002891,2024-10-16 17:21:05,Automatic,,116852.18,,10.62,0.943,81.582,4.4757,0,0,Good,2024-10-16 17:29:05,Invalid or missing units consumed
RD00024495,MTR001016,CUST001016,2024-06-11 02:35:35,Estimated,,461874.35,230.1,38.88,0.903,45.153,3.2029,1,0,Good,2024-06-11 03:00:35,Invalid or missing units consumed
RD00002703,MTR003879,CUST003879,2022-01-01 07:43:21,Manual,,458705.65,225.6,32.87,0.859,9.647,0.6589,0,0,Good,2022-01-01 08:10:21,Invalid or missing units consumed
RD00013286,MTR004660,,2023-02-19 11:54:12,Automatic,,290838.9,235.3,32.11,0.815,6.638,0.226,0,0,Good,2023-02-19 12:06:12,Invalid or missing units consumed
RD00017000,MTR002243,CUST002243,2024-09-13 16:07:03,Automatic,,422155.95,238.4,28.34,,37.015,1.7909,0,0,Good,2024-09-13 16:08:03,Invalid or missing units consumed
RD00029555,MTR004837,CUST004837,2022-07-12 18:50:36,Manual,,119496.15,229.1,9.98,,13.209,0.961,0,0,Good,2022-07-12 19:20:36,Invalid or missing units consumed
RD00031453,MTR002910,CUST002910,2024-10-01 12:44:21,Automatic,,459943.95,246.3,31.64,0.848,9.001,0.31,0,0,,2024-10-01 12:51:21,Invalid or missing units consumed
RD00027539,MTR000182,CUST000182,2024-05-19 02:12:08,Manual,,149871.1,229.0,6.4,0.769,2.16,0.2267,0,0,Good,2024-05-19 02:13:08,Invalid or missing units consumed
RD00021997,MTR000418,CUST000418,2024-07-15 00:39:47,Automatic,,12130.61,232.4,,0.752,55.358,1.9608,0,0,Good,2024-07-15 00:57:47,Invalid or missing units consumed
RD00030815,MTR004064,CUST004064,2024-03-13 18:30:01,Automatic,,11530.2,212.3,15.52,,7.204,0.5841,0,0,Good,2024-03-13 18:49:01,Invalid or missing units consumed
RD00026425,MTR000743,CUST000743,2024-06-08 07:31:09,Automatic,,483223.93,226.2,26.69,0.797,9.077,,0,0,Good,,Invalid or missing units consumed
RD00006671,MTR000626,CUST000626,2023-09-01 00:35:22,Automatic,,26127.2,240.2,,0.813,29.839,0.8723,0,0,Invalid,2023-09-01 01:01:22,Invalid or missing units consumed
RD00022869,MTR001326,CUST001326,2022-11-12 05:58:18,Automatic,,101354.19,225.4,12.36,0.846,19.478,0.9058,0,0,Good,2022-11-12 06:09:18,Invalid or missing units consumed
RD00028950,MTR000115,CUST000115,2024-06-11 06:12:06,Manual,,299279.6,237.0,6.42,0.876,112.488,9.4373,0,-,Good,2024-06-11 06:24:06,Invalid or missing units consumed
RD00027517,MTR002334,CUST002334,2024-01-24 19:55:42,Automatic,,288619.83,221.1,2.06,,8.656,0.4999,,0,Good,2024-01-24 20:20:42,Invalid or missing units consumed
RD00002177,MTR002332,CUST002332,2023-06-10 21:33:01,Estimated,,269080.95,231.5,24.99,0.715,3.926,0.0936,0,0,Good,2023-06-10 21:45:01,Invalid or missing units consumed
RD00041390,MTR000400,CUST000400,2022-03-22 08:17:53,Automatic,,364592.32,224.6,41.03,0.826,477.76,29.9226,0,0,Good,2022-03-22 08:24:53,Invalid or missing units consumed
RD00014473,,CUST001148,2022-05-15 13:09:32,Estimated,,374591.13,214.0,23.27,,16.513,,0,0,Good,2022-05-15 13:39:32,Invalid or missing units consumed
RD00018861,MTR001692,CUST001692,2022-08-19 21:59:03,Manual,,377546.65,245.5,27.72,0.986,7.134,0.2644,0,,Estimated,2022-08-19 22:07:03,Invalid or missing units consumed
RD00020253,MTR004580,CUST004580,2022-10-30 18:12:05,Automatic,,391830.32,234.4,9.62,0.714,11.845,0.3535,,0,Good,2022-10-30 18:41:05,Invalid or missing units consumed
RD00000601,MTR004930,CUST004930,2022-11-26 15:37:58,Automatic,,309908.95,235.6,8.61,0.926,2.585,0.1902,0,,Good,2022-11-26 15:56:58,Invalid or missing units consumed
RD00007418,MTR001287,CUST001287,2024-01-17 16:49:30,Automatic,,212830.37,238.9,33.61,0.937,12.105,0.3672,0,0,Good,,Invalid or missing units consumed
RD00035288,MTR001789,CUST001789,2023-02-12 21:16:11,Automatic,,461055.92,229.2,13.97,0.914,7.28,0.293,1,0,Good,2023-02-12 21:26:11,Invalid or missing units consumed
RD00015219,MTR001508,CUST001508,,Automatic,,80513.25,230.6,19.05,0.759,1.463,0.079,0,0,Good,2023-01-29 11:30:46,Invalid or missing units consumed
RD00007306,MTR000124,CUST000124,2024-01-30 02:05:11,Automatic,,423326.71,230.3,13.95,0.816,163.026,10.0207,0,0,Good,2024-01-30 02:10:11,Invalid or missing units consumed
RD00025194,MTR002808,CUST002808,2024-07-21 02:08:31,Automatic,,280195.72,226.9,36.16,0.915,3.771,,0,1,,2024-07-21 02:11:31,Invalid or missing units consumed
RD00020522,MTR004113,CUST004113,2023-09-07 13:23:31,Automatic,,307021.3,216.1,48.73,0.847,10.447,1.0432,0,1,Good,,Invalid or missing units consumed
RD00000969,MTR001737,CUST001737,2024-11-28 21:01:31,Automatic,,139058.84,235.2,12.43,,3.183,0.1585,0,0,Good,2024-11-28 21:22:31,Invalid or missing units consumed
RD00011196,MTR001180,CUST001180,2024-01-09 20:31:06,Automatic,,451686.53,235.6,44.01,0.721,117.004,4.1599,0,0,Good,2024-01-09 20:52:06,Invalid or missing units consumed
RD00011419,MTR000151,CUST000151,2024-02-22 02:23:30,Automatic,,0.0,231.2,44.16,0.779,49.417,2.2599,0,0,Good,2024-02-22 02:31:30,Invalid or missing units consumed
RD00028086,MTR002209,CUST002209,,Automatic,,231079.62,209.7,26.08,0.752,,1.6955,0,0,Good,2024-09-05 19:13:59,Invalid or missing units consumed
RD00043740,MTR002469,CUST002469,2023-06-10 21:27:26,Automatic,,414395.06,238.0,12.72,0.795,6.038,0.4715,0,0,Good,2023-06-10 21:41:26,Invalid or missing units consumed
RD00008083,MTR003954,CUST003954,2024-01-04 03:38:47,Manual,,158356.24,235.3,16.95,0.74,4.943,0.1744,0,0,Estimated,2024-01-04 03:49:47,Invalid or missing units consumed
RD00007661,MTR002069,CUST002069,2024-04-19 04:04:25,Automatic,,407109.08,,41.76,0.974,2.171,0.117,0,0,Good,2024-04-19 04:07:25,Invalid or missing units consumed
RD00003268,MTR004331,CUST004331,2022-08-02 12:58:19,Manual,,307826.35,235.0,20.61,0.965,2.019,0.1111,0,0,Good,,Invalid or missing units consumed
RD00021095,MTR003352,CUST003352,2023-11-07 16:17:29,Automatic,,212946.91,-,28.63,0.704,35.59,1.8951,0,0,Good,2023-11-07 16:21:29,Invalid or missing units consumed
RD00045169,MTR004649,CUST004649,2024-10-19 21:56:42,automatic,,345790.51,236.5,11.21,0.704,,0.305,0,0,Estimated,2024-10-19 22:15:42,Invalid or missing units consumed
RD00027339,MTR000029,CUST000029,2022-10-26 01:57:55,Automatic,,40713.41,232.5,33.49,0.781,4.099,0.2451,0,0,Good,2022-10-26 02:10:55,Invalid or missing units consumed
RD00007659,MTR004019,CUST004019,,Estimated,,284783.33,232.0,,0.926,82.598,5.4113,0,0,Good,2023-03-18 12:25:05,Invalid or missing units consumed
RD00034531,MTR000498,CUST000498,2023-11-15 13:30:14,Automatic,,182723.64,241.1,,0.737,4.926,0.5289,0,0,Good,2023-11-15 13:31:14,Invalid or missing units consumed
RD00024502,MTR003506,CUST003506,2024-02-12 14:55:57,Automatic,,317880.96,237.2,3.64,0.929,13.677,0.6021,0,0,Good,2024-02-12 15:19:57,Invalid or missing units consumed
RD00025835,MTR001605,CUST001605,2023-12-29 21:36:56,Automatic,,481301.85,222.8,0.0,0.737,91.248,1.8315,0,0,Good,2023-12-29 21:54:56,Invalid or missing units consumed
RD00039881,MTR000836,CUST000836,,Revised,,242637.98,232.2,11.03,0.952,6.559,0.3136,0,0,Good,,Invalid or missing units consumed
RD00006145,MTR003192,CUST003192,2024-10-15 07:21:31,Automatic,,478596.83,217.1,48.24,0.838,,3.5589,0,0,Good,2024-10-15 07:44:31,Invalid or missing units consumed
RD00047330,,CUST001966,2023-05-24 22:42:25,Estimated,,444035.35,237.3,49.71,0.743,3.538,0.1313,0,0,Good,2023-05-24 22:46:25,Invalid or missing units consumed
RD00010536,MTR000806,CUST000806,,,,406339.3,228.1,22.03,0.0,12.62,0.8288,0,0,Good,2022-04-18 06:18:50,Invalid or missing units consumed
RD00000347,MTR099183,CUST004735,2024-03-07 02:46:56,Automatic,,208019.75,219.3,41.06,0.979,128.871,5.1809,0,0,Good,,Invalid or missing units consumed
RD00041388,MTR004666,CUST004666,2022-11-15 02:43:36,Automatic,,379359670.0,222.2,40.84,0.744,2.507,0.0783,0,0,Good,2022-11-15 03:09:36,Invalid or missing units consumed
RD00020872,MTR003456,,2024-11-23 02:29:45,MANUAL,,231392.22,235.4,1.3,0.996,2.335,0.0727,UNKNOWN,0,,2024-11-23 02:33:45,Invalid or missing units consumed
RD00009962,MTR001462,CUST001462,2023-01-03 02:30:45,Estimated,,84263.92,227.8,24.59,0.913,5.998,0.4063,0,0,,2023-01-03 02:42:45,Invalid or missing units consumed
RD00046676,MTR001554,CUST001554,2024-09-20 04:54:18,Manual,,65130.37,239.5,31.17,0.926,1.884,0.1962,1,0,Good,2024-09-20 05:12:09,Invalid or missing units consumed
RD00041935,MTR001329,CUST001329,2024-07-23 10:29:13,Automatic,,187.28151,0,20.97,0.994,9.809,0.4712,0,0,Suspect,2024-07-23 10:31:13,Invalid or missing units consumed
RD00039735,MTR004546,CUST004546,2024-10-25 09:12:37,Automatic,,118444.67,222.3,48.32,0.832,64.024,3.9914,0,0,Good,2024-10-25 09:20:37,Invalid or missing units consumed
RD00014098,MTR000237,CUST000237,,Automatic,,109872.26,227.6,0.83,0.882,2.571,0.2323,,0,Good,2022-09-12 06:55:51,Invalid or missing units consumed
RD00049371,MTR001153,0,,Revised,,351796.46,212.3,35.68,0.921,2.276,,0,0,Good,,Invalid or missing units consumed
RD00004454,MTR000609,CUST000609,2024-09-03 15:34:32,Automatic,,271523.55,225.4,,0.966,424.623,26.9716,0,0,Good,2024-09-03 15:53:32,Invalid or missing units consumed
RD00013754,MTR003422,CUST003422,2024-02-07 17:39:32,Automatic,,271475.75,UNKNOWN,7.14,0.797,10.769,0.7259,0,0,Good,2024-02-07 18:04:32,Invalid or missing units consumed
RD00004722,MTR002385,CUST002385,2024-09-21 06:29:11,Manual,,348399.37,238.4,28.81,0.718,821.822,79.9473,0,0,Good,2024-09-21 06:48:11,Invalid or missing units consumed
RD00023600,MTR002794,CUST002794,2023-09-10 13:51:02,Automatic,,279971.67,225.2,13.66,0.876,4.706,0.3709,0,0,Good,2023-09-10 14:11:02,Invalid or missing units consumed
RD00036754,MTR003053,CUST003053,2022-03-03 09:21:09,Automatic,,362545.41,235.3,38.12,0.87,4.196,0.2613,0,0,Good,2022-03-03 09:44:09,Invalid or missing units consumed
RD00036204,MTR002618,CUST002618,,Automatic,,394553.32,226.7,0.0,0.941,6.109,0.1962,0,0,Good,2022-10-22 12:09:35,Invalid or missing units consumed
RD00020814,MTR001268,CUST001268,2023-04-30 20:18:10,Automatic,,214735.68,,19.37,0.767,0.0,,0,0,Suspect,,Invalid or missing units consumed
RD00036607,MTR004905,CUST004905,2022-09-29 18:24:23,Automatic,,480424.18,255.9,,0.942,7.87,0.0,0,0,Good,2022-09-29 18:30:23,Invalid or missing units consumed
RD00004952,MTR003258,CUST003258,2023-12-06 06:36:54,Automatic,,40699.72,245.0,25.92,0.996,1.822,0.0656,0,0,Estimated,2023-12-06 06:39:54,Invalid or missing units consumed
RD00006971,MTR002582,CUST002582,2023-08-20 20:20:58,Revised,,191351.66,,41.51,0.0,,3.7103,0,0,Good,2023-08-20 20:38:58,Invalid or missing units consumed
RD00035275,MTR000941,CUST000941,2024-02-10 05:05:12,Manual,,264334.76,228.3,9.47,0.828,18.346,0.5963,0,0,Good,2024-02-10 05:25:12,Invalid or missing units consumed
RD00013581,MTR001323,CUST001323,2024-10-22 23:13:26,AUTOMATIC,,439042.55,219.1,2.8,,3.257,0.0969,0,0,Good,2024-10-22 23:24:26,Invalid or missing units consumed
RD00038966,MTR003865,CUST003865,2022-10-23 10:52:29,Estimated,,16576.4,230.2,46.46,0.974,41.081,0.8541,0,0,Good,2022-10-23 11:19:29,Invalid or missing units consumed
RD00021093,MTR001548,CUST001548,2022-06-20 00:44:45,Manual,,42138.64,203.2,34.6,0.803,50.64,3.4693,0,0,Good,2022-06-20 01:11:45,Invalid or missing units consumed
RD00040288,MTR003193,CUST003193,2024-05-13 17:48:55,Manual,,170716.53,221.3,18.86,0.768,16.117,0.3022,0,0,Good,2024-05-13 17:50:55,Invalid or missing units consumed
RD00008896,MTR002042,CUST002042,,Automatic,,252993.45,247.1,37.4,,3.642,0.1612,0,,Good,2022-10-27 11:18:59,Invalid or missing units consumed
RD00000837,MTR000863,CUST000863,2024-09-03 16:22:41,Estimated,,423672.1,235.9,1.05,0.744,74.91,0.0,0,0,Invalid,2024-09-03 16:29:41,Invalid or missing units consumed
RD00028489,MTR001187,CUST001187,2022-08-21 15:46:03,Manual,,,,19.19,0.757,44.622,1.7421,0,0,Good,2022-08-21 16:04:03,Invalid or missing units consumed
RD00036510,MTR004746,CUST004746,2022-04-13 07:10:25,Automatic,,128414.84,229.4,40.19,0.948,38.338,2.2794,0,0,Good,2022-04-13 07:35:25,Invalid or missing units consumed
RD00026361,MTR004507,CUST004507,2022-06-25 19:49:37,Automatic,,227706.0,,39.95,0.877,9.576,0.514,0,0,Good,2022-06-25 20:19:37,Invalid or missing units consumed
RD00014218,MTR001440,CUST001440,,Automatic,,46561.37,226.7,10.56,0.913,533.307,56.3888,0,,Good,2023-06-07 01:15:13,Invalid or missing units consumed
RD00009813,MTR004522,CUST004522,,Automatic,,321555.5,,27.04,0.708,6.681,0.5221,0,0,Good,2023-01-22 14:38:24,Invalid or missing units consumed
RD00015122,MTR001366,CUST001366,,Automatic,,465888.27,,9.56,0.71,6.707,0.6811,0,0,Good,2024-10-05 19:51:36,Invalid or missing units consumed
RD00030234,MTR004605,CUST004605,,Manual,,364755.88,216.9,7.21,0.866,5.326,0.4725,0,0,Suspect,2022-09-22 02:29:49,Invalid or missing units consumed
RD00010979,MTR003084,CUST003084,2024-01-30 00:55:30,Automatic,,356176.62,232.2,34.27,0.753,5.855,0.3289,0,0,Good,,Invalid or missing units consumed
RD00011646,MTR002187,CUST002187,2024-04-01 06:48:03,Manual,,397596.01,215.3,25.92,,78.632,6.522,0,0,Good,2024-04-01 06:49:03,Invalid or missing units consumed
RD00039277,MTR000303,CUST000303,2022-10-29 00:46:47,Estimated,,373709.75,,16.74,0.876,37.635,3.9418,0,0,Good,,Invalid or missing units consumed
RD00022774,MTR002854,CUST002854,2022-02-12 03:46:47,Automatic,,306811.25,231.8,25.85,0.948,65.303,1.9599,0,0,Good,,Invalid or missing units consumed
RD00039172,MTR004365,CUST004365,2023-09-06 15:49:51,Automatic,,84375.46,218.8,5.62,0.734,9.256,0.5255,0,0,Good,2023-09-06 15:56:51,Invalid or missing units consumed
RD00011342,MTR002028,CUST002028,2024-07-12 19:04:23,Automatic,,434924.63,235.5,18.8,0.791,15.169,0.6995,0,0,Good,2024-07-12 19:05:23,Invalid or missing units consumed
RD00016981,MTR001487,CUST001487,2024-01-30 10:27:07,Automatic,,160712.09,242.7,,0.731,,1.9037,0,0,Good,2024-01-30 10:40:07,Invalid or missing units consumed
RD00018130,MTR003479,CUST003479,2023-01-30 10:22:53,Automatic,,10619.92,229.1,21.44,0.99,3.814,0.1781,0,0,Good,2023-01-30 10:23:53,Invalid or missing units consumed
RD00010083,MTR003577,CUST003577,2024-02-28 12:04:16,,,214382.65,213.4,49.72,0.787,7.317,0.249,0,0,Good,,Invalid or missing units consumed
RD00041753,MTR002349,CUST002349,2023-11-07 21:02:58,Estimated,,132720.51,219.6,21.58,0.818,,53.259,0,0,Good,2023-11-07 21:20:58,Invalid or missing units consumed
RD00031554,MTR004065,CUST004065,2024-12-30 18:56:46,Estimated,,283783.67,227.5,22.15,0.729,66.242,1.7028,0,0,Good,2024-12-30 19:04:46,Invalid or missing units consumed
RD00001805,MTR000748,CUST000748,2023-06-12 08:22:58,Automatic,,137.93576000000002,-,38.63,0.875,39.838,3.1244,0,0,Good,2023-06-12 08:38:58,Invalid or missing units consumed
RD00023479,MTR003110,CUST003110,2022-11-20 16:07:35,Manual,,365762.39,230.8,20.05,0.839,9.454,0.4272,0,0,Good,2022-11-20 16:16:35,Invalid or missing units consumed
RD00038818,MTR003839,CUST003839,2023-10-23 13:52:36,Automatic,,272839.83,225.5,34.62,0.852,11.302,0.3542,,0,Good,2023-10-23 14:09:36,Invalid or missing units consumed
RD00015889,MTR000844,CUST000844,2023-02-25 14:23:55,Automatic,,474456.48,226.3,5.73,0.741,5.197,0.2845,0,0,Good,2023-02-25 14:50:55,Invalid or missing units consumed
RD00005867,MTR002709,CUST002709,2022-12-26 08:21:28,Automatic,,237334.44,237.2,49.99,0.747,93.394,3.4841,0,0,Good,2022-12-26 08:46:28,Invalid or missing units consumed
RD00001461,MTR003797,CUST003797,2024-03-01 19:15:15,Automatic,,322562.39,230.3,23.03,0.915,5.244,0.2611,1,0,Good,2024-03-01 19:17:15,Invalid or missing units consumed
RD00013400,MTR002975,CUST002975,2024-06-24 20:55:46,Automatic,,39067.81,256.9,10.66,,42.407,2.3207,0,0,Invalid,2024-06-24 21:14:46,Invalid or missing units consumed
RD00018427,MTR002151,CUST002151,2024-01-30 20:49:14,Automatic,,177321.93,225.4,44.56,0.944,14.405,1.1484,0,0,Good,,Invalid or missing units consumed
RD00019603,MTR004015,CUST004015,2022-12-21 05:14:12,Estimated,,261764.83,232.9,16.11,0.765,3.924,0.2385,0,0,Good,2022-12-21 05:15:12,Invalid or missing units consumed
RD00041521,MTR003751,CUST003751,2024-11-05 15:01:22,Automatic,,329938.66,224.7,29.16,0.741,1.531,0.1107,0,0,Good,2024-11-05 15:17:22,Invalid or missing units consumed
RD00036560,MTR002295,CUST002295,2024-06-23 20:47:18,Automatic,,136265.34,237.8,18.39,0.808,,0.1452,0,0,Good,,Invalid or missing units consumed
RD00041997,MTR001187,CUST001187,2023-04-06 01:02:14,Manual,,,220.0,36.42,0.741,11.1,0.3831,0,,Estimated,,Invalid or missing units consumed
RD00020917,MTR002651,CUST002651,2024-03-07 11:38:53,Automatic,,17074.75,221.0,15.39,0.773,3.375,0.3274,0,0,Good,2024-03-07 11:53:02,Invalid or missing units consumed
RD00034312,MTR004076,CUST004076,2022-10-06 22:51:50,Automatic,,217721.59,227.1,34.54,0.717,1.002,0.0452,0,0,Good,2022-10-06 23:13:50,Invalid or missing units consumed
RD00037578,MTR000739,CUST000739,2024-10-16 22:58:58,Revised,,129040.1,230.7,32.03,,,3.8082,0,,Invalid,2024-10-16 22:59:58,Invalid or missing units consumed
RD00043222,MTR000866,CUST000866,2024-11-10 04:06:55,Automatic,,307913.88,226.0,48.72,0.891,20.871,1.6867,0,0,Good,2024-11-10 04:12:55,Invalid or missing units consumed
RD00032575,MTR001546,CUST001546,2024-08-05 21:48:01,AUTOMATIC,,389049.57,231.0,24.25,0.844,43.018,2.638,0,0,Good,2024-08-05 22:17:01,Invalid or missing units consumed
RD00000686,UNKNOWN,CUST003568,2024-12-13 07:26:08,Automatic,,308146.78,233.3,4.27,0.876,93.735,8.039,0,0,Good,2024-12-13 07:32:08,Invalid or missing units consumed
RD00005248,,CUST000471,2023-12-01 05:09:17,Automatic,,91114.98,241.0,7.16,0.889,21.114,1.5084,0,0,Good,2023-12-01 05:37:17,Invalid or missing units consumed
RD00043682,MTR002481,CUST002481,2022-06-22 06:45:01,Automatic,,183289.94,228.1,49.38,0.84,34.288,,0,0,Estimated,,Invalid or missing units consumed
RD00047783,MTR004678,CUST004678,2022-04-25 00:29:04,Estimated,,202013.47,228.7,,0.958,2.791,0.3345,0,0,Estimated,2022-04-25 00:41:04,Invalid or missing units consumed
RD00040385,MTR001499,CUST001499,2022-01-23 22:21:50,Automatic,,108205.08,233.8,10.44,0.89,6.47,0.4663,0,0,Good,,Invalid or missing units consumed
RD00043914,MTR000252,CUST000252,2023-02-27 10:41:39,Revised,,94616.92,223.9,21.97,0.882,1.191,0.0801,0,0,Good,2023-02-27 10:45:39,Invalid or missing units consumed
RD00043768,MTR004249,CUST004249,2023-03-02 08:10:08,Manual,,,234.0,38.35,0.767,7.052,0.3286,0,0,0,2023-03-02 08:13:08,Invalid or missing units consumed
RD00015186,MTR003867,CUST003867,2024-04-18 10:13:42,Revised,,173505.01,215.0,34.06,,3.108,0.3345,0,0,Good,2024-04-18 10:32:42,Invalid or missing units consumed
RD00038937,MTR004722,CUST004722,2024-03-10 18:07:12,Automatic,,367749.98,216.1,6.9,0.96,,0.052,0,,Good,,Invalid or missing units consumed
RD00048929,MTR000165,CUST000165,2022-04-22 17:23:42,Automatic,,253766.64,231.2,47.94,0.81,68.004,,0,0,Good,,Invalid or missing units consumed
RD00042166,MTR001066,CUST001066,2022-06-06 21:02:17,Automatic,,25642.02,217.1,49.21,,4.85,0.43,0,0,Good,2022-06-06 21:24:17,Invalid or missing units consumed
RD00012174,MTR000309,CUST000309,2024-08-07 18:01:15,Manual,,115572.81,214.6,44.16,0.866,822.082,53.7896,0,0,Good,2024-08-07 18:24:15,Invalid or missing units consumed
RD00036245,MTR000889,CUST000889,2024-05-03 01:26:08,Automatic,,68461.83,225.3,15.66,0.852,863.093,0.0,0,0,Good,,Invalid or missing units consumed
RD00047245,MTR004205,CUST004205,2023-02-01 21:27:33,Manual,,313913.55,240.8,45.14,0.799,43.553,2.4913,0,0,good,2023-02-01 21:45:33,Invalid or missing units consumed
RD00004120,MTR003483,CUST003483,2023-12-04 11:31:55,Automatic,,315653.88,246.1,10.89,,4.878,0.364,0,,Good,2023-12-04 11:33:55,Invalid or missing units consumed
RD00048912,MTR001971,CUST001971,2022-04-22 10:04:50,Automatic,,367697.73,235.2,32.13,0.898,490.172,37.3672,0,0,Good,2022-04-22 10:32:50,Invalid or missing units consumed
RD00032573,MTR004582,CUST004582,,Manual,,311027.65,246.6,27.72,0.898,723.984,89.9654,0,0,GOOD,2023-12-28 14:52:10,Invalid or missing units consumed
RD00011840,MTR003009,CUST003009,2023-07-27 14:22:47,Automatic,,106.84651,214.2,49.17,0.742,3.928,0.3573,0,0,Suspect,2023-07-27 14:44:47,Invalid or missing units consumed
RD00049719,MTR001368,0,2024-06-28 08:44:11,Automatic,,159874.33,204.4,6.9,0.716,27.975,2.3605,0,0,Good,2024-06-28 09:10:11,Invalid or missing units consumed
RD00030896,MTR003077,CUST003077,2022-10-20 13:44:12,Automatic,,131439.96,219.9,41.71,,0.0,0.0,0,0,Good,2022-10-20 13:47:12,Invalid or missing units consumed
RD00035594,MTR000166,CUST000166,2024-10-12 00:27:50,Estimated,,442865.1,232.0,0.0,0.959,2.073,0.1799,0,0,Good,2024-10-12 00:54:50,Invalid or missing units consumed
RD00045762,MTR001470,CUST001470,,Automatic,,403252.47,232.5,,,,0.1567,,0,Good,2024-06-24 16:22:23,Invalid or missing units consumed
RD00014373,MTR000251,CUST000251,2022-12-07 08:40:02,Automatic,,88086.88,UNKNOWN,15.67,0.923,19.358,1.1166,0,0,Good,2022-12-07 08:59:02,Invalid or missing units consumed
RD00009902,,CUST000209,2023-04-19 16:41:48,Automatic,,,239.3,25.61,0.77,1.053,0.0362,0,0,Good,2023-04-19 16:45:48,Invalid or missing units consumed
RD00044443,MTR001935,CUST001935,2023-09-17 00:49:48,Estimated,,432381.26,UNKNOWN,30.18,0.984,1.382,0.1386,0,0,Good,2023-09-17 00:57:48,Invalid or missing units consumed
RD00020386,MTR001396,CUST001396,2024-04-04 12:37:21,Automatic,,285259.31,250.6,48.47,1.0,298.907,22.0435,0,0,Good,2024-04-04 12:47:21,Invalid or missing units consumed
RD00048772,MTR001130,CUST001130,2023-09-09 10:26:02,Automatic,,326035.04,244.1,46.69,0.754,26.041,0.8862,0,0,UNKNOWN,2023-09-09 10:40:02,Invalid or missing units consumed
RD00031448,MTR003212,CUST003212,2023-10-06 06:56:11,Automatic,,470115.46,246.2,24.15,0.954,4.225,0.1001,0,0,Good,2023-10-06 07:20:11,Invalid or missing units consumed
RD00040705,MTR000757,CUST000757,2022-07-22 21:02:45,Estimated,,476990.33,231.0,25.08,0.982,19.743,0.4438,0,1,Good,2022-07-22 21:20:45,Invalid or missing units consumed
RD00022240,MTR002838,CUST002838,2023-11-24 04:11:07,Manual,,114290.34,238.1,17.12,0.931,,0.4195,0,0,Good,2023-11-24 04:29:07,Invalid or missing units consumed
RD00042615,MTR002901,CUST002901,2022-06-06 04:59:02,Manual,,287931.18,223.5,45.53,0.844,3.841,,0,0,Good,2022-06-06 05:11:02,Invalid or missing units consumed
RD00045021,MTR001482,CUST001482,2023-12-16 13:36:11,Automatic,,419.86683,220.2,11.85,0.736,28.133,1.6966,0,1,Good,2023-12-16 13:52:11,Invalid or missing units consumed
RD00008116,MTR004599,CUST004599,2023-12-22 15:23:31,Automatic,,206529.03,215.0,17.12,0.912,3.279,0.3252,0,0,Good,2023-12-22 15:35:31,Invalid or missing units consumed
RD00009151,MTR003380,CUST003380,2022-07-05 17:40:43,Automatic,,31165.49,242.0,35.66,0.893,6.36,0.1808,0,0,Good,2022-07-05 18:01:43,Invalid or missing units consumed
RD00018377,MTR004664,CUST004664,2024-02-16 02:10:07,Automatic,,445514.43,,14.57,0.894,,0.0542,0,0,Good,2024-02-16 02:15:07,Invalid or missing units consumed
RD00030611,MTR000689,CUST000689,,Manual,,71324.33,228.1,31.43,0.788,154.839,6.2361,0,0,Good,,Invalid or missing units consumed
RD00017896,MTR004804,CUST004804,2022-12-21 11:18:02,Automatic,,,249.8,34.73,0.746,,0.6876,0,0,Estimated,2022-12-21 11:23:02,Invalid or missing units consumed
RD00013676,MTR003960,CUST003960,2023-12-18 20:30:43,Automatic,,179338.69,224.6,8.36,0.91,6.539,,0,0,Estimated,2023-12-18 20:59:43,Invalid or missing units consumed
RD00012912,MTR003132,CUST003132,2022-09-26 10:01:25,Automatic,,420606.59,223.9,1.98,0.817,5.811,0.2253,1,0,Good,2022-09-26 10:09:25,Invalid or missing units consumed
RD00005198,MTR003643,CUST003643,2024-09-23 05:05:42,Revised,,298331.12,225.6,39.18,0.932,0.527,0.0187,0,0,Good,2024-09-23 05:33:42,Invalid or missing units consumed
RD00002288,MTR003464,CUST003464,2022-10-25 01:11:33,Automatic,,90484.79,-,43.7,0.768,22.832,0.7423,0,0,Good,2022-10-25 01:34:33,Invalid or missing units consumed
RD00028366,MTR001988,CUST001988,2024-10-28 13:43:12,Automatic,,254073.68,234.8,15.81,0.932,3.894,0.1496,0,0,Invalid,2024-10-28 14:05:47,Invalid or missing units consumed
RD00002546,MTR003074,CUST003074,2022-02-22 02:43:50,Automatic,,90179.22,235.8,16.49,0.877,17.343,,0,0,Good,2022-02-22 02:53:50,Invalid or missing units consumed
RD00014356,MTR002487,CUST002487,2023-04-23 14:02:27,ESTIMATED,,226814.22,229.5,31.66,0.977,1.866,0.1049,0,0,Good,,Invalid or missing units consumed
RD00011620,,CUST004424,2024-05-15 08:29:28,Automatic,,63117.84,253.8,47.08,,808.098,44.4336,0,0,,2024-05-15 08:46:28,Invalid or missing units consumed
RD00037682,MTR000361,CUST000361,2023-04-05 07:18:52,Revised,,229324.86,219.2,28.25,0.737,,0.2562,0,0,Good,2023-04-05 07:38:52,Invalid or missing units consumed
RD00034976,MTR001393,CUST001393,2022-10-25 22:00:15,Automatic,,440862.63,240.4,32.63,0.949,635.36,20.8607,0,0,Good,2022-10-25 22:09:15,Invalid or missing units consumed
RD00024519,MTR000789,CUST000789,2024-08-29 09:38:44,Automatic,,,235.4,22.56,0.767,9.595,0.2366,0,0,,2024-08-29 10:05:44,Invalid or missing units consumed
RD00025361,MTR003015,CUST003015,,Automatic,,376363.82,,41.07,0.896,4.273,0.3376,0,0,Good,2023-07-11 23:35:21,Invalid or missing units consumed
RD00028250,MTR004886,CUST004886,2022-03-17 06:47:44,Manual,,190634.24,,9.93,0.975,7.463,,1,0,Good,2022-03-17 07:02:44,Invalid or missing units consumed
RD00021853,MTR000566,CUST000566,2022-03-28 05:24:06,MANUAL,,176406.1,230.3,9.9,0.803,1.133,0.0453,1,0,Good,2022-03-28 05:38:06,Invalid or missing units consumed
RD00014596,MTR003987,CUST003987,2022-12-15 10:39:58,Estimated,,23464820.0,225.1,20.45,0.853,7.413,0.1556,0,0,Good,2022-12-15 11:01:58,Invalid or missing units consumed
RD00049553,MTR004911,CUST004911,2023-11-06 17:06:48,Automatic,,95934.12,237.4,37.71,0.804,6.348,0.4218,0,0,Good,2023-11-06 17:22:48,Invalid or missing units consumed
RD00029698,MTR001570,CUST001570,,Automatic,,310418.01,256.8,0.0,0.939,67.567,2.3501,0,0,Good,2023-04-17 10:50:32,Invalid or missing units consumed
RD00042929,MTR000226,CUST000226,2024-12-27 12:26:29,Automatic,,161008.89,240.6,2.88,0.741,0.0,0.4612,0,0,Good,2024-12-27 12:52:29,Invalid or missing units consumed
RD00037009,MTR004340,CUST004340,2024-10-01 18:48:05,Estimated,,323656.1,236.4,37.71,0.0,138.868,3.3075,0,0,suspect,2024-10-01 18:49:05,Invalid or missing units consumed
RD00004590,MTR000194,CUST000194,2022-02-09 18:36:51,Manual,,0.0,224.3,10.86,0.877,121.147,4.4606,0,0,Good,2022-02-09 18:49:51,Invalid or missing units consumed
RD00020499,MTR004165,CUST004165,2023-01-29 16:22:17,Automatic,,356156.46,234.2,32.15,0.884,2.814,,0,0,Good,2023-01-29 16:41:17,Invalid or missing units consumed
RD00032440,MTR004041,CUST004041,2022-08-10 08:34:07,Automatic,,490085.37,219.0,11.21,0.982,1073.871,67.5069,0,0,Estimated,2022-08-10 08:53:07,Invalid or missing units consumed
RD00035070,UNKNOWN,CUST001520,2023-04-24 09:21:02,Automatic,,314486.24,232.8,31.5,0.971,34.209,1.3113,,0,Good,2023-04-24 09:45:02,Invalid or missing units consumed
RD00012957,MTR004255,CUST004255,2023-05-24 12:35:54,Automatic,,287655.46,218.2,,0.774,7.115,0.5536,0,0,0,2023-05-24 12:38:54,Invalid or missing units consumed
RD00035537,MTR003167,CUST003167,2023-03-11 07:57:56,Manual,,388693.95,241.5,36.51,0.73,567.985,43.4747,0,0,Good,2023-03-11 08:26:56,Invalid or missing units consumed
RD00001766,MTR001509,CUST001509,2023-12-25 07:24:35,Estimated,,213071.53,215.1,11.57,0.934,0.0,2.9658,0,0,Good,2023-12-25 07:34:35,Invalid or missing units consumed
RD00016716,MTR000636,CUST000636,2023-08-03 21:41:34,Automatic,,418924.32,206.5,32.59,0.824,190.653,8.5648,0,0,Good,2023-08-03 22:04:34,Invalid or missing units consumed
RD00030820,MTR001387,CUST001387,,Automatic,,107097.02,213.5,45.24,,25.418,2.4557,0,0,Good,2024-04-13 17:46:11,Invalid or missing units consumed
RD00000122,,CUST002351,2024-01-19 09:00:13,Automatic,,361539.26,254.0,7.84,0.972,,2.0568,0,0,Good,,Invalid or missing units consumed
RD00035826,MTR001359,CUST001359,2024-09-20 06:58:02,Manual,,379.27993,231.4,37.01,0.727,,8.476,0,0,Good,2024-09-20 07:09:02,Invalid or missing units consumed
RD00036770,MTR004912,CUST004912,2024-11-18 22:09:18,Automatic,,180552.43,243.0,28.13,0.775,113.388,4.7234,0,0,Good,2024-11-18 22:35:18,Invalid or missing units consumed
RD00030250,MTR003021,CUST003021,,Automatic,,410229660.0,220.7,12.74,0.969,3.984,0.1718,,0,Good,2023-09-02 07:46:09,Invalid or missing units consumed
RD00047068,MTR004852,CUST004852,2023-06-01 19:38:59,Automatic,,210078.2,220.5,,0.987,9.532,0.3271,0,0,Good,2023-06-01 20:02:59,Invalid or missing units consumed
RD00027827,MTR001713,CUST001713,2023-08-02 09:36:00,Automatic,,18839.9,245.4,16.52,,5.188,0.2031,1,0,Good,2023-08-02 09:59:00,Invalid or missing units consumed
RD00028686,MTR002814,CUST002814,2022-12-31 17:18:40,Manual,,12305.81,228.6,46.21,0.86,,0.5521,0,0,Good,2022-12-31 17:23:40,Invalid or missing units consumed
RD00021847,MTR004938,CUST004938,2022-03-02 09:45:18,Automatic,,435922.41,238.1,26.88,0.921,21.202,1.7901,0,0,-,2022-03-02 09:57:18,Invalid or missing units consumed
RD00027354,MTR003597,CUST003597,2022-04-21 16:54:16,Automatic,,130941.19,212.4,30.68,0.924,225.911,13.3009,0,0,Good,2022-04-21 17:06:16,Invalid or missing units consumed
RD00037878,MTR003590,CUST003590,2022-08-12 16:54:16,Manual,,,225.6,28.42,0.768,10.28,0.975,0,0,Good,2022-08-12 16:57:16,Invalid or missing units consumed
RD00035367,MTR002221,UNKNOWN,,Automatic,,130637.81,237.3,16.21,0.972,1.626,0.0566,0,0,Good,2022-11-02 07:03:06,Invalid or missing units consumed
RD00008106,MTR000932,CUST000932,2023-07-01 17:06:40,Automatic,,,225.8,6.55,0.921,15.949,0.945,0,0,Good,2023-07-01 17:10:40,Invalid or missing units consumed
RD00034715,MTR099977,CUST004409,2024-12-06 18:14:51,Revised,,35323.78,237.0,9.25,0.999,,0.6902,0,0,Good,2024-12-06 18:38:51,Invalid or missing units consumed
RD00013947,MTR003017,CUST003017,2024-04-05 13:28:24,Automatic,,275569.99,229.3,23.56,0.883,5.157,0.6357,0,0,Good,2024-04-05 13:33:24,Invalid or missing units consumed
RD00028103,MTR002968,-,2024-01-27 10:46:02,Automatic,,427051.4,224.8,0.0,0.835,2.396,0.1566,0,0,Good,2024-01-27 11:12:02,Invalid or missing units consumed
RD00039188,MTR000875,CUST000875,2023-08-09 01:07:13,Automatic,,193702.4,234.5,27.81,0.953,1.103,0.0751,0,0,Good,2023-08-09 01:29:13,Invalid or missing units consumed
RD00032684,MTR002924,CUST002924,,Automatic,,,221.7,2.33,0.862,73.66,7.8654,0,0,Good,2022-10-10 09:06:07,Invalid or missing units consumed
RD00013249,MTR002112,CUST002112,,Automatic,,202973.9,226.0,29.19,0.877,2.058,0.1636,0,0,Suspect,2023-12-18 02:25:23,Invalid or missing units consumed
RD00048901,MTR000701,CUST000701,2022-03-03 23:27:37,Automatic,,27789.07,230.1,39.03,0.711,0.831,0.0679,0,0,Good,2022-03-03 23:38:37,Invalid or missing units consumed
RD00025401,MTR004581,CUST004581,2023-12-11 18:29:15,Automatic,,335994.97,-,3.51,,7.815,0.3145,0,0,Suspect,2023-12-11 18:59:15,Invalid or missing units consumed
RD00024824,MTR001563,CUST001563,2022-05-19 05:31:12,Automatic,,75311.98,219.7,,0.767,8.977,0.2933,,0,Estimated,2022-05-19 05:36:12,Invalid or missing units consumed
RD00042498,MTR004688,CUST004688,2023-05-28 14:59:11,Automatic,,221326.1,,22.62,0.818,,9.7367,0,0,Good,2023-05-28 15:14:11,Invalid or missing units consumed
RD00014036,MTR000493,CUST000493,2024-04-05 03:03:19,,,453622.54,227.3,16.87,0.751,2.636,0.102,0,0,Good,2024-04-05 03:11:19,Invalid or missing units consumed
RD00032731,MTR000589,CUST000589,2023-05-03 09:18:57,Automatic,,37023.79,229.7,47.18,,6.828,0.2527,0,0,Good,2023-05-03 09:41:57,Invalid or missing units consumed
RD00048212,MTR002443,CUST002443,2022-01-21 08:10:51,Manual,,313091.65,234.0,4.78,0.944,74.946,5.1227,0,0,,2022-01-21 08:17:51,Invalid or missing units consumed
RD00028469,MTR001346,CUST001346,2024-11-21 19:42:06,Manual,,154453.93,228.5,7.79,0.838,8.921,0.6299,0,0,Good,2024-11-21 20:04:06,Invalid or missing units consumed
RD00040583,MTR004588,CUST004588,2024-05-01 13:29:47,Automatic,,188571.0,228.1,43.55,0.93,,0.3814,0,0,Good,2024-05-01 13:35:47,Invalid or missing units consumed
RD00046027,MTR000793,CUST000793,2023-01-03 07:35:28,Automatic,,491276.18,251.7,10.84,0.903,,9.708,1,1,Estimated,2023-01-03 07:45:28,Invalid or missing units consumed
RD00006789,MTR003866,CUST003866,,,,412555.37,219.7,5.3,0.916,268.813,6.5869,0,0,UNKNOWN,,Invalid or missing units consumed
RD00014463,MTR004295,CUST004295,,Automatic,,458441.21,-,45.61,,13.285,0.7736,0,0,Invalid,2024-01-29 06:55:40,Invalid or missing units consumed
RD00019282,MTR003347,CUST003347,2023-11-08 09:13:53,Manual,,,219.7,13.43,0.887,106.719,2.8486,0,0,Good,,Invalid or missing units consumed
RD00020467,MTR003617,CUST003617,2023-05-25 22:30:44,manual,,355348.28,231.8,20.24,0.881,8.368,0.3006,0,0,Good,,Invalid or missing units consumed
RD00041284,MTR001491,CUST001491,,Automatic,,147474.56,237.0,25.76,0.889,4.285,0.0964,0,0,Good,2023-09-08 05:55:48,Invalid or missing units consumed
RD00048055,MTR001693,CUST001693,2023-06-08 18:40:43,Automatic,,319393.81,226.8,6.13,,5.689,0.1803,0,0,Good,2023-06-08 19:01:43,Invalid or missing units consumed
RD00030562,MTR001312,CUST001312,2022-08-03 11:37:29,Automatic,,281947.68,230.5,2.6,0.0,11.819,0.3432,0,0,Good,2022-08-03 11:49:29,Invalid or missing units consumed
RD00027975,MTR004900,CUST004900,,Automatic,,132112.89,226.0,28.34,0.718,8.59,0.5216,0,0,Good,2023-09-18 18:32:16,Invalid or missing units consumed
RD00012729,MTR004828,CUST004828,2023-01-12 18:59:41,Automatic,,113906.14,236.5,46.15,0.705,27.415,1.5171,0,0,Estimated,2023-01-12 19:10:41,Invalid or missing units consumed
RD00037870,MTR003480,CUST003480,,Automatic,,479448.85,223.1,31.8,0.715,9.281,0.3922,0,0,Good,2023-05-03 11:21:12,Invalid or missing units consumed
RD00027595,MTR002080,CUST002080,,Automatic,,490227.47,242.6,25.93,0.885,20.384,,0,0,Invalid,2022-12-28 11:42:53,Invalid or missing units consumed
RD00005415,MTR000421,,,Revised,,93325.18,236.1,48.06,0.715,38.483,2.4454,0,0,Good,2022-07-21 20:17:50,Invalid or missing units consumed
RD00015053,MTR002087,CUST002087,2023-08-10 15:35:24,MANUAL,,311447.68,233.3,31.56,0.815,115.876,4.8645,0,0,Good,2023-08-10 16:05:24,Invalid or missing units consumed
RD00048876,MTR004878,CUST004878,2023-04-30 17:52:21,Automatic,,444718.03,241.9,37.32,0.0,1.187,0.059,0,0,Good,2023-04-30 18:13:21,Invalid or missing units consumed
RD00034317,MTR099674,CUST003874,2024-03-25 20:58:02,Automatic,,430331.34,226.9,26.59,0.852,0.969,0.0375,0,0,Good,2024-03-25 21:18:02,Invalid or missing units consumed
RD00047964,MTR000792,CUST000792,2022-04-07 17:19:20,Manual,,28777.12,231.8,35.73,0.963,7.267,0.5103,0,0,Good,2022-04-07 17:40:20,Invalid or missing units consumed
RD00049173,MTR001465,CUST001465,2023-02-28 04:32:17,Manual,,444341.96,224.4,2.84,0.976,1.651,0.0771,0,0,Estimated,2023-02-28 04:42:17,Invalid or missing units consumed
RD00047111,MTR002758,CUST002758,2024-02-22 17:10:00,Manual,,466639.87,247.2,36.5,0.737,2.2,0.1065,0,0,Good,2024-02-22 17:13:00,Invalid or missing units consumed
RD00027373,MTR004610,CUST004610,,Automatic,,82845.47,236.7,4.94,0.747,16.219,0.441,0,0,Invalid,2024-05-13 19:51:27,Invalid or missing units consumed
RD00049229,MTR001148,CUST001148,2023-10-30 21:19:53,Automatic,,233315.23,224.0,10.59,0.776,9.796,0.6726,0,0,GOOD,,Invalid or missing units consumed
RD00023020,MTR004408,CUST004408,,Estimated,,55292.99,225.1,25.09,0.964,2.405,0.1465,,0,Good,2022-04-17 02:37:18,Invalid or missing units consumed
RD00035268,MTR004423,CUST004423,2024-10-05 10:51:43,Manual,,250617.57,219.7,1.64,0.925,651.854,23.4493,0,0,GOOD,2024-10-05 11:01:43,Invalid or missing units consumed
RD00036100,MTR002275,0,2022-12-29 07:51:40,Automatic,,306001.43,236.3,11.43,0.807,3.776,,0,0,Good,,Invalid or missing units consumed
RD00019103,MTR002859,CUST002859,2023-06-02 02:24:02,Manual,,404603.06,228.6,33.86,0.719,577.459,10.8371,0,0,Good,2023-06-02 02:31:02,Invalid or missing units consumed
RD00020917,MTR002651,CUST002651,2024-03-07 11:38:08,Automatic,,17074.75,221.0,15.39,0.773,3.375,0.3274,0,0,Good,2024-03-07 11:52:08,Invalid or missing units consumed
RD00035091,MTR000834,CUST000834,2022-04-27 11:16:35,Estimated,,206754.27,222.1,41.54,0.803,75.275,3.7661,0,0,Good,,Invalid or missing units consumed
RD00020186,MTR002393,CUST002393,2024-07-22 20:03:28,Manual,,124111.49,0,35.08,0.936,667.7,41.8003,0,0,GOOD,2024-07-22 20:12:28,Invalid or missing units consumed
RD00044190,MTR002352,CUST002352,2024-01-30 08:39:28,Automatic,,69579.1,233.6,25.42,0.802,57.048,3.6348,0,0,Good,2024-01-30 08:45:16,Invalid or missing units consumed
RD00034207,MTR004085,CUST004085,2024-10-03 14:56:26,Estimated,,257877.17,211.0,25.28,0.904,8.845,0.2087,0,0,Good,2024-10-03 15:23:26,Invalid or missing units consumed
RD00047103,MTR003083,CUST003083,2022-09-01 12:29:46,Automatic,,271904.89,,12.44,0.932,58.042,,0,0,Good,,Invalid or missing units consumed
RD00044620,MTR099754,CUST002645,2024-03-10 11:47:09,Manual,,236236.99,236.9,34.28,0.766,28.637,1.3881,0,0,Good,2024-03-10 12:15:09,Invalid or missing units consumed
RD00019556,MTR000542,UNKNOWN,2022-03-18 17:56:09,Automatic,,272008.9,230.2,12.14,0.741,5.573,0.3302,0,0,Good,2022-03-18 18:18:09,Invalid or missing units consumed
RD00032049,MTR001524,CUST001524,2024-01-18 15:19:08,Automatic,,120687.95,241.8,43.81,0.806,4.673,0.2722,0,0,Good,2024-01-18 15:23:08,Invalid or missing units consumed
RD00013638,MTR004978,CUST004978,2022-01-21 17:34:10,Estimated,,235443.28,239.2,19.95,0.862,,0.3248,0,0,Good,2022-01-21 17:42:10,Invalid or missing units consumed
RD00009617,MTR000548,CUST000548,2024-05-16 01:29:02,Automatic,,470947.14,207.0,,0.945,6.305,0.3467,0,0,Invalid,2024-05-16 01:30:02,Invalid or missing units consumed
RD00033421,MTR001446,CUST001446,2023-11-17 07:55:03,0,,235954.06,242.9,22.57,0.97,1.74,0.0565,1,0,0,2023-11-17 08:02:03,Invalid or missing units consumed
RD00010330,MTR002993,CUST002993,2023-10-29 11:50:40,manual,,179792.29,230.0,16.51,0.782,6.784,0.235,0,0,Good,2023-10-29 12:14:40,Invalid or missing units consumed
RD00007849,MTR000713,CUST000713,,Automatic,,352926.54,221.3,36.92,0.887,120.154,3.8951,0,0,Good,2023-05-11 21:13:03,Invalid or missing units consumed
RD00033597,MTR001438,CUST001438,2022-05-30 14:06:46,Automatic,,134432.36,230.8,11.44,0.814,7.83,0.4346,0,0,Good,2022-05-30 14:08:46,Invalid or missing units consumed
RD00030486,MTR001251,CUST001251,2024-12-07 15:53:52,Automatic,,11046.93,239.9,23.08,0.925,38.085,1.9432,0,0,Suspect,2024-12-07 16:15:52,Invalid or missing units consumed
RD00022811,MTR002092,CUST002092,2023-06-07 03:40:54,Revised,,308757.99,208.7,8.22,0.915,2.299,0.1234,0,0,Good,2023-06-07 04:04:54,Invalid or missing units consumed
RD00030780,MTR000750,CUST000750,2022-10-03 01:07:29,Automatic,,246108.35,212.5,2.2,0.99,5.79,0.1916,UNKNOWN,0,Estimated,,Invalid or missing units consumed
RD00029656,MTR003856,CUST003856,2024-07-15 21:24:21,Automatic,,329426.24,221.5,30.41,0.872,78.653,4.1523,0,0,UNKNOWN,2024-07-15 21:33:21,Invalid or missing units consumed
RD00013548,MTR002470,CUST002470,2023-12-16 16:58:46,Automatic,,238067.74,234.9,,0.735,272.587,15.0443,,1,Invalid,2023-12-16 17:09:46,Invalid or missing units consumed
RD00021149,MTR004015,CUST004015,2022-09-23 02:12:40,Estimated,,,228.0,22.24,0.819,4.458,,0,0,,2022-09-23 02:32:40,Invalid or missing units consumed
RD00038750,MTR004858,CUST004858,2022-01-16 17:35:12,Manual,,219722.0,233.2,12.08,,0.799,0.0594,-,0,Good,2022-01-16 17:50:12,Invalid or missing units consumed
RD00044323,MTR004470,CUST004470,2022-01-13 04:45:38,Automatic,,279978.98,245.9,36.28,0.777,6.539,0.1768,0,0,Good,2022-01-13 04:52:38,Invalid or missing units consumed
RD00031458,MTR000315,CUST000315,,Manual,,160394.19,235.0,1.05,0.779,3.909,0.361,1,0,Good,2024-12-01 04:18:19,Invalid or missing units consumed
RD00025808,MTR002140,CUST002140,2022-08-08 08:15:58,Estimated,,440829.2,231.8,35.79,0.847,3.05,0.1465,0,0,Good,2022-08-08 08:17:58,Invalid or missing units consumed
RD00032888,MTR002360,CUST002360,2022-10-21 09:33:56,Manual,,,236.0,34.61,0.865,4.823,0.3735,0,0,Good,2022-10-21 10:00:56,Invalid or missing units consumed
RD00047023,MTR000984,CUST000984,2022-02-25 17:16:24,Automatic,,481537.44,,18.66,,3.806,0.1554,0,0,Good,2022-02-25 17:37:24,Invalid or missing units consumed
RD00049368,MTR000675,CUST000675,2023-09-20 20:14:55,Manual,,199502.74,230.3,43.33,0.953,9.45,1.0461,0,0,Good,2023-09-20 20:19:55,Invalid or missing units consumed
RD00016398,MTR004715,CUST004715,2023-12-26 13:24:33,Automatic,,327862.69,218.7,7.88,,8.496,0.1705,0,0,Good,2023-12-26 13:34:33,Invalid or missing units consumed
RD00042309,MTR002089,CUST002089,2023-03-23 21:20:25,Automatic,,,227.0,25.22,0.954,0.723,0.05,0,0,Good,2023-03-23 21:24:25,Invalid or missing units consumed
RD00012006,MTR002645,CUST002645,,ESTIMATED,,187253.36,236.3,19.98,0.984,37.725,1.8931,0,0,Estimated,2024-01-05 20:08:40,Invalid or missing units consumed
RD00031581,MTR003820,CUST003820,2022-02-11 19:17:08,Estimated,,24119.68,,21.92,,5.167,0.4919,-,0,Estimated,2022-02-11 19:43:08,Invalid or missing units consumed
RD00049761,MTR000836,CUST000836,2024-03-23 19:20:59,Automatic,,219720.19,240.3,18.79,,10.966,1.0334,0,0,Estimated,2024-03-23 19:22:59,Invalid or missing units consumed
RD00011957,MTR000512,CUST000512,2024-07-16 10:11:53,Automatic,,286981.63,UNKNOWN,49.58,0.712,4.84,0.1877,0,0,Good,2024-07-16 10:19:53,Invalid or missing units consumed
RD00004906,MTR003907,CUST003907,2022-03-31 04:31:26,Automatic,,20340.26,228.1,0.0,0.885,5.533,0.2847,0,0,Good,2022-03-31 04:50:26,Invalid or missing units consumed
RD00007854,MTR000481,CUST000481,2022-03-31 07:20:20,Estimated,,461639.12,UNKNOWN,12.35,0.965,1.143,0.1081,,0,,,Invalid or missing units consumed
RD00004162,MTR003244,CUST003244,2023-03-09 04:14:10,Automatic,,458115.12,221.1,31.64,0.806,2.933,0.1289,0,0,Good,2023-03-09 04:33:10,Invalid or missing units consumed
RD00043707,MTR002545,CUST002545,2022-01-16 15:13:00,,,161472.6,236.4,4.0,0.964,29.723,2.2923,0,0,-,2022-01-16 15:42:00,Invalid or missing units consumed
RD00018628,MTR001825,CUST001825,2023-01-09 20:18:21,Automatic,,418249.7,224.7,32.55,,13.929,0.8625,0,0,Good,2023-01-09 20:39:21,Invalid or missing units consumed
RD00035106,MTR002411,CUST002411,2022-03-08 02:41:02,Automatic,,90218.68,231.9,39.35,0.769,29.783,0.8776,0,,,2022-03-08 03:06:02,Invalid or missing units consumed
RD00006413,MTR004556,CUST004556,2022-07-11 21:40:29,Automatic,,156971.36,235.6,29.43,0.951,16.299,0.7352,0,,Good,2022-07-11 22:03:29,Invalid or missing units consumed
RD00011376,UNKNOWN,CUST004136,2023-08-07 21:02:13,Automatic,,197847.14,238.1,19.61,0.799,41.553,3.6323,0,0,Good,2023-08-07 21:15:13,Invalid or missing units consumed
RD00009068,MTR000839,CUST000839,2024-01-17 17:33:47,Automatic,,358368.64,232.4,25.04,0.879,34.474,,0,0,Suspect,2024-01-17 18:03:47,Invalid or missing units consumed
RD00011220,MTR000929,CUST000929,2024-08-19 06:23:41,Automatic,,324395.02,224.0,49.27,0.98,43.728,2.0146,0,UNKNOWN,GOOD,2024-08-19 06:37:41,Invalid or missing units consumed
RD00032187,MTR004972,CUST004972,2024-03-19 09:18:42,Automatic,,440910.85,224.2,13.76,0.929,120.816,3.1913,0,0,Good,2024-03-19 09:42:42,Invalid or missing units consumed
RD00003173,MTR002297,CUST002297,2024-01-13 00:23:15,Manual,,51163.08,210.6,48.69,0.78,2.694,0.0614,0,0,Good,,Invalid or missing units consumed
RD00005840,MTR002368,CUST002368,2023-06-29 05:16:49,Automatic,,418115.13,230.8,30.65,0.903,0.887,0.0613,0,0,Good,2023-06-29 05:30:49,Invalid or missing units consumed
RD00046757,MTR001713,CUST001713,2023-08-13 11:39:16,Manual,,431825.57,206.8,,0.854,6.019,0.3681,0,0,Good,2023-08-13 11:56:16,Invalid or missing units consumed
RD00028287,MTR002395,CUST002395,,Automatic,,210049.82,214.2,14.71,0.844,36.185,0.9489,0,0,Good,2023-10-07 06:03:45,Invalid or missing units consumed
RD00020765,MTR000084,CUST000084,2023-03-12 03:49:38,AUTOMATIC,,491501.48,222.7,36.71,0.748,30.422,1.6964,0,0,Good,2023-03-12 03:52:38,Invalid or missing units consumed
RD00001607,MTR000057,CUST000057,2022-04-27 07:44:19,-,,376860.98,242.3,13.06,0.788,14.059,0.3478,0,0,good,2022-04-27 07:51:19,Invalid or missing units consumed
RD00022418,MTR002082,CUST002082,,Automatic,,248893.89,235.7,12.05,0.79,272.0,,0,0,Estimated,2022-09-01 22:36:25,Invalid or missing units consumed
RD00026422,MTR004917,CUST004917,2023-01-03 23:42:28,Automatic,,179887.9,238.6,47.0,0.832,4.301,,0,0,Good,2023-01-04 00:02:28,Invalid or missing units consumed
RD00034597,MTR001612,CUST001612,2024-03-18 21:53:52,Automatic,,419877.86,218.3,31.65,0.875,6.384,0.5237,0,0,Suspect,2024-03-18 22:17:52,Invalid or missing units consumed
RD00019828,MTR000069,CUST000069,2023-06-15 02:55:58,Automatic,,442052.93,232.9,18.68,0.7,,0.4267,0,0,Good,2023-06-15 03:00:58,Invalid or missing units consumed
RD00017428,MTR000913,CUST000913,2022-02-08 21:24:23,Automatic,,152756.29,240.4,37.27,,23.599,1.958,0,0,Good,2022-02-08 21:29:23,Invalid or missing units consumed
RD00014333,MTR004117,CUST004117,2023-04-26 14:29:11,Automatic,,375963.55,224.1,36.91,0.715,7.415,0.446,0,1,Good,2023-04-26 14:39:11,Invalid or missing units consumed
RD00047642,MTR003506,CUST003506,2023-07-19 00:25:23,Manual,,408437.13,230.7,2.53,,0.475,0.0181,0,0,Good,2023-07-19 00:35:23,Invalid or missing units consumed
RD00047429,MTR000108,CUST000108,2023-11-23 02:40:06,Automatic,,289370.3,227.9,9.99,0.789,3.106,0.2732,0,0,Good,2023-11-23 02:47:06,Invalid or missing units consumed
RD00036620,MTR001953,CUST001953,2022-01-15 04:04:40,Automatic,,150029.37,247.0,12.05,0.774,5.154,0.2189,0,0,Good,2022-01-15 04:23:40,Invalid or missing units consumed
RD00021120,MTR004975,CUST004975,,Manual,,358513.63,224.8,0.87,0.832,,0.6299,0,0,Good,2022-01-11 20:37:24,Invalid or missing units consumed
RD00042514,MTR000655,CUST000655,2022-08-02 00:19:19,Manual,,294400.68,237.0,40.18,0.96,5.861,0.2845,0,0,Good,2022-08-02 00:35:19,Invalid or missing units consumed
RD00029673,MTR000913,CUST000913,,,,385422.2,246.4,48.65,0.998,,0.8983,0,0,Good,2022-05-25 02:33:19,Invalid or missing units consumed
RD00003194,MTR003040,CUST003040,2023-12-04 04:44:11,Manual,,351959.67,239.6,13.86,0.732,578.625,,0,0,Invalid,2023-12-04 04:45:11,Invalid or missing units consumed
RD00003110,MTR004085,CUST004085,2022-06-23 18:51:06,Revised,,413629.9,222.1,15.37,0.807,11.253,0.8236,0,0,Good,2022-06-23 19:21:06,Invalid or missing units consumed
RD00036528,MTR002369,CUST002369,2023-10-25 20:38:38,Automatic,,21456.65,243.0,33.09,0.766,1.641,0.0456,0,0,Estimated,2023-10-25 20:52:38,Invalid or missing units consumed
RD00040347,MTR004672,CUST004672,2024-02-29 13:25:22,Automatic,,112177.46,231.0,0.64,0.764,13.668,0.8621,0,0,Good,2024-02-29 13:32:22,Invalid or missing units consumed
RD00009124,,CUST001996,2022-05-16 03:25:57,Estimated,,124444.79,236.0,10.54,0.806,8.869,0.547,0,0,Good,2022-05-16 03:30:57,Invalid or missing units consumed
RD00019460,MTR004992,CUST004992,,Automatic,,50481.56,224.6,34.37,0.783,4.963,,0,0,Suspect,2024-03-06 11:23:23,Invalid or missing units consumed
RD00008279,MTR002259,CUST002259,2022-01-29 13:01:49,Revised,,416339.39,228.7,20.01,0.878,200.724,5.0457,0,0,Good,2022-01-29 13:08:49,Invalid or missing units consumed
RD00028466,MTR000663,CUST000663,2023-03-01 18:45:08,Automatic,,119185.84,239.6,15.88,0.919,12.138,0.7581,0,0,Good,2023-03-01 19:07:08,Invalid or missing units consumed
RD00011844,MTR001552,CUST001552,2024-09-21 19:36:00,Automatic,,47366.32,204.0,43.89,0.736,56.239,2.7205,,0,Good,2024-09-21 20:04:00,Invalid or missing units consumed
RD00011850,MTR001894,CUST001894,2023-09-08 04:08:26,Automatic,,23515.93,233.5,34.35,0.846,2.896,0.207,0,0,Good,2023-09-08 04:28:26,Invalid or missing units consumed
RD00000863,MTR003852,CUST003852,,Estimated,,294277.84,214.3,,0.961,1.446,0.0439,0,0,Good,2022-11-20 03:08:01,Invalid or missing units consumed
RD00032330,MTR004970,,2024-04-12 15:07:13,Automatic,,484162.92,239.2,10.94,0.925,2.727,0.2474,0,0,Invalid,2024-04-12 15:26:13,Invalid or missing units consumed
RD00048641,MTR003551,CUST003551,2024-04-02 05:25:24,Automatic,,331292.21,225.2,1.36,0.916,894.226,49.6767,0,0,Good,2024-04-02 05:32:24,Invalid or missing units consumed
RD00048197,MTR000895,CUST000895,2022-07-30 01:51:51,Automatic,,380996.49,224.5,8.39,0.736,5.336,0.2151,0,0,Good,2022-07-30 02:15:51,Invalid or missing units consumed
RD00007491,MTR003248,CUST003248,2022-01-03 17:01:34,Manual,,480681.32,217.1,43.91,0.976,,0.0603,0,0,Suspect,,Invalid or missing units consumed
RD00037307,MTR003358,CUST003358,2022-07-03 13:43:33,Automatic,,170967.26,221.2,47.63,0.988,,0.9146,0,0,Good,2022-07-03 14:10:33,Invalid or missing units consumed
RD00041624,MTR000449,CUST000449,2023-09-15 01:09:33,automatic,,250226.91,226.5,44.23,0.918,1.929,0.1758,0,0,GOOD,2023-09-15 01:21:33,Invalid or missing units consumed
RD00005123,MTR000100,CUST000100,2022-05-26 15:06:20,Manual,,330771.71,237.1,21.92,0.933,,0.3299,0,,Good,2022-05-26 15:09:20,Invalid or missing units consumed
RD00023126,MTR004111,CUST004111,,Estimated,,250946.27,219.3,49.17,0.94,0.732,0.0565,0,0,Good,2024-11-05 22:34:56,Invalid or missing units consumed
RD00026362,MTR004986,CUST004986,2023-07-28 12:39:41,Estimated,,257975.49,230.4,47.37,0.794,1048.919,20.7549,0,0,Good,,Invalid or missing units consumed
RD00002898,MTR004045,CUST004045,2023-10-06 22:29:37,Automatic,,157661.03,222.9,21.57,0.999,13.895,1.0339,0,0,Suspect,2023-10-06 22:31:37,Invalid or missing units consumed
RD00023216,MTR003893,CUST003893,2022-12-17 01:41:41,Revised,,125943230.0,237.6,10.18,0.72,2.694,0.0526,0,0,Good,2022-12-17 01:48:41,Invalid or missing units consumed
RD00037189,MTR000368,CUST000368,2022-01-08 23:51:28,Automatic,,195579.91,233.1,1.95,0.712,19.657,0.8823,0,0,Good,,Invalid or missing units consumed
RD00044577,MTR003368,CUST003368,2024-04-14 18:02:35,Revised,,374181.04,225.8,32.9,0.986,11.101,0.5597,0,0,,2024-04-14 18:25:35,Invalid or missing units consumed
RD00040650,MTR003384,UNKNOWN,2022-02-02 17:03:42,Manual,,290229.54,218.4,43.27,0.935,44.261,3.0446,0,,Good,2022-02-02 17:04:42,Invalid or missing units consumed
RD00019959,MTR003162,CUST003162,2024-11-03 02:59:28,Automatic,,418746.9,218.6,45.32,0.979,,,0,0,Good,2024-11-03 03:00:28,Invalid or missing units consumed
RD00044557,0,CUST002987,2023-12-02 05:39:49,Manual,,301509.15,229.6,3.34,0.909,2.758,0.0862,0,0,Estimated,,Invalid or missing units consumed
RD00031187,MTR004583,CUST004583,2022-11-24 01:20:40,Revised,,129865.09,209.6,,0.753,121.871,10.26,0,0,Good,2022-11-24 01:29:40,Invalid or missing units consumed
RD00017103,MTR004212,CUST004212,2023-11-25 03:37:30,Automatic,,386214.88,224.6,46.06,0.955,5.917,0.3179,0,0,Good,2023-11-25 03:54:30,Invalid or missing units consumed
RD00035378,MTR002167,CUST002167,2024-01-06 19:09:26,Estimated,,457079.86,232.2,36.05,0.855,114.132,5.6249,0,0,GOOD,2024-01-06 19:12:26,Invalid or missing units consumed
RD00035934,MTR003943,CUST003943,2023-07-25 20:45:59,Estimated,,264848.49,238.6,5.0,0.929,1469.929,90.0176,0,0,Good,2023-07-25 21:14:59,Invalid or missing units consumed
RD00024722,MTR000564,CUST000564,2023-02-27 03:30:01,Automatic,,472399.67,233.2,28.08,0.818,7.452,0.1906,0,0,Good,2023-02-27 03:53:01,Invalid or missing units consumed
RD00033860,MTR000588,CUST000588,2022-10-06 11:06:58,Automatic,,491312.67,244.6,23.85,0.861,7.712,0.2415,0,0,Good,,Invalid or missing units consumed
RD00012585,MTR002285,CUST002285,,estimated,,31005.6,221.6,19.58,,8.179,0.4678,0,0,Good,2023-12-23 10:38:25,Invalid or missing units consumed
RD00044760,MTR000776,CUST000776,2024-06-28 14:28:27,Automatic,,95595.16,244.1,36.39,0.913,88.483,4.0516,0,0,Good,2024-06-28 14:45:27,Invalid or missing units consumed
RD00010520,,CUST004102,,manual,,92362.11,242.9,15.13,0.891,5.175,0.2295,0,0,good,2022-09-06 05:29:39,Invalid or missing units consumed
RD00043638,MTR003355,CUST003355,2022-04-12 01:27:07,Automatic,,323174.92,230.7,32.41,0.711,2.04,0.1453,0,0,Good,,Invalid or missing units consumed
RD00049334,MTR003054,CUST003054,2023-07-16 14:28:10,Manual,,423747620.0,,13.78,0.744,1.721,,0,0,Good,2023-07-16 14:29:10,Invalid or missing units consumed
RD00032452,MTR003838,CUST003838,2023-07-20 06:01:28,Manual,,48567.12,222.5,23.6,0.805,12.128,0.3832,0,0,Good,2023-07-20 06:24:28,Invalid or missing units consumed
RD00034722,,CUST000577,2024-04-23 17:58:59,Automatic,,321916.53,230.4,47.2,0.88,2.525,0.0599,0,0,Good,2024-04-23 18:15:59,Invalid or missing units consumed
RD00019455,MTR001447,CUST001447,2024-12-07 07:08:16,Automatic,,184707.98,221.6,35.08,0.716,10.032,0.681,0,,Good,2024-12-07 07:38:16,Invalid or missing units consumed
RD00041964,MTR002570,CUST002570,2022-05-17 02:37:54,Automatic,,464844.05,229.5,12.25,0.859,75.253,,0,0,Good,,Invalid or missing units consumed
RD00016326,MTR000566,CUST000566,2022-06-24 04:39:46,Revised,,60.28473,224.0,47.14,0.796,1.753,,0,0,Good,2022-06-24 05:07:46,Invalid or missing units consumed
RD00017947,MTR001598,CUST001598,2023-04-20 08:39:06,Manual,,171400.35,221.9,48.74,0.769,2.53,0.1676,0,0,Good,2023-04-20 09:01:06,Invalid or missing units consumed
RD00031999,MTR003604,CUST003604,2023-11-11 03:09:52,Manual,,430807.77,208.5,19.62,0.852,286.186,,0,0,Good,2023-11-11 03:23:52,Invalid or missing units consumed
RD00024696,MTR004756,CUST004756,2024-07-08 03:31:26,Automatic,,222104.93,246.9,46.38,0.831,5.239,0.2593,0,0,Suspect,2024-07-08 03:50:26,Invalid or missing units consumed
RD00048473,MTR003083,CUST003083,2022-06-13 02:20:18,Automatic,,357130.26,UNKNOWN,18.31,0.708,60.253,3.3481,0,0,Good,2022-06-13 02:46:18,Invalid or missing units consumed
RD00046676,MTR001554,CUST001554,2024-09-20 04:53:20,Manual,,65130.37,239.5,31.17,0.926,1.884,0.1962,1,0,Good,2024-09-20 05:11:20,Invalid or missing units consumed
RD00031797,MTR002227,CUST002227,2024-11-22 17:38:24,Automatic,,71367.9,239.3,24.39,0.812,101.503,4.353,0,1,Invalid,2024-11-22 17:39:24,Invalid or missing units consumed
RD00018577,MTR001517,CUST001517,2024-11-27 04:01:45,Automatic,,271676.88,226.0,43.72,0.962,2.283,0.1568,0,0,Good,2024-11-27 04:14:45,Invalid or missing units consumed
RD00021602,MTR004625,CUST004625,2024-07-06 03:42:42,Automatic,,459918.13,231.7,31.62,0.704,4.972,0.5134,0,0,Good,2024-07-06 04:10:42,Invalid or missing units consumed
RD00020106,UNKNOWN,CUST002210,,Automatic,,104391.27,238.0,40.48,,0.557,0.0278,0,0,Good,2024-04-24 12:06:57,Invalid or missing units consumed
RD00040002,MTR003721,CUST003721,2022-10-10 02:01:41,Manual,,227870.5,224.4,10.33,,534.914,,,0,Good,2022-10-10 02:11:41,Invalid or missing units consumed
RD00008516,MTR001788,CUST001788,2024-07-21 16:43:25,Automatic,,404632620.0,,22.72,0.807,8.76,0.79,0,0,,2024-07-21 16:58:25,Invalid or missing units consumed
RD00027458,MTR001079,CUST001079,2022-09-26 16:09:12,Automatic,,458292.42,230.7,45.77,0.807,318.363,21.6042,0,0,Suspect,2022-09-26 16:17:12,Invalid or missing units consumed
RD00023943,MTR004648,CUST004648,2022-03-31 17:47:37,Automatic,,320121.66,242.3,30.23,0.938,7.96,0.4435,0,0,Good,2022-03-31 17:52:37,Invalid or missing units consumed
RD00000713,MTR003874,CUST003874,2023-02-28 19:41:08,Manual,,154675.65,216.2,0.39,,7.202,0.4442,0,0,Good,2023-02-28 20:10:08,Invalid or missing units consumed
RD00016310,MTR004524,CUST004524,2024-11-06 20:56:59,Automatic,,,244.0,,0.888,7.205,0.22,0,0,Suspect,2024-11-06 21:20:59,Invalid or missing units consumed
RD00001736,MTR002394,CUST002394,2023-07-27 13:21:43,Automatic,,69057.01,229.5,27.79,0.835,0.624,0.0453,0,0,Good,2023-07-27 13:38:43,Invalid or missing units consumed
RD00001825,MTR004196,CUST004196,,Manual,,422957.13,225.5,29.44,0.78,28.469,,,0,Good,2022-12-10 22:31:14,Invalid or missing units consumed
RD00014944,MTR002771,CUST002771,,Automatic,,39905.27,240.3,11.44,0.828,,0.6205,0,0,Good,2022-01-02 09:22:08,Invalid or missing units consumed
RD00031225,MTR002063,CUST002063,2023-02-18 14:08:01,Automatic,,417621.26,202.1,48.62,0.92,5.324,0.2714,0,1,Good,2023-02-18 14:37:01,Invalid or missing units consumed
RD00046099,MTR004043,,2024-04-21 17:14:54,Automatic,,368726.91,242.6,26.05,0.934,8.56,0.3618,1,0,Good,2024-04-21 17:34:54,Invalid or missing units consumed
RD00010980,MTR003001,CUST003001,,Manual,,295709.84,231.0,,,9.601,0.4377,0,0,Good,2024-08-28 08:24:38,Invalid or missing units consumed
RD00011467,MTR001822,CUST001822,2022-08-17 06:37:37,-,,397483.62,239.6,37.23,0.811,67.286,4.7253,0,0,Estimated,2022-08-17 06:57:37,Invalid or missing units consumed
RD00000199,MTR000279,CUST000279,2023-01-17 04:18:36,Estimated,,257487.97,243.5,22.47,0.747,26.282,0.7598,0,0,Good,2023-01-17 04:48:36,Invalid or missing units consumed
RD00002662,MTR004088,CUST004088,2023-10-13 22:33:20,Automatic,,480044.01,218.7,10.86,0.945,6.173,0.3501,0,0,Estimated,2023-10-13 22:58:20,Invalid or missing units consumed
RD00007747,MTR099726,CUST004780,2022-01-16 14:43:36,Automatic,,118115.98,234.7,36.36,0.921,95.388,2.9233,0,0,Suspect,2022-01-16 15:02:36,Invalid or missing units consumed
RD00028754,MTR003407,CUST003407,2024-03-04 19:21:45,Manual,,475519.87,234.2,30.95,,6.28,0.6214,0,0,Good,2024-03-04 19:34:45,Invalid or missing units consumed
RD00034457,MTR002906,CUST002906,,,,192841.12,239.5,13.86,0.752,7.584,,0,0,Good,2022-11-21 14:43:16,Invalid or missing units consumed
RD00038334,MTR000610,CUST000610,2023-08-05 22:27:23,estimated,,323313.37,237.3,28.44,0.88,82.294,3.6995,0,0,Good,2023-08-05 22:52:23,Invalid or missing units consumed
RD00020041,MTR001620,CUST001620,2022-01-12 11:49:29,Automatic,,154057.1,240.5,15.39,0.752,11.362,0.6754,0,0,Good,2022-01-12 12:04:29,Invalid or missing units consumed
RD00046907,MTR002805,CUST002805,2023-08-10 10:22:05,Automatic,,438883.93,232.5,3.13,0.924,5.432,,0,0,,2023-08-10 10:36:05,Invalid or missing units consumed
RD00047511,MTR000602,CUST000602,2024-01-18 20:33:06,Manual,,168958.4,246.6,16.06,0.991,11.706,0.2503,0,0,Good,,Invalid or missing units consumed
RD00001605,MTR003068,CUST003068,2022-12-17 03:14:17,Automatic,,344650.32,218.5,44.6,0.862,1.139,0.0769,0,0,Good,2022-12-17 03:21:17,Invalid or missing units consumed
RD00012571,MTR001888,CUST001888,,Automatic,,485842.51,223.2,,0.892,6.96,0.4465,0,0,UNKNOWN,2023-05-09 19:43:07,Invalid or missing units consumed
RD00009590,MTR002860,CUST002860,,Automatic,,121308.09,244.7,38.79,0.994,3.973,0.2294,0,0,Good,2024-01-22 10:21:26,Invalid or missing units consumed
RD00024397,MTR003138,CUST003138,,Revised,,486093.85,238.7,41.6,0.824,6.388,0.3871,0,0,,2023-08-08 04:35:49,Invalid or missing units consumed
RD00037921,MTR099518,CUST002211,2024-05-12 22:07:24,Automatic,,301289.71,207.2,49.97,0.857,,0.1404,0,0,Good,2024-05-12 22:34:24,Invalid or missing units consumed
RD00027727,MTR002923,CUST002923,2024-07-01 05:15:14,AUTOMATIC,,14101.44,227.5,18.22,0.741,1.007,0.1011,0,0,,2024-07-01 05:25:14,Invalid or missing units consumed
RD00024245,MTR001646,CUST001646,2022-10-23 14:19:31,Manual,,326731.99,219.9,41.82,0.907,0.356,0.0233,0,0,Suspect,2022-10-23 14:26:31,Invalid or missing units consumed
RD00024918,MTR000973,UNKNOWN,2023-11-07 00:40:22,-,,200287.17,238.1,12.58,0.721,6.152,0.1158,0,0,Good,2023-11-07 00:42:22,Invalid or missing units consumed
RD00015754,MTR003490,CUST003490,2022-11-28 05:45:35,Estimated,,427833.68,220.5,21.56,0.786,1.295,,0,0,Good,2022-11-28 05:52:35,Invalid or missing units consumed
RD00032336,MTR003553,CUST003553,2023-06-22 06:47:37,Automatic,,141011.14,228.6,46.54,0.775,26.052,1.0528,0,0,-,2023-06-22 06:59:37,Invalid or missing units consumed
RD00038071,MTR000628,CUST000628,2024-05-19 06:04:38,Automatic,,103714.79,225.6,17.01,0.981,158.876,3.7419,0,0,Good,2024-05-19 06:22:38,Invalid or missing units consumed
RD00026666,MTR000067,CUST000067,2022-04-20 00:30:34,Revised,,65318.61,227.9,25.76,0.882,3.423,0.2637,0,0,Good,2022-04-20 00:55:34,Invalid or missing units consumed
RD00019985,MTR000260,CUST000260,2022-07-08 19:45:08,Automatic,,117122.65,224.9,42.19,0.776,174.918,8.2778,0,0,Good,2022-07-08 20:11:08,Invalid or missing units consumed
RD00037449,MTR004988,CUST004988,2022-05-11 09:58:37,Automatic,,256063.04,228.1,45.33,0.0,36.772,1.105,UNKNOWN,0,Good,2022-05-11 10:17:37,Invalid or missing units consumed
RD00049389,MTR002992,CUST002992,2022-06-04 19:46:05,Manual,,343791.6,218.5,23.53,0.803,23.94,0.7526,0,0,Suspect,2022-06-04 19:52:05,Invalid or missing units consumed
RD00001272,MTR099860,CUST003154,2024-09-25 01:35:37,Manual,,278235.48,223.6,11.33,0.875,2.641,0.3148,0,0,Good,2024-09-25 02:02:01,Invalid or missing units consumed
RD00032695,MTR001067,CUST001067,2023-05-21 17:47:11,Automatic,,449612.97,211.9,42.59,0.926,6.941,0.4819,0,0,Good,2023-05-21 18:07:11,Invalid or missing units consumed
RD00036568,MTR003912,CUST003912,2022-03-01 15:17:11,,,224988.58,221.6,36.99,0.924,21.075,0.7389,0,0,Good,2022-03-01 15:45:11,Invalid or missing units consumed
RD00024713,MTR002156,CUST002156,2022-10-28 14:28:26,Automatic,,343462.18,238.6,42.55,,7.804,0.2232,0,1,Good,2022-10-28 14:33:26,Invalid or missing units consumed
RD00027185,MTR002065,CUST002065,2022-05-07 22:35:36,Manual,,268904.57,232.1,17.46,0.955,17.395,1.2184,0,0,Good,2022-05-07 22:53:36,Invalid or missing units consumed
RD00007837,MTR003850,CUST003850,2024-09-17 13:53:49,Automatic,,238525.05,230.6,7.72,0.741,800.82,30.3765,0,,Good,,Invalid or missing units consumed
RD00039713,MTR000264,CUST000264,,Manual,,385554.81,229.4,16.44,0.775,8.182,0.2251,0,0,Good,,Invalid or missing units consumed
RD00009250,MTR002421,CUST002421,2024-01-02 08:33:39,Automatic,,487247.54,213.1,47.3,0.77,586.784,55.3673,0,0,Good,2024-01-02 08:52:39,Invalid or missing units consumed
RD00041625,MTR001604,CUST001604,,Automatic,,104369.47,210.1,31.3,0.963,2.783,0.1365,0,0,Good,2023-09-13 00:11:25,Invalid or missing units consumed
RD00003148,MTR001378,CUST001378,2023-08-01 09:19:40,Manual,,297868.2,209.8,30.37,0.953,,0.4201,0,0,Estimated,,Invalid or missing units consumed
RD00028393,MTR002127,CUST002127,2022-07-17 01:41:41,Automatic,,64193.52,232.6,0.0,0.994,3.262,0.0615,0,0,Good,2022-07-17 01:57:41,Invalid or missing units consumed
RD00029379,MTR002862,CUST002862,2022-04-12 21:39:54,Automatic,,379738.57,216.2,23.11,0.733,3.856,0.2095,0,0,Good,2022-04-12 22:08:54,Invalid or missing units consumed
RD00002362,MTR003912,CUST003912,2024-03-28 17:07:24,Manual,,307159.31,236.7,14.17,,7.645,0.3095,0,0,Good,2024-03-28 17:12:24,Invalid or missing units consumed
RD00006042,MTR000813,CUST000813,2024-08-13 15:41:45,Estimated,,92061.27,233.9,11.61,0.991,28.2,1.8089,0,0,Invalid,2024-08-13 16:04:45,Invalid or missing units consumed
RD00033115,MTR002672,CUST002672,2023-05-27 06:46:37,AUTOMATIC,,232729.45,223.7,32.32,,101.846,2.2751,0,0,Good,,Invalid or missing units consumed
RD00027409,MTR004677,CUST004677,2022-02-20 21:40:13,Automatic,,268443.17,242.2,45.51,0.723,408.359,34.6396,0,0,Suspect,2022-02-20 21:45:13,Invalid or missing units consumed
RD00004019,MTR000963,CUST000963,2023-12-10 16:50:18,Automatic,,440625.27,237.7,42.58,0.792,130.413,5.1862,0,0,Good,2023-12-10 17:09:18,Invalid or missing units consumed
RD00002342,MTR001785,CUST001785,2023-03-29 05:59:34,Automatic,,111093.22,228.8,43.24,0.892,17.454,,0,1,Good,2023-03-29 06:15:34,Invalid or missing units consumed
RD00007033,MTR000189,CUST000189,2022-08-05 14:04:27,Estimated,,280905.57,232.9,5.62,0.751,12.381,0.3053,0,-,Good,,Invalid or missing units consumed
RD00013530,MTR001228,0,2022-03-25 14:57:32,Automatic,,142855.97,217.3,44.9,0.9,,1.5549,0,0,Good,2022-03-25 15:19:32,Invalid or missing units consumed
RD00024350,MTR000104,CUST000104,2022-09-17 15:34:54,ESTIMATED,,376835.04,233.1,46.17,0.935,266.425,9.7445,0,0,Good,2022-09-17 15:55:54,Invalid or missing units consumed
RD00031309,MTR004555,CUST004555,2022-06-23 10:19:41,Automatic,,98191.15,241.7,27.79,0.914,632.601,37.1239,0,0,Good,2022-06-23 10:42:41,Invalid or missing units consumed
RD00007165,MTR000059,CUST000059,2023-10-11 13:37:41,Automatic,,,224.8,34.55,0.995,6.906,0.4271,0,0,Good,2023-10-11 13:52:41,Invalid or missing units consumed
RD00040848,MTR000023,CUST000023,2022-10-05 03:22:17,Automatic,,178764.63,215.1,36.98,0.76,2.017,0.1774,0,0,Good,2022-10-05 03:33:17,Invalid or missing units consumed
RD00022855,MTR004178,CUST004178,2022-07-26 13:45:16,Automatic,,51101.92,224.8,,0.965,17.144,,0,1,Good,2022-07-26 14:13:16,Invalid or missing units consumed
RD00027396,MTR002616,CUST002616,2022-02-27 13:06:32,Estimated,,40473430.0,233.8,16.55,0.761,29.814,2.5083,0,0,Good,2022-02-27 13:15:32,Invalid or missing units consumed
RD00010581,MTR000360,CUST000360,2023-07-08 17:45:47,Automatic,,163755.78,231.1,46.33,0.911,7.599,0.8921,0,0,Good,2023-07-08 17:46:47,Invalid or missing units consumed
RD00040813,MTR000531,CUST000531,2023-05-10 08:06:32,Estimated,,292415.01,249.0,12.58,0.727,581.658,22.3974,0,0,,2023-05-10 08:34:32,Invalid or missing units consumed
RD00010992,MTR003377,CUST003377,2022-10-26 13:38:55,Manual,,31998.74,224.0,32.06,0.732,7.448,,0,0,,2022-10-26 14:01:55,Invalid or missing units consumed
RD00010607,MTR000105,CUST000105,2022-12-19 20:23:44,Automatic,,0.0,221.8,46.03,0.906,6.582,0.2572,0,0,Good,2022-12-19 20:25:44,Invalid or missing units consumed
RD00018429,MTR002433,CUST002433,2023-12-04 15:26:22,Estimated,,415588.28,222.7,13.98,0.795,4.773,0.1793,0,0,Good,,Invalid or missing units consumed
RD00038276,MTR003844,CUST003844,2024-12-20 04:35:29,Estimated,,366045.85,223.8,19.14,0.902,1.654,0.0512,0,0,Good,2024-12-20 04:41:29,Invalid or missing units consumed
RD00021662,MTR000713,CUST000713,2023-05-24 22:01:38,Automatic,,287670.11,238.9,2.77,0.702,152.768,4.647,0,0,Good,2023-05-24 22:24:38,Invalid or missing units consumed
RD00031930,MTR002266,CUST002266,2022-05-29 03:10:53,Estimated,,424735.03,238.5,40.42,0.981,4.945,0.385,0,0,Good,,Invalid or missing units consumed
RD00043982,MTR001165,CUST001165,2024-02-04 15:16:07,Revised,,436029.42,241.2,26.59,0.707,12.428,0.4845,0,0,Good,2024-02-04 15:21:07,Invalid or missing units consumed
RD00028019,MTR000950,CUST000950,2023-04-02 03:32:54,Automatic,,178656.27,244.2,,0.702,3.651,0.4016,0,0,Good,2023-04-02 03:41:54,Invalid or missing units consumed
RD00007932,MTR003484,CUST003484,2023-02-15 19:44:56,Automatic,,72696.13,UNKNOWN,2.47,0.83,2.981,,0,0,GOOD,2023-02-15 19:49:56,Invalid or missing units consumed
RD00037673,MTR002908,CUST002908,2024-02-04 07:43:28,Estimated,,81143.5,247.5,5.41,0.711,179.256,6.7692,0,0,Good,2024-02-04 07:57:28,Invalid or missing units consumed
RD00005529,MTR001109,CUST001109,2022-07-09 03:51:05,Automatic,,245565.16,233.5,43.23,0.955,0.802,0.0234,0,0,Good,2022-07-09 04:09:05,Invalid or missing units consumed
RD00029533,MTR000664,CUST000664,2022-10-14 03:21:25,Estimated,,236538.43,218.9,,0.832,3.328,0.1535,0,,Good,2022-10-14 03:24:25,Invalid or missing units consumed
RD00015235,MTR003632,CUST003632,2024-01-06 00:01:47,Automatic,,89333.27,229.5,15.02,0.993,5.477,0.2685,UNKNOWN,0,Good,,Invalid or missing units consumed
RD00035361,MTR002993,CUST002993,,Manual,,203549.73,228.5,,0.947,7.499,0.3508,0,1,Good,2024-06-16 14:58:12,Invalid or missing units consumed
RD00008178,MTR003820,CUST003820,2024-07-16 13:41:19,Automatic,,306579.31,227.7,46.85,0.99,12.841,0.5128,0,0,Good,2024-07-16 13:56:19,Invalid or missing units consumed
RD00030620,MTR004341,CUST004341,2023-09-25 17:20:16,ESTIMATED,,386430.77,213.7,31.59,0.867,97.994,3.2458,0,0,Good,,Invalid or missing units consumed
RD00036643,MTR001269,,2023-01-10 17:01:43,Automatic,,458332.39,232.4,43.07,0.755,1.194,,0,0,Estimated,2023-01-10 17:31:43,Invalid or missing units consumed
RD00029304,MTR003509,CUST003509,2022-08-21 10:10:08,Manual,,456740.81,217.2,2.32,0.881,117.206,8.8308,0,0,Good,2022-08-21 10:11:08,Invalid or missing units consumed
RD00028394,MTR004947,CUST004947,2024-07-13 07:35:40,Revised,,206735.98,233.9,6.4,0.711,15.048,1.0894,0,0,Estimated,2024-07-13 07:43:40,Invalid or missing units consumed
RD00005623,MTR003548,CUST003548,,Manual,,405906.96,225.7,14.68,0.727,7.894,0.3852,0,0,Good,2022-02-07 04:15:24,Invalid or missing units consumed
RD00020516,MTR004580,CUST004580,2023-05-06 10:56:04,Automatic,,157043.18,228.3,46.41,0.866,9.813,0.7425,0,0,,2023-05-06 11:16:04,Invalid or missing units consumed
RD00026574,MTR001903,CUST001903,2022-05-16 10:39:49,Manual,,158252.13,212.6,13.55,0.979,2.242,0.1432,,0,Good,2022-05-16 10:57:49,Invalid or missing units consumed
RD00014109,MTR003063,CUST003063,2023-09-26 15:59:00,Automatic,,137997.26,236.0,15.75,,32.585,2.287,0,0,Good,2023-09-26 16:15:00,Invalid or missing units consumed
RD00043381,MTR003913,CUST003913,2024-12-24 15:26:14,Automatic,,193309.87,211.1,20.89,0.8,0.635,0.0139,0,0,Good,2024-12-24 15:45:14,Invalid or missing units consumed
RD00007332,MTR001236,CUST001236,2023-09-08 13:29:50,Automatic,,144840.85,236.0,15.64,0.728,7.339,0.3346,0,0,Good,2023-09-08 13:39:50,Invalid or missing units consumed
RD00033227,MTR002190,CUST002190,2022-05-29 12:34:12,Automatic,,,233.4,3.97,0.905,100.674,4.0096,0,0,Good,,Invalid or missing units consumed
RD00006584,MTR004466,CUST004466,2023-03-22 17:34:35,Estimated,,0.0,233.8,5.75,0.0,6.831,0.3699,0,0,Good,2023-03-22 17:42:35,Invalid or missing units consumed
RD00029904,MTR002244,CUST002244,2024-10-17 04:35:35,Manual,,73977.69,226.3,11.76,0.752,0.709,0.0448,0,0,Estimated,2024-10-17 04:37:35,Invalid or missing units consumed
RD00032873,MTR003038,CUST003038,2024-11-25 11:02:31,Automatic,,481332.03,229.8,27.94,0.922,8.303,0.2355,0,0,Suspect,2024-11-25 11:14:31,Invalid or missing units consumed
RD00048070,MTR000222,CUST000222,2024-07-17 22:27:27,Automatic,,180132.29,227.3,40.69,0.852,5.15,0.4292,-,0,Good,2024-07-17 22:44:27,Invalid or missing units consumed
RD00049904,MTR003388,CUST003388,2024-12-04 06:03:26,Automatic,,255137.83,UNKNOWN,46.66,0.76,18.888,1.1796,0,0,Invalid,2024-12-04 06:06:26,Invalid or missing units consumed
RD00041134,MTR004859,CUST004859,,Manual,,295118.32,219.4,0.95,0.892,14.495,0.5343,0,0,GOOD,2022-08-11 21:30:26,Invalid or missing units consumed
RD00048041,MTR002868,CUST002868,2024-11-29 05:29:37,Manual,,23319730.0,232.7,,0.985,5.991,0.3629,0,0,Good,2024-11-29 05:41:37,Invalid or missing units consumed
RD00009062,MTR001280,CUST001280,2024-07-15 06:22:42,Automatic,,453502.27,238.9,46.47,0.94,7.105,,0,0,Good,2024-07-15 06:32:42,Invalid or missing units consumed
RD00045806,MTR002835,,2022-12-11 15:26:57,Manual,,227326670.0,229.0,38.65,0.707,87.147,5.3911,0,0,Good,2022-12-11 15:52:57,Invalid or missing units consumed
RD00015231,MTR001053,CUST001053,2023-08-25 05:15:06,Manual,,349009.29,242.4,38.94,0.917,9.313,0.7684,,0,Good,2023-08-25 05:40:06,Invalid or missing units consumed
RD00005017,MTR002114,CUST002114,2023-12-28 10:01:48,Manual,,337845.6,233.7,48.65,0.861,12.162,0.8271,1,0,0,2023-12-28 10:30:48,Invalid or missing units consumed
RD00000151,MTR000761,CUST000761,,Automatic,,25719.67,211.5,34.36,0.999,2.332,0.1277,0,0,Good,2024-03-13 11:16:40,Invalid or missing units consumed
RD00001882,MTR003769,-,2023-01-20 11:11:57,Automatic,,261317.61,216.0,4.27,0.946,605.247,34.834,0,0,Good,2023-01-20 11:14:57,Invalid or missing units consumed
RD00032347,MTR004781,CUST004781,,Automatic,,190502.91,214.8,1.02,0.758,1.764,0.0497,1,0,Good,2023-09-16 06:19:01,Invalid or missing units consumed
RD00013423,MTR001903,CUST001903,2024-10-07 15:49:08,Automatic,,145607.08,209.4,24.52,0.742,3.548,0.2305,0,0,Good,2024-10-07 16:03:08,Invalid or missing units consumed
RD00047092,MTR003157,CUST003157,2023-03-17 00:06:28,Manual,,15587.83,239.3,14.41,0.774,2.958,,0,,Good,2023-03-17 00:12:28,Invalid or missing units consumed
RD00040343,MTR003596,CUST003596,2024-07-25 08:54:40,Automatic,,412434.21,209.7,25.06,0.714,1101.619,61.2833,0,0,Good,2024-07-25 09:07:40,Invalid or missing units consumed
RD00010045,MTR003275,CUST003275,2022-11-02 14:23:33,Automatic,,69499.11,215.7,22.0,0.798,5.955,0.154,0,0,Good,2022-11-02 14:42:33,Invalid or missing units consumed
RD00033081,MTR003334,CUST003334,,Automatic,,329806.32,235.6,40.19,0.787,26.708,1.3693,0,0,Estimated,2023-08-11 10:18:00,Invalid or missing units consumed
RD00035289,MTR000682,CUST000682,2022-02-21 08:17:41,Automatic,,193820.99,234.5,7.44,0.935,5.726,0.1104,-,0,ESTIMATED,2022-02-21 08:32:41,Invalid or missing units consumed
RD00009344,MTR001345,CUST001345,,Automatic,,,224.5,8.4,0.861,9.084,0.8289,0,0,Good,2024-05-28 12:22:07,Invalid or missing units consumed
RD00016813,MTR003514,CUST003514,2022-03-24 09:15:02,Automatic,,463469.95,232.6,33.04,0.964,,4.8081,,0,Good,,Invalid or missing units consumed
RD00026641,MTR001613,CUST001613,2023-03-19 15:37:30,Automatic,,136090.26,226.7,7.06,0.73,8.762,0.3958,0,,Good,2023-03-19 16:05:30,Invalid or missing units consumed
RD00011995,MTR004647,CUST004647,2024-11-07 20:26:45,Automatic,,66285.95,211.4,44.02,0.793,9.528,0.2834,0,0,Good,2024-11-07 20:40:45,Invalid or missing units consumed
RD00024505,MTR004985,CUST004985,2024-08-08 01:48:40,Automatic,,466137.87,228.9,34.27,0.905,5.34,0.2299,0,0,Good,2024-08-08 02:03:40,Invalid or missing units consumed
RD00043850,MTR002658,CUST002658,,Automatic,,163691.49,228.8,33.88,0.854,10.282,0.6234,0,0,Good,2024-05-02 22:07:26,Invalid or missing units consumed
RD00019378,MTR004561,CUST004561,2022-07-03 17:27:25,Automatic,,140852.9,241.2,22.42,0.927,55.13,3.2123,0,0,Good,2022-07-03 17:47:25,Invalid or missing units consumed
RD00025662,MTR004854,CUST004854,,Estimated,,270154.52,242.9,7.09,,4.352,0.2946,0,0,good,,Invalid or missing units consumed
RD00033433,MTR002190,CUST002190,2022-01-15 11:58:15,Manual,,45807.48,226.6,13.02,0.718,71.487,6.2081,0,0,Good,,Invalid or missing units consumed
RD00016660,MTR001555,CUST001555,,Automatic,,124556.85,217.2,16.21,0.891,16.701,,0,0,Good,2024-05-15 12:38:57,Invalid or missing units consumed
RD00002708,MTR001902,CUST001902,2024-11-01 02:31:14,Estimated,,243271.56,240.0,33.8,0.874,891.977,47.5376,0,0,Good,2024-11-01 02:32:14,Invalid or missing units consumed
RD00047527,MTR001488,CUST001488,2023-04-07 18:48:43,Automatic,,429326.28,0,0.42,0.747,46.208,4.6403,0,0,Estimated,2023-04-07 19:11:43,Invalid or missing units consumed
RD00018724,MTR099035,CUST003768,2024-12-18 18:44:31,automatic,,,226.3,44.99,0.74,1.11,0.1107,0,1,Good,2024-12-18 19:04:31,Invalid or missing units consumed
RD00024830,0,CUST004474,2024-04-19 01:47:54,Automatic,,245622.94,UNKNOWN,42.83,0.942,3.812,0.3043,0,0,GOOD,2024-04-19 02:01:54,Invalid or missing units consumed
RD00033843,MTR001930,CUST001930,2022-04-14 13:22:36,Automatic,,410011.71,233.3,29.37,0.804,2.029,0.0427,0,0,Good,2022-04-14 13:32:36,Invalid or missing units consumed
RD00008323,MTR002068,CUST002068,2023-01-28 15:26:26,Estimated,,292038.94,229.6,44.89,0.719,5.149,0.2383,0,-,Good,2023-01-28 15:46:26,Invalid or missing units consumed
RD00022340,MTR004070,,2022-01-07 02:28:56,Automatic,,355002.33,231.9,2.32,0.812,4.198,,0,0,Good,2022-01-07 02:34:56,Invalid or missing units consumed
RD00011443,MTR000397,CUST000397,2022-03-08 15:25:14,Automatic,,246782.05,205.7,29.05,0.888,3.047,0.2685,0,0,Good,2022-03-08 15:49:14,Invalid or missing units consumed
RD00019789,MTR003585,CUST003585,2023-06-30 09:19:39,Automatic,,361520560.0,236.7,,,14.195,0.9307,0,0,Good,2023-06-30 09:43:39,Invalid or missing units consumed
RD00017081,MTR001930,CUST001930,2024-02-01 17:31:16,Estimated,,10214.98,239.4,22.08,0.858,6.876,0.4532,0,0,Good,2024-02-01 17:49:16,Invalid or missing units consumed
RD00028725,MTR002117,CUST002117,2023-03-13 09:27:08,Automatic,,214808.18,235.3,3.02,0.742,1.385,0.0877,0,0,Good,2023-03-13 09:38:08,Invalid or missing units consumed
RD00011540,MTR001715,CUST001715,2022-09-03 12:03:31,Automatic,,88296.89,236.2,17.76,0.73,3.165,0.3614,0,0,Good,2022-09-03 12:09:31,Invalid or missing units consumed
RD00042688,MTR003912,CUST003912,2023-07-11 12:43:13,Automatic,,453289.24,235.3,,0.901,24.164,0.8371,0,1,Good,2023-07-11 12:56:13,Invalid or missing units consumed
RD00034285,MTR001915,CUST001915,2023-11-20 06:54:01,Automatic,,370111.15,224.6,25.0,0.732,19.681,1.2172,0,0,good,2023-11-20 07:03:01,Invalid or missing units consumed
RD00037873,MTR003050,CUST003050,2024-04-26 13:55:07,Automatic,,56672.63,244.3,28.75,,10.211,0.92,0,0,Invalid,2024-04-26 14:07:07,Invalid or missing units consumed
RD00021334,-,CUST002547,2023-06-16 00:34:23,Automatic,,149675.81,206.8,20.38,0.96,8.49,0.4492,UNKNOWN,0,Good,2023-06-16 00:59:23,Invalid or missing units consumed
RD00001996,MTR003100,CUST003100,2023-12-10 14:16:06,Automatic,,92339.44,218.7,4.0,0.0,6.365,0.3443,0,0,Good,2023-12-10 14:19:06,Invalid or missing units consumed
RD00011466,MTR002546,CUST002546,2023-09-09 09:18:23,Automatic,,221787.81,238.8,32.37,0.752,31.574,,0,,Good,2023-09-09 09:39:23,Invalid or missing units consumed
RD00037238,MTR002311,CUST002311,2023-08-17 00:13:48,Automatic,,243629.99,254.9,24.14,0.966,38.224,,0,0,Good,2023-08-17 00:31:48,Invalid or missing units consumed
RD00032808,MTR004113,CUST004113,2022-03-23 03:11:23,,,210312.66,236.5,3.42,0.749,2.97,0.1132,0,0,GOOD,2022-03-23 03:14:23,Invalid or missing units consumed
RD00043443,MTR004085,CUST004085,2023-12-29 13:56:43,Automatic,,410373.45,226.1,8.47,0.983,0.701,0.0537,0,0,Good,2023-12-29 14:02:43,Invalid or missing units consumed
RD00014519,MTR001770,CUST001770,2023-02-25 13:15:08,Automatic,,234303.47,233.5,40.51,0.769,23.298,0.7267,0,0,Good,2023-02-25 13:27:08,Invalid or missing units consumed
RD00031748,MTR001979,CUST001979,2024-06-20 12:06:17,AUTOMATIC,,213772.41,-,,0.737,7.273,,0,0,Suspect,2024-06-20 12:21:17,Invalid or missing units consumed
RD00047166,MTR099172,CUST001996,2022-10-10 05:37:30,Manual,,476323.32,240.9,38.22,,5.211,0.1623,,0,Good,2022-10-10 05:56:30,Invalid or missing units consumed
RD00025553,MTR001626,CUST001626,2022-08-05 11:32:03,Manual,,34048.86,252.7,,0.764,57.219,1.2947,0,0,Good,2022-08-05 11:55:03,Invalid or missing units consumed
RD00039666,MTR003813,CUST003813,2024-04-26 14:12:59,AUTOMATIC,,101166.48,224.5,38.96,,760.35,51.6036,0,0,Estimated,2024-04-26 14:40:59,Invalid or missing units consumed
RD00030733,MTR001902,CUST001902,,Estimated,,113559.51,244.5,40.46,0.798,538.916,36.825,0,0,Good,2022-11-26 09:06:40,Invalid or missing units consumed
RD00013961,MTR002158,CUST002158,2024-06-30 11:35:30,Automatic,,377061.12,242.3,14.47,0.799,91.559,4.8045,0,0,Good,2024-06-30 12:03:30,Invalid or missing units consumed
RD00017079,MTR000331,UNKNOWN,2023-08-04 07:03:56,Automatic,,57073.16,217.1,10.92,0.921,,,0,0,Good,2023-08-04 07:17:56,Invalid or missing units consumed
RD00032654,MTR002572,CUST002572,2022-01-01 13:00:26,Automatic,,324890.64,232.9,35.31,0.818,916.695,31.7592,0,0,Good,2022-01-01 13:25:26,Invalid or missing units consumed
RD00012549,MTR004115,CUST004115,2023-01-24 07:20:13,Manual,,0.0,221.1,36.01,0.917,9.299,0.0,0,0,Good,2023-01-24 07:38:13,Invalid or missing units consumed
RD00002934,MTR002664,CUST002664,2022-02-25 20:53:22,Automatic,,404135.65,242.8,37.72,0.711,10.431,,0,0,Good,2022-02-25 21:06:22,Invalid or missing units consumed
RD00028155,MTR004567,CUST004567,2022-12-29 12:46:42,Automatic,,450238.1,234.3,39.54,0.704,,,UNKNOWN,0,Good,,Invalid or missing units consumed
RD00000341,MTR099880,CUST000318,2024-07-03 16:17:11,Automatic,,423408.26,227.2,37.18,0.712,1231.305,66.329,0,0,Good,2024-07-03 16:22:11,Invalid or missing units consumed
RD00036515,MTR001486,CUST001486,2023-07-12 08:34:46,Automatic,,287805.02,UNKNOWN,26.58,0.928,81.091,5.9089,0,0,Good,2023-07-12 08:43:46,Invalid or missing units consumed
RD00008021,MTR004870,CUST004870,2024-08-14 18:21:10,Automatic,,,239.8,34.7,0.83,9.242,0.7489,0,0,Good,2024-08-14 18:51:10,Invalid or missing units consumed
RD00041452,MTR000456,CUST000456,2024-11-22 21:21:36,UNKNOWN,,316225.92,226.9,18.76,0.756,113.919,5.7382,0,0,Good,2024-11-22 21:42:36,Invalid or missing units consumed
RD00012314,MTR004639,CUST004639,2024-07-22 08:52:24,Automatic,,178651260.0,219.9,12.34,0.923,14.002,0.7646,0,0,Good,2024-07-22 09:17:24,Invalid or missing units consumed
RD00023219,MTR002139,CUST002139,2024-04-09 05:01:45,Automatic,,85498.37,215.3,26.06,0.851,18.987,0.9903,0,0,Good,,Invalid or missing units consumed
RD00023220,MTR002391,CUST002391,2024-10-12 00:45:58,Manual,,166090.36,246.0,10.89,0.932,19.525,,0,0,Good,2024-10-12 01:10:58,Invalid or missing units consumed
RD00012822,MTR004139,CUST004139,2023-10-24 14:20:22,Automatic,,333485.93,246.4,1.8,,5.994,0.6996,0,0,Good,2023-10-24 14:23:22,Invalid or missing units consumed
RD00035659,MTR004715,,2022-11-16 09:17:48,Manual,,,211.4,38.85,0.916,3.098,0.0973,0,0,Suspect,2022-11-16 09:30:48,Invalid or missing units consumed
RD00014320,MTR099600,CUST001701,2022-08-20 02:22:24,Automatic,,255251.66,230.6,41.14,0.859,2.176,0.1736,1,0,Good,2022-08-20 02:29:24,Invalid or missing units consumed
RD00028201,MTR004721,CUST004721,2024-01-31 12:09:30,Automatic,,465601390.0,242.0,35.82,0.98,79.691,3.201,0,0,Good,2024-01-31 12:19:30,Invalid or missing units consumed
RD00013362,,CUST001689,2022-12-14 23:16:35,Automatic,,391084.82,234.8,36.24,0.766,2.554,0.2338,0,0,Good,2022-12-14 23:39:35,Invalid or missing units consumed
RD00008485,MTR003482,,2022-05-07 09:11:25,Automatic,,18344.76,208.7,38.34,0.79,7.322,0.4786,0,0,Good,2022-05-07 09:26:25,Invalid or missing units consumed
RD00035256,MTR001180,CUST001180,2022-05-09 14:51:42,Automatic,,488006.32,237.4,23.14,0.912,75.938,4.0638,0,0,Invalid,2022-05-09 15:07:42,Invalid or missing units consumed
RD00030205,MTR002440,CUST002440,2022-07-06 02:49:05,Automatic,,395763.39,227.8,29.3,,1.726,0.1157,0,-,Good,2022-07-06 02:57:05,Invalid or missing units consumed
RD00026047,MTR003599,CUST003599,2022-08-06 16:00:17,Automatic,,197213.79,234.6,28.77,0.879,,0.3002,0,0,Good,2022-08-06 16:15:17,Invalid or missing units consumed
RD00031596,MTR003401,CUST003401,,Automatic,,307221.37,234.6,23.42,0.933,19.386,0.5602,0,0,Good,2022-10-12 20:33:40,Invalid or missing units consumed
RD00030230,MTR000360,CUST000360,2022-12-22 07:48:03,Automatic,,384345.55,221.4,29.34,0.952,4.522,0.286,0,0,Good,,Invalid or missing units consumed
RD00033755,UNKNOWN,CUST002742,2023-04-24 11:03:44,Manual,,452767.71,230.6,5.57,0.786,19.738,,0,0,Good,2023-04-24 11:05:44,Invalid or missing units consumed
RD00045562,MTR002335,CUST002335,2024-08-16 07:43:57,Manual,,326130.69,220.7,45.7,0.971,12.242,0.6518,0,0,Good,2024-08-16 08:08:57,Invalid or missing units consumed
RD00043957,MTR002148,CUST002148,2022-05-30 18:56:39,Estimated,,181554.33,224.5,46.2,0.846,,,0,0,Good,2022-05-30 18:57:39,Invalid or missing units consumed
RD00049533,MTR001330,CUST001330,2023-03-03 01:04:45,,,355834.09,229.2,45.91,0.0,2.174,,0,0,Good,2023-03-03 01:32:45,Invalid or missing units consumed
RD00011271,MTR003878,CUST003878,2022-08-31 01:41:40,Automatic,,414334.46,233.8,45.76,0.988,3.16,0.1629,0,0,Good,2022-08-31 01:59:40,Invalid or missing units consumed
RD00007657,MTR001112,CUST001112,2024-03-15 23:54:18,Automatic,,405175.11,235.3,23.72,0.855,24.096,1.295,0,0,Good,2024-03-16 00:19:18,Invalid or missing units consumed
RD00043928,MTR000302,CUST000302,2024-04-11 01:54:15,Automatic,,378229.56,221.0,17.71,0.765,41.562,2.6282,0,0,Good,2024-04-11 02:10:15,Invalid or missing units consumed
RD00012788,MTR004107,CUST004107,2023-11-10 14:50:47,Manual,,461941.07,225.2,3.37,0.874,119.508,4.3993,0,0,Good,2023-11-10 14:52:47,Invalid or missing units consumed
RD00025865,MTR002204,CUST002204,2023-02-14 09:02:37,automatic,,37108.45,237.3,36.38,0.883,9.252,0.6302,0,0,Good,2023-02-14 09:11:37,Invalid or missing units consumed
RD00006129,MTR001526,CUST001526,2023-05-05 00:25:34,Manual,,278240.76,215.9,14.2,0.996,1100.74,34.6051,0,,Good,2023-05-05 00:50:34,Invalid or missing units consumed
RD00007224,MTR002042,CUST002042,2023-06-25 12:59:05,Automatic,,347421.48,240.1,13.99,0.905,1.871,0.2075,0,0,Estimated,2023-06-25 13:03:05,Invalid or missing units consumed
RD00026512,MTR002461,CUST002461,,Automatic,,469327.11,234.7,16.82,0.892,4.085,0.3415,0,0,Good,2023-10-27 05:17:39,Invalid or missing units consumed
RD00040331,MTR000234,CUST000234,2023-11-06 22:25:30,Automatic,,194040.15,254.5,18.74,0.974,8.735,0.5054,0,0,Good,2023-11-06 22:49:30,Invalid or missing units consumed
RD00016924,MTR004967,CUST004967,2023-06-16 18:04:25,Manual,,253551.61,236.8,17.64,0.923,11.851,0.7655,0,-,Good,2023-06-16 18:20:25,Invalid or missing units consumed
RD00003090,MTR004163,CUST004163,2024-09-01 16:58:28,Automatic,,297806.61,,,0.873,7.606,0.6957,0,0,Good,,Invalid or missing units consumed
RD00008806,MTR001509,CUST001509,2023-12-30 11:52:51,Revised,,283211.5,217.7,39.65,0.817,18.782,1.0205,0,0,Good,2023-12-30 11:59:51,Invalid or missing units consumed
RD00018624,MTR000292,CUST000292,2023-05-20 00:47:29,Automatic,,434297.24,237.3,20.45,0.981,4.178,0.4485,0,0,Good,,Invalid or missing units consumed
RD00038137,MTR003897,CUST003897,2022-08-17 13:19:59,Manual,,292671.79,229.6,27.66,0.708,3.12,0.1757,0,0,,,Invalid or missing units consumed
RD00013864,MTR002202,CUST002202,2022-09-06 17:45:24,Automatic,,498231.65,204.4,38.97,0.961,6.846,0.4708,0,0,Good,,Invalid or missing units consumed
RD00046239,MTR001164,CUST001164,2023-10-31 03:43:50,Automatic,,223474.96,,17.96,0.727,13.064,0.8777,0,0,Good,2023-10-31 04:08:50,Invalid or missing units consumed
RD00021819,MTR002044,CUST002044,2024-06-17 14:03:00,Automatic,,288957.89,235.7,10.39,0.872,14.307,1.0902,0,0,Estimated,2024-06-17 14:16:00,Invalid or missing units consumed
RD00049242,MTR003585,CUST003585,,Automatic,,165100.81,233.1,1.46,0.954,3.457,0.0,0,0,Suspect,2023-12-20 16:31:51,Invalid or missing units consumed
RD00038223,MTR099612,CUST004318,2024-11-17 09:05:42,Automatic,,423628.85,231.5,20.07,,2.694,0.1432,0,0,Estimated,,Invalid or missing units consumed
RD00041902,MTR002607,CUST002607,2023-04-03 15:12:47,Manual,,277772.04,UNKNOWN,1.48,0.713,,0.4085,0,0,Good,2023-04-03 15:27:47,Invalid or missing units consumed
RD00024420,MTR001087,CUST001087,2024-05-15 03:03:47,Automatic,,125482.49,220.8,,0.754,7.468,0.49,0,,Good,2024-05-15 03:09:47,Invalid or missing units consumed
RD00021626,MTR000346,CUST000346,,Automatic,,174471.07,249.4,0.19,0.755,11.832,0.6091,0,0,Good,2024-02-02 23:15:25,Invalid or missing units consumed
RD00040892,MTR002540,CUST002540,2024-12-25 13:53:57,Automatic,,482451.62,212.3,43.66,0.791,41.111,0.9433,0,0,Good,,Invalid or missing units consumed
RD00005057,MTR002415,CUST002415,2024-12-10 13:59:26,Automatic,,,226.9,48.79,0.814,3.94,0.2068,0,0,Good,,Invalid or missing units consumed
RD00029141,MTR001791,CUST001791,2023-07-08 23:18:35,Automatic,,162452.35,233.5,23.94,0.975,4.485,0.2251,0,0,Good,2023-07-08 23:43:35,Invalid or missing units consumed
RD00003713,MTR004235,CUST004235,2024-11-12 17:26:42,Automatic,,207563.48,232.4,34.33,0.769,12.099,0.7346,0,0,Estimated,2024-11-12 17:37:42,Invalid or missing units consumed
RD00028556,MTR004124,CUST004124,2022-01-15 19:21:30,Automatic,,207431.61,243.6,40.69,0.928,1.36,0.0425,0,0,Suspect,,Invalid or missing units consumed
RD00021214,MTR002750,CUST002750,2024-04-21 19:53:58,Automatic,,184850.8,237.6,32.58,0.872,272.687,29.0099,0,0,Good,2024-04-21 20:00:58,Invalid or missing units consumed
RD00016029,MTR004652,CUST004652,2024-10-25 09:39:02,Estimated,,326806.2,213.0,46.65,0.838,10.01,0.7243,0,0,Estimated,2024-10-25 09:47:02,Invalid or missing units consumed
RD00021807,MTR002235,CUST002235,,Automatic,,269211.63,223.2,15.75,0.79,2.029,0.2007,0,0,Good,2023-12-10 23:16:00,Invalid or missing units consumed
RD00047192,MTR001677,CUST001677,2022-10-12 06:42:19,Manual,,122684.29,,48.63,0.75,7.603,0.6578,0,0,UNKNOWN,2022-10-12 06:53:19,Invalid or missing units consumed
RD00014450,MTR004222,CUST004222,2024-06-24 13:35:19,Manual,,457748.33,233.5,46.46,0.807,11.171,1.0158,0,0,Good,2024-06-24 13:38:19,Invalid or missing units consumed
RD00027769,MTR001172,CUST001172,2022-07-19 01:31:29,Automatic,,331510.99,234.0,7.98,0.781,3.073,,0,0,Good,,Invalid or missing units consumed
RD00034001,MTR004156,CUST004156,2022-09-06 20:40:38,Manual,,86952.35,234.8,47.02,0.768,115.106,5.1961,0,0,Suspect,2022-09-06 20:45:38,Invalid or missing units consumed
RD00026292,MTR000360,CUST000360,,Automatic,,,228.3,43.64,0.804,7.879,0.4624,0,0,Good,2023-08-21 17:15:08,Invalid or missing units consumed
RD00040389,MTR001636,CUST001636,,Automatic,,447.20482,214.5,13.95,0.882,16.084,0.0,0,0,Good,2024-09-16 09:29:13,Invalid or missing units consumed
RD00022179,MTR000980,CUST000980,2023-08-11 03:43:32,Automatic,,488361.17,,6.02,,26.081,1.1254,0,0,Good,2023-08-11 03:56:32,Invalid or missing units consumed
RD00019115,MTR002049,CUST002049,2023-01-21 02:48:31,Manual,,,218.4,19.65,0.781,1.364,0.0952,0,0,Good,2023-01-21 02:55:31,Invalid or missing units consumed
RD00045794,MTR001584,CUST001584,2023-08-21 23:08:17,Manual,,178731.15,240.2,23.09,0.901,62.779,2.1539,,0,Good,2023-08-21 23:10:17,Invalid or missing units consumed
RD00034046,MTR000038,CUST000038,2024-12-13 09:58:52,Automatic,,412408.7,240.0,36.39,0.764,14.583,0.7715,0,0,Good,,Invalid or missing units consumed
RD00008086,MTR004104,CUST004104,2022-10-21 21:09:18,Automatic,,140136890.0,215.6,25.11,0.732,2.984,0.0977,0,0,Good,,Invalid or missing units consumed
RD00003576,MTR000003,CUST000003,,Automatic,,286374.2,-,20.96,0.883,4.443,0.4044,0,0,Good,2023-08-19 07:00:34,Invalid or missing units consumed
RD00006027,MTR003333,CUST003333,,Automatic,,303545.11,231.0,44.85,0.961,,0.9266,0,0,Good,2024-03-18 23:50:30,Invalid or missing units consumed
RD00047067,MTR001482,CUST001482,2022-12-20 17:34:46,Automatic,,75625.22,233.4,19.2,0.776,33.827,2.4455,0,0,Good,2022-12-20 17:47:46,Invalid or missing units consumed
RD00002811,MTR000998,CUST000998,2022-07-14 00:54:15,Automatic,,184115.0,230.4,38.87,0.942,2.011,0.1994,0,0,Good,2022-07-14 01:06:15,Invalid or missing units consumed
RD00022351,,CUST004298,2023-09-24 02:24:38,Estimated,,123396.85,219.8,10.8,0.931,2.327,0.0793,0,0,Good,2023-09-24 02:54:38,Invalid or missing units consumed
RD00028140,MTR002414,CUST002414,2023-05-09 15:23:00,Automatic,,243871.12,225.4,25.81,0.765,43.239,,0,0,Good,2023-05-09 15:38:00,Invalid or missing units consumed
RD00037863,MTR001376,CUST001376,2024-11-16 15:22:51,Automatic,,273156.95,,9.11,0.864,3.833,0.3995,0,0,Good,,Invalid or missing units consumed
RD00019522,MTR002051,CUST002051,2024-12-16 04:15:08,Automatic,,62392.09,246.9,22.83,0.973,4.616,0.1209,0,0,Good,2024-12-16 04:45:08,Invalid or missing units consumed
RD00006269,MTR001572,CUST001572,2023-09-27 04:33:43,Revised,,134905.13,223.2,15.81,,9.238,0.4389,0,0,Good,,Invalid or missing units consumed
RD00023949,MTR002401,CUST002401,2024-09-22 00:57:08,Estimated,,195968.57,219.5,29.67,0.914,4.557,0.3603,0,0,,2024-09-22 01:03:08,Invalid or missing units consumed
RD00024179,MTR000079,CUST000079,2023-10-18 10:33:38,Automatic,,411205.49,241.2,12.73,0.901,1.657,0.0505,,0,Good,2023-10-18 10:56:38,Invalid or missing units consumed
RD00019084,MTR004594,CUST004594,2024-07-26 07:12:55,Automatic,,150380.01,216.4,17.84,0.866,22.597,1.5224,0,1,Good,2024-07-26 07:41:55,Invalid or missing units consumed
RD00035097,MTR004765,CUST004765,2024-08-15 06:51:33,,,124634.28,216.3,15.88,0.708,11.626,1.1481,0,0,,2024-08-15 07:19:33,Invalid or missing units consumed
RD00010056,MTR001538,CUST001538,2022-09-29 09:14:22,Automatic,,148538.1,249.5,,0.874,25.791,1.5319,0,0,Good,2022-09-29 09:23:22,Invalid or missing units consumed
RD00002718,MTR003583,CUST003583,,Manual,,221711.84,225.6,27.28,0.89,125.211,8.47,0,0,Good,2022-08-14 05:47:34,Invalid or missing units consumed
RD00000001,MTR004955,CUST004955,2024-01-19 02:21:22,Automatic,,492994.67,228.8,0.21,0.703,0.515,,0,0,Good,2024-01-19 02:44:22,Invalid or missing units consumed
RD00004788,MTR002903,CUST002903,2023-04-16 16:40:45,Estimated,,69375.53,211.8,3.38,0.91,4.275,0.3849,0,0,Good,2023-04-16 17:03:45,Invalid or missing units consumed
RD00017942,MTR001967,CUST001967,,Manual,,124910.93,232.8,46.09,0.714,144.572,,0,0,Invalid,2022-11-15 03:07:45,Invalid or missing units consumed
RD00042372,MTR002625,CUST002625,2022-07-25 23:34:49,Estimated,,243548.23,231.8,39.81,,3.365,0.3223,0,,Good,2022-07-25 23:59:49,Invalid or missing units consumed
RD00030803,MTR000694,CUST000694,2023-05-05 12:37:56,Automatic,,113805.18,232.6,13.17,0.839,1406.42,55.7005,0,0,Good,2023-05-05 12:39:56,Invalid or missing units consumed
RD00029870,MTR000459,CUST000459,2024-07-28 13:44:44,Automatic,,127388.32,231.5,22.01,0.872,3.146,0.1506,0,0,Estimated,2024-07-28 14:11:44,Invalid or missing units consumed
RD00018123,MTR003644,CUST003644,2024-12-20 04:42:57,Automatic,,62645.27,218.5,3.79,0.915,48.147,,0,0,Good,2024-12-20 05:12:57,Invalid or missing units consumed
RD00042155,MTR000883,CUST000883,2022-12-09 03:23:11,Automatic,,294073.04,238.2,42.6,0.978,3.76,0.2065,0,0,Estimated,2022-12-09 03:48:11,Invalid or missing units consumed
RD00006483,MTR001560,CUST001560,2024-10-01 09:02:57,Estimated,,271507.54,218.9,12.77,0.726,10.494,0.2674,1,0,Good,2024-10-01 09:17:57,Invalid or missing units consumed
RD00036632,MTR003093,CUST003093,2023-04-27 10:25:58,Automatic,,152242.43,215.6,47.7,0.947,27.11,1.7986,0,0,Good,2023-04-27 10:44:58,Invalid or missing units consumed
RD00024389,MTR002818,CUST002818,,Automatic,,376989.69,223.9,3.63,0.833,14.424,1.3429,0,0,Good,2023-06-23 10:54:43,Invalid or missing units consumed
RD00030412,MTR002527,CUST002527,2022-11-30 18:06:27,Manual,,352593.04,238.6,48.92,0.979,22.407,0.8915,0,0,Good,2022-11-30 18:19:27,Invalid or missing units consumed
RD00015831,MTR003606,CUST003606,2024-01-21 21:02:56,UNKNOWN,,459611.77,211.5,30.66,0.914,87.626,5.0872,0,0,Estimated,,Invalid or missing units consumed
RD00041297,MTR000350,CUST000350,2022-08-15 15:50:22,0,,389876.01,226.2,16.98,0.935,0.0,0.7933,0,,Estimated,2022-08-15 16:19:22,Invalid or missing units consumed
RD00015832,MTR004074,CUST004074,2023-05-30 22:40:47,Automatic,,33358.56,230.4,44.11,0.794,1.5,0.0594,0,1,Good,2023-05-30 22:57:47,Invalid or missing units consumed
RD00004024,MTR001453,CUST001453,,MANUAL,,113242.0,233.2,9.53,0.813,1.204,0.0876,0,0,Good,2023-01-12 04:42:36,Invalid or missing units consumed
RD00022801,MTR003954,CUST003954,2023-01-01 16:03:49,manual,,436119.39,240.9,42.85,0.998,11.257,0.6242,0,0,Good,2023-01-01 16:14:49,Invalid or missing units consumed
RD00018469,MTR001174,CUST001174,2023-12-20 07:22:34,Automatic,,341855.54,226.5,49.57,0.781,22.005,1.8595,0,0,Estimated,2023-12-20 07:24:34,Invalid or missing units consumed
RD00037408,MTR004294,CUST004294,2022-11-10 04:32:45,Manual,,105615.68,234.3,1.71,0.927,4.073,0.347,0,0,Good,2022-11-10 04:49:45,Invalid or missing units consumed
RD00033033,MTR002987,CUST002987,2024-04-06 08:21:40,Automatic,,396731.65,239.6,43.21,0.734,6.393,,0,0,Good,2024-04-06 08:36:40,Invalid or missing units consumed
RD00045420,MTR003918,CUST003918,2022-09-23 07:49:46,AUTOMATIC,,361338.63,212.7,34.32,0.744,106.05,7.3474,0,0,Good,2022-09-23 08:08:46,Invalid or missing units consumed
RD00037176,MTR002304,CUST002304,2024-04-24 15:21:22,Automatic,,452288.29,230.6,9.08,0.79,4.747,0.2351,0,1,Good,2024-04-24 15:39:22,Invalid or missing units consumed
RD00042154,MTR003847,CUST003847,2024-07-30 16:17:15,REVISED,,339882.93,230.4,3.18,0.783,,,0,0,Good,2024-07-30 16:35:15,Invalid or missing units consumed
RD00023770,MTR000070,CUST000070,2024-06-27 07:24:41,Automatic,,433889.55,231.4,30.46,0.715,25.53,0.6279,0,0,Good,2024-06-27 07:35:41,Invalid or missing units consumed
RD00031762,MTR002527,CUST002527,2022-03-29 07:25:11,Automatic,,268822.52,232.3,13.92,0.799,4.942,0.1679,0,0,,2022-03-29 07:28:11,Invalid or missing units consumed
RD00006177,MTR001398,CUST001398,2023-08-19 10:15:32,Automatic,,231551.23,208.4,5.0,0.952,3.937,0.2333,0,0,Good,2023-08-19 10:44:32,Invalid or missing units consumed
RD00040026,MTR000916,CUST000916,2022-01-23 18:28:32,Automatic,,,237.7,37.84,0.927,14.383,1.1746,0,0,Estimated,2022-01-23 18:29:32,Invalid or missing units consumed
RD00006101,MTR002808,CUST002808,2023-04-18 01:10:16,Automatic,,187882.42,230.9,30.62,0.88,0.955,,0,0,,,Invalid or missing units consumed
RD00038347,MTR003408,CUST003408,2024-04-30 12:54:56,Automatic,,244351.89,225.3,13.75,0.983,7.887,0.0,0,0,Good,2024-04-30 13:02:56,Invalid or missing units consumed
RD00034589,MTR001101,CUST001101,2024-10-26 19:17:29,Revised,,258148.41,226.1,27.16,0.916,8.481,0.2527,0,0,Good,2024-10-26 19:42:29,Invalid or missing units consumed
RD00004359,MTR000265,CUST000265,2024-08-05 18:53:09,Automatic,,100742.4,0,40.75,0.956,52.392,3.1197,0,0,Good,2024-08-05 18:57:09,Invalid or missing units consumed
RD00021016,MTR001886,CUST001886,2023-02-19 02:17:22,Automatic,,352965.31,224.1,23.4,0.753,6.337,0.1433,0,0,Good,2023-02-19 02:36:22,Invalid or missing units consumed
RD00024473,MTR002772,CUST002772,2024-05-19 18:41:33,Automatic,,461461.1,231.1,26.52,0.999,3.287,0.1888,0,0,Good,2024-05-19 18:48:33,Invalid or missing units consumed
RD00045583,MTR002083,CUST002083,2024-01-18 06:40:53,Automatic,,,213.8,8.17,0.908,1.184,0.0928,UNKNOWN,0,Invalid,2024-01-18 06:56:53,Invalid or missing units consumed
RD00035496,MTR000390,CUST000390,2024-06-17 16:26:03,Automatic,,42954.15,233.8,23.46,0.773,6.645,0.3962,0,0,Good,2024-06-17 16:29:03,Invalid or missing units consumed
RD00026107,MTR003046,CUST003046,2022-03-21 14:03:32,Automatic,,272294.79,229.2,11.28,0.828,7.906,0.3883,0,0,Good,2022-03-21 14:28:32,Invalid or missing units consumed
RD00013440,MTR002933,CUST002933,2023-05-30 10:00:52,Automatic,,297231.89,209.3,29.2,0.869,4.944,0.3269,1,0,Estimated,2023-05-30 10:02:52,Invalid or missing units consumed
RD00031293,MTR001976,CUST001976,2022-11-21 20:07:01,Automatic,,472323.07,228.2,26.45,0.917,302.47,20.6874,0,1,Good,2022-11-21 20:19:01,Invalid or missing units consumed
RD00047060,MTR003637,CUST003637,2023-04-29 02:42:00,Automatic,,82331.51,223.7,31.71,0.722,40.914,1.4235,0,0,Good,2023-04-29 03:10:00,Invalid or missing units consumed
RD00047675,MTR002639,CUST002639,2024-07-12 05:01:12,Automatic,,418635.37,225.2,39.3,0.735,1.793,0.0536,1,0,Good,2024-07-12 05:02:12,Invalid or missing units consumed
RD00001760,MTR001550,CUST001550,2024-12-06 03:29:13,Automatic,,256444.42,226.6,21.84,0.874,4.798,0.193,0,0,Good,2024-12-06 03:44:13,Invalid or missing units consumed
RD00011778,MTR001193,CUST001193,2024-03-10 07:57:36,Automatic,,82204.88,225.7,30.97,,34.214,3.1922,0,0,Good,,Invalid or missing units consumed
RD00035135,MTR000463,CUST000463,2023-07-17 18:38:39,Estimated,,339397.95,230.2,25.01,0.943,8.937,0.7367,0,0,Good,2023-07-17 18:41:39,Invalid or missing units consumed
RD00033697,MTR000446,CUST000446,2022-01-27 08:39:52,Automatic,,338051.82,228.2,13.77,0.887,98.836,2.8331,0,,Good,2022-01-27 09:03:58,Invalid or missing units consumed
RD00044625,MTR003221,CUST003221,2022-09-04 17:09:58,Automatic,,26277.9,234.5,47.95,0.74,2.813,0.0903,0,0,Good,2022-09-04 17:17:58,Invalid or missing units consumed
RD00006578,MTR004466,CUST004466,,Automatic,,169987.73,247.2,25.43,0.821,1.506,0.1044,0,0,Good,2022-07-02 06:03:18,Invalid or missing units consumed
RD00023607,MTR003026,CUST003026,2024-06-18 08:43:43,Revised,,402749.6,223.6,0.27,0.836,,,0,0,Good,2024-06-18 08:44:43,Invalid or missing units consumed
RD00008873,MTR002856,CUST002856,2023-12-24 12:39:47,Automatic,,283642.86,229.9,44.07,,4.161,0.235,0,0,Estimated,2023-12-24 13:01:47,Invalid or missing units consumed
RD00026991,MTR002254,CUST002254,2024-06-19 03:11:21,Automatic,,316961.77,239.2,25.35,0.854,3.117,0.0794,0,0,Estimated,,Invalid or missing units consumed
RD00011264,,CUST002374,,Automatic,,96243.47,218.1,16.53,0.844,3.078,,0,0,Good,2023-10-10 00:52:19,Invalid or missing units consumed
RD00005795,MTR003017,CUST003017,2023-03-03 16:01:29,Estimated,,253745.18,237.7,1.53,0.715,7.974,0.3901,0,0,,2023-03-03 16:13:29,Invalid or missing units consumed
RD00049696,MTR003286,CUST003286,2024-05-03 18:08:44,Automatic,,417146.19,237.6,21.99,0.704,1.959,0.1264,0,0,Good,2024-05-03 18:22:44,Invalid or missing units consumed
RD00031939,MTR003695,CUST003695,2024-03-18 19:43:59,Revised,,411512.03,241.5,17.16,0.915,5.42,0.0,0,0,Good,2024-03-18 19:53:59,Invalid or missing units consumed
RD00013284,MTR001204,CUST001204,2022-05-06 21:33:39,Manual,,226642.71,243.9,46.87,0.856,4.86,0.1041,0,0,GOOD,2022-05-06 21:48:39,Invalid or missing units consumed
RD00020621,MTR003640,CUST003640,2022-04-04 15:39:23,Automatic,,183813.3,230.9,33.14,0.88,90.924,4.464,0,1,Good,2022-04-04 15:45:23,Invalid or missing units consumed
RD00029865,MTR004456,CUST004456,2024-09-21 07:00:16,Automatic,,35338.89,238.0,5.64,0.824,60.954,2.1287,0,0,Good,2024-09-21 07:07:16,Invalid or missing units consumed
RD00045902,MTR000883,CUST000883,2023-02-05 01:46:20,Automatic,,51721.79,239.5,5.67,0.977,4.584,0.3336,0,0,GOOD,2023-02-05 02:00:20,Invalid or missing units consumed
RD00045849,MTR004343,CUST004343,,MANUAL,,397512.96,224.9,15.47,0.943,770.03,19.1722,0,0,Good,2024-03-11 11:37:12,Invalid or missing units consumed
RD00037370,MTR003659,CUST003659,2023-04-09 15:20:13,Revised,,68149.45,222.5,47.2,0.977,1.867,0.0713,0,0,Good,2023-04-09 15:34:13,Invalid or missing units consumed
RD00037350,MTR001338,CUST001338,2023-03-30 05:21:10,Automatic,,181353.34,233.8,15.41,0.884,3.884,0.1777,0,0,Good,2023-03-30 05:30:10,Invalid or missing units consumed
RD00002992,MTR003353,CUST003353,2024-09-18 05:44:45,Manual,,195055.18,236.6,30.81,0.831,52.27,4.2793,0,0,Good,2024-09-18 05:59:45,Invalid or missing units consumed
RD00003407,MTR002049,CUST002049,2023-11-19 15:47:20,Automatic,,130222.97,228.3,4.77,0.753,10.884,0.3934,0,0,Good,2023-11-19 16:04:20,Invalid or missing units consumed
RD00001670,MTR004854,CUST004854,2023-04-25 17:39:27,Automatic,,255613.94,229.4,1.98,0.823,,0.1815,0,0,Good,2023-04-25 17:42:27,Invalid or missing units consumed
RD00005540,MTR003218,CUST003218,2024-07-06 12:17:44,MANUAL,,65876.09,232.3,28.96,0.716,0.652,,0,0,Good,,Invalid or missing units consumed
RD00030908,MTR000895,CUST000895,2023-02-12 15:35:53,Automatic,,291781.34,221.8,18.82,0.977,6.393,0.6107,0,0,Good,2023-02-12 15:50:53,Invalid or missing units consumed
RD00040721,MTR003169,CUST003169,2023-12-04 21:15:42,Automatic,,88681.41,231.7,17.43,0.725,7.774,0.7415,0,0,Suspect,2023-12-04 21:24:42,Invalid or missing units consumed
RD00029281,MTR001918,CUST001918,2022-02-09 02:50:58,Automatic,,262326.31,233.8,33.19,0.878,0.383,0.0422,0,0,Good,2022-02-09 03:18:58,Invalid or missing units consumed
RD00001180,MTR002506,CUST002506,2022-04-21 06:03:22,Estimated,,371202.32,228.3,35.92,0.963,1.284,0.0342,1,0,Good,2022-04-21 06:18:22,Invalid or missing units consumed
RD00021721,MTR004831,CUST004831,2024-03-07 02:19:26,Automatic,,214317.71,,8.85,0.858,5.703,0.1703,UNKNOWN,0,Good,2024-03-07 02:32:26,Invalid or missing units consumed
RD00047753,,CUST004615,2024-01-03 13:00:56,Automatic,,190911.79,244.3,7.74,0.903,360.927,19.7314,0,,Good,2024-01-03 13:02:56,Invalid or missing units consumed
RD00038234,MTR003626,CUST003626,2022-12-18 20:45:39,Automatic,,34359.79,235.3,33.06,0.835,10.004,0.4316,0,0,Good,2022-12-18 21:11:39,Invalid or missing units consumed
RD00001714,MTR003193,CUST003193,2023-02-25 01:54:02,Automatic,,411951.29,219.4,14.71,0.912,38.204,1.3201,0,0,Good,2023-02-25 01:59:02,Invalid or missing units consumed
RD00006433,MTR004054,CUST004054,2023-03-20 00:40:38,Automatic,,478155070.0,241.2,0.71,0.93,35.551,,0,0,Good,2023-03-20 01:02:38,Invalid or missing units consumed
RD00013191,MTR000980,CUST000980,2023-11-14 00:36:12,Estimated,,93609.43,236.5,2.85,0.988,37.02,1.8666,0,0,Estimated,2023-11-14 00:38:12,Invalid or missing units consumed
RD00022042,MTR000240,CUST000240,,Automatic,,443736.43,242.2,,0.732,545.958,24.6103,0,0,UNKNOWN,2022-03-30 06:49:54,Invalid or missing units consumed
RD00025896,MTR001934,0,2023-10-15 18:21:40,Automatic,,186959.3,249.6,44.12,0.765,65.397,3.1482,0,0,Good,2023-10-15 18:41:40,Invalid or missing units consumed
RD00030093,MTR002259,CUST002259,2024-07-29 12:35:53,Estimated,,,229.7,48.84,0.931,666.553,,0,0,Good,2024-07-29 13:05:53,Invalid or missing units consumed
RD00007672,MTR002140,CUST002140,2024-02-25 13:53:43,Manual,,79263.24,215.8,38.73,0.806,1.247,0.0732,0,0,Good,,Invalid or missing units consumed
RD00045260,MTR000802,CUST000802,2023-06-28 22:05:49,Automatic,,,221.5,20.19,0.913,45.803,1.827,UNKNOWN,0,Good,2023-06-28 22:09:49,Invalid or missing units consumed
RD00045316,MTR003169,CUST003169,,Manual,,361495.31,237.6,31.76,0.981,9.163,0.9323,0,0,Good,2024-07-08 22:37:42,Invalid or missing units consumed
RD00024637,MTR001614,CUST001614,2024-09-22 10:05:49,Estimated,,183640.61,237.3,35.6,0.759,6.732,0.366,0,0,Good,2024-09-22 10:14:49,Invalid or missing units consumed
RD00010331,MTR004176,CUST004176,2022-10-29 09:48:24,Automatic,,150407.72,225.6,11.03,0.915,15.656,0.6717,-,0,Good,2022-10-29 10:04:24,Invalid or missing units consumed
RD00048024,MTR001260,CUST001260,2023-02-03 07:14:09,Automatic,,68542.48,218.4,20.32,0.898,56.518,2.5614,0,0,Good,,Invalid or missing units consumed
RD00034921,MTR003404,CUST003404,2023-07-16 17:39:25,,,465289.61,214.6,27.82,0.817,,5.229,1,0,Good,,Invalid or missing units consumed
RD00029074,MTR000049,CUST000049,2022-09-22 01:00:08,Automatic,,391917.83,223.8,15.37,0.827,16.588,1.1634,0,0,Good,2022-09-22 01:04:08,Invalid or missing units consumed
RD00032359,MTR001239,CUST001239,,Automatic,,247910.67,227.5,37.68,0.703,912.896,46.0713,1,0,Good,2024-08-01 22:06:41,Invalid or missing units consumed
RD00030069,MTR004065,CUST004065,2023-10-07 09:43:49,Estimated,,347753.3,228.9,11.65,0.722,29.7,0.7195,0,0,Good,2023-10-07 10:13:49,Invalid or missing units consumed
RD00040815,MTR004215,CUST004215,2024-01-02 21:24:25,Automatic,,45841.49,220.3,11.75,0.826,33.916,2.7933,0,0,GOOD,2024-01-02 21:54:25,Invalid or missing units consumed
RD00018960,MTR003675,CUST003675,2023-05-04 10:21:45,Estimated,,451121.18,224.9,40.63,0.986,15.669,0.3537,0,1,Good,2023-05-04 10:40:45,Invalid or missing units consumed
RD00008203,MTR003919,CUST003919,2023-06-02 02:33:34,Automatic,,349376.15,229.0,14.95,0.976,4.085,0.1459,0,0,Good,2023-06-02 02:35:34,Invalid or missing units consumed
RD00045824,MTR000070,CUST000070,2023-07-19 10:13:37,Automatic,,156423.26,226.1,31.32,0.808,,1.8222,-,0,Suspect,2023-07-19 10:20:37,Invalid or missing units consumed
RD00047731,MTR000057,CUST000057,2022-06-11 14:47:26,Automatic,,,,29.38,0.732,7.44,0.1494,0,0,Good,2022-06-11 15:11:26,Invalid or missing units consumed
RD00037196,MTR004256,CUST004256,2024-10-12 21:41:01,Manual,,372735.74,264.1,7.3,0.907,8.736,0.4602,0,0,Good,2024-10-12 21:43:01,Invalid or missing units consumed
RD00003085,MTR001344,CUST001344,2022-12-14 09:41:18,Automatic,,359486.45,208.5,41.03,,4.32,0.2781,0,0,Good,,Invalid or missing units consumed
RD00039931,MTR000491,CUST000491,2022-09-20 05:38:35,Automatic,,322175.7,235.2,9.27,0.921,0.896,0.0855,0,0,Good,2022-09-20 05:57:35,Invalid or missing units consumed
RD00000017,MTR004353,,2023-10-30 07:58:46,Automatic,,242017.13,219.0,31.43,0.912,11.668,0.84,0,0,Good,2023-10-30 08:17:46,Invalid or missing units consumed
RD00008799,MTR003861,CUST003861,2024-10-31 09:54:35,Manual,,131248.2,226.4,2.47,0.848,3.813,0.1764,0,0,Estimated,2024-10-31 10:23:35,Invalid or missing units consumed
RD00008998,MTR002821,CUST002821,2023-05-19 16:04:08,Manual,,421371.16,214.4,17.08,0.834,138.737,7.5379,0,0,good,2023-05-19 16:20:08,Invalid or missing units consumed
RD00005759,MTR004912,CUST004912,2023-10-05 17:43:31,Automatic,,161359.49,224.9,31.2,0.727,,2.453,0,0,Good,2023-10-05 18:04:31,Invalid or missing units consumed
RD00009662,MTR000948,CUST000948,2024-09-19 12:09:02,Manual,,15231.75,-,49.86,0.929,9.904,0.2261,0,0,Estimated,2024-09-19 12:33:02,Invalid or missing units consumed
RD00020117,MTR003423,CUST003423,2022-11-12 17:39:38,Estimated,,39400.22,238.1,3.43,0.714,0.0,7.4661,0,0,Good,2022-11-12 17:40:38,Invalid or missing units consumed
RD00016485,MTR000104,CUST000104,,Automatic,,10515.58,236.5,10.91,0.743,627.629,20.5635,0,0,Good,2022-06-04 16:15:06,Invalid or missing units consumed
RD00006979,MTR001330,CUST001330,,,,54618.68,230.9,42.64,0.973,6.265,0.2899,0,,Invalid,2023-02-01 21:02:51,Invalid or missing units consumed
RD00036058,MTR002749,CUST002749,2024-02-25 03:20:51,Automatic,,397034.58,246.9,3.24,0.867,214.726,21.1579,0,0,Good,2024-02-25 03:36:51,Invalid or missing units consumed
RD00006878,MTR002108,CUST002108,2022-12-05 17:55:26,Automatic,,12864.75,217.2,42.44,0.0,,0.0,0,0,Good,2022-12-05 18:09:26,Invalid or missing units consumed
RD00023855,MTR003778,CUST003778,2024-09-30 21:29:31,Automatic,,219738.89,197.3,39.66,0.929,18.644,0.4213,0,1,Good,2024-09-30 21:49:31,Invalid or missing units consumed
RD00023637,MTR000591,CUST000591,2023-10-19 05:54:24,,,,246.1,36.87,,31.324,1.808,0,0,Good,2023-10-19 05:55:24,Invalid or missing units consumed
RD00015378,MTR001941,CUST001941,2024-11-26 13:02:20,Automatic,,167426.09,245.7,12.43,0.956,0.0,0.609,0,0,Good,2024-11-26 13:08:20,Invalid or missing units consumed
RD00023303,MTR002693,CUST002693,2022-08-27 21:54:03,Automatic,,109696.8,237.9,3.45,0.829,84.044,,0,0,Good,2022-08-27 22:17:03,Invalid or missing units consumed
RD00032108,MTR004164,CUST004164,2023-05-23 03:56:02,Automatic,,481599.43,237.5,12.87,0.928,30.231,1.0861,0,0,Good,2023-05-23 04:24:02,Invalid or missing units consumed
RD00045687,MTR001127,CUST001127,2023-09-13 05:47:58,Automatic,,126682.06,228.8,47.94,0.721,5.6,0.3653,0,0,Good,2023-09-13 06:02:58,Invalid or missing units consumed
RD00034157,MTR001614,CUST001614,2022-06-04 19:55:54,Manual,,28450.02,219.6,40.96,0.964,,0.8349,0,0,Good,2022-06-04 20:14:54,Invalid or missing units consumed
RD00045157,MTR001498,CUST001498,2023-11-18 05:16:04,Manual,,176019.92,232.0,47.02,0.702,3.694,0.196,0,0,Good,2023-11-18 05:34:04,Invalid or missing units consumed
RD00032356,MTR004556,CUST004556,2022-04-23 17:23:12,Manual,,380818.51,238.1,11.04,0.778,4.593,,,0,Good,2022-04-23 17:31:12,Invalid or missing units consumed
RD00046310,MTR002167,CUST002167,2022-06-30 11:16:15,revised,,482182.79,245.4,28.37,0.888,153.843,,0,0,Suspect,2022-06-30 11:31:15,Invalid or missing units consumed
RD00026006,MTR002225,,2023-08-27 10:44:00,Automatic,,223873.49,234.0,28.99,0.793,6.091,0.3294,0,0,Good,2023-08-27 10:53:00,Invalid or missing units consumed
RD00023305,MTR000994,CUST000994,2022-05-19 19:33:38,Automatic,,276673.49,233.5,27.01,0.844,844.022,23.1647,0,0,,2022-05-19 19:47:38,Invalid or missing units consumed
RD00026837,MTR000321,CUST000321,2023-06-17 08:12:35,Automatic,,429923.0,-,21.11,1.0,15.688,0.8656,0,0,-,2023-06-17 08:30:35,Invalid or missing units consumed
RD00001311,MTR004171,CUST004171,2024-10-15 12:48:49,Automatic,,331518.92,248.2,,0.76,467.568,,0,0,Good,2024-10-15 13:05:49,Invalid or missing units consumed
RD00045416,MTR004351,CUST004351,2022-01-19 22:02:49,Automatic,,89936.55,237.8,21.36,0.859,1.075,0.0455,0,UNKNOWN,Good,2022-01-19 22:04:47,Invalid or missing units consumed
RD00010549,MTR004932,CUST004932,2022-01-28 02:33:05,,,330121350.0,235.3,,0.745,16.91,1.4048,0,0,Good,2022-01-28 02:53:05,Invalid or missing units consumed
RD00026371,MTR000469,CUST000469,,Automatic,,252383.79,217.4,34.16,0.993,4.069,0.3965,,0,Estimated,,Invalid or missing units consumed
RD00048997,MTR002619,CUST002619,,Automatic,,121950.82,227.0,10.14,,10.018,0.5276,0,0,Suspect,2024-09-10 18:57:38,Invalid or missing units consumed
RD00035624,MTR004137,CUST004137,2022-11-24 14:11:44,Estimated,,213879.08,212.2,39.51,0.797,506.11,29.2453,0,0,Good,2022-11-24 14:23:44,Invalid or missing units consumed
RD00030458,MTR000171,CUST000171,2023-02-11 14:05:28,Automatic,,267887.72,225.6,39.83,0.853,2.419,0.2504,0,0,Good,2023-02-11 14:10:28,Invalid or missing units consumed
RD00033659,MTR002351,CUST002351,2024-04-22 13:06:44,Estimated,,331445.15,221.9,6.24,0.84,48.064,3.2091,1,0,Good,,Invalid or missing units consumed
RD00032183,MTR004751,CUST004751,2024-07-14 04:09:25,automatic,,41139.25,233.7,17.65,0.754,6.991,0.4646,0,0,Good,2024-07-14 04:18:25,Invalid or missing units consumed
RD00043083,MTR001369,CUST001369,2023-12-01 18:18:24,Automatic,,304597.04,229.5,43.04,0.852,,,0,0,Good,,Invalid or missing units consumed
RD00011786,MTR000177,CUST000177,2023-01-29 06:31:03,Manual,,174363.6,240.2,44.79,0.823,10.181,0.3813,0,0,Good,2023-01-29 06:34:03,Invalid or missing units consumed
RD00013725,MTR003437,CUST003437,2024-07-08 10:11:35,Automatic,,336902.06,232.1,12.27,0.994,34.972,2.2368,0,0,Good,,Invalid or missing units consumed
RD00008807,MTR003315,CUST003315,,Automatic,,432367.74,240.9,,0.976,1.851,0.0926,0,0,Estimated,2022-06-03 05:07:45,Invalid or missing units consumed
RD00000469,MTR003073,CUST003073,2022-03-28 13:08:56,Automatic,,143486.88,218.7,32.15,0.747,,0.2259,0,0,Good,2022-03-28 13:25:56,Invalid or missing units consumed
RD00048233,MTR002669,CUST002669,2022-10-18 08:24:15,Automatic,,357813.69,237.2,37.13,,15.968,0.917,0,,Good,2022-10-18 08:35:15,Invalid or missing units consumed
RD00016851,MTR004026,CUST004026,2023-04-09 21:47:38,automatic,,136259.1,235.3,35.38,0.991,10.031,0.4637,0,0,Good,2023-04-09 21:51:38,Invalid or missing units consumed
RD00015423,MTR003522,CUST003522,2023-04-28 14:24:01,automatic,,412406.18,239.4,23.22,0.915,1.253,0.0447,0,0,Good,2023-04-28 14:39:01,Invalid or missing units consumed
RD00048982,MTR000720,CUST000720,2022-11-14 01:54:41,Automatic,,342234.37,236.5,39.64,0.787,3.151,0.2887,0,0,Estimated,,Invalid or missing units consumed
RD00008521,MTR001530,CUST001530,2023-04-30 03:56:08,Automatic,,100961.82,232.2,42.46,0.867,4.098,0.1412,0,0,Good,2023-04-30 03:58:08,Invalid or missing units consumed
RD00007068,MTR004800,CUST004800,2023-02-11 18:31:18,Manual,,311905.94,229.8,17.12,0.802,9.649,0.6343,0,0,Good,2023-02-11 18:41:18,Invalid or missing units consumed
RD00019930,MTR000059,CUST000059,2024-07-30 05:48:11,Manual,,64429.33,235.4,2.92,0.702,17.704,1.2445,0,0,Good,2024-07-30 06:14:11,Invalid or missing units consumed
RD00027003,MTR003216,CUST003216,,Automatic,,48997.93,224.3,0.0,0.988,1.935,0.0878,0,0,Good,2023-07-30 06:07:48,Invalid or missing units consumed
RD00018127,MTR001260,CUST001260,2024-06-01 17:45:05,,,71472.66,224.3,5.33,0.933,58.466,,0,0,Estimated,2024-06-01 18:06:05,Invalid or missing units consumed
RD00026954,MTR001232,CUST001232,2023-01-03 14:05:48,Automatic,,446578.04,222.0,23.15,0.702,8.894,0.79,0,0,Good,,Invalid or missing units consumed
RD00044891,MTR001947,CUST001947,2023-04-21 02:54:31,Automatic,,91058.08,247.7,24.96,0.942,5.16,0.1622,0,0,Good,2023-04-21 03:05:31,Invalid or missing units consumed
RD00029744,MTR003640,CUST003640,2024-10-12 11:29:54,Automatic,,327060.83,218.4,3.56,0.719,39.063,2.3874,0,0,Invalid,2024-10-12 11:42:54,Invalid or missing units consumed
RD00033915,MTR004489,CUST004489,2024-04-09 20:05:22,Manual,,412400.54,224.8,37.31,0.92,48.734,5.2854,0,0,Good,2024-04-09 20:18:22,Invalid or missing units consumed
RD00026402,,CUST003810,2024-12-04 05:15:31,Automatic,,337051.31,245.6,31.18,0.834,17.527,1.7374,0,0,Good,2024-12-04 05:33:31,Invalid or missing units consumed
RD00046885,MTR004856,CUST004856,,Automatic,,403283.6,229.6,30.54,0.0,16.781,1.0151,0,1,Good,2022-04-03 15:38:30,Invalid or missing units consumed
RD00041298,MTR004435,CUST004435,,Automatic,,333004.22,232.5,19.05,0.831,0.0,0.3628,0,0,Good,2024-12-12 18:24:02,Invalid or missing units consumed
RD00009932,MTR000508,CUST000508,2023-12-24 13:04:39,Automatic,,47765.47,237.9,3.93,0.865,8.253,0.5749,0,0,Estimated,2023-12-24 13:10:39,Invalid or missing units consumed
RD00009942,MTR002466,CUST002466,2023-11-06 00:05:29,Estimated,,191223.45,236.9,3.59,0.978,2.528,0.1356,,0,Good,2023-11-06 00:31:29,Invalid or missing units consumed
RD00037747,MTR004537,CUST004537,2022-08-29 14:36:53,Estimated,,358454.83,,37.49,0.784,2.17,0.1397,0,0,Good,2022-08-29 14:53:53,Invalid or missing units consumed
RD00025748,MTR004395,CUST004395,2023-07-26 18:08:34,Automatic,,216499.25,227.2,3.34,0.906,9.266,0.5941,0,0,Good,2023-07-26 18:27:34,Invalid or missing units consumed
RD00011545,MTR001761,CUST001761,2023-07-18 20:01:45,Automatic,,171621.63,264.4,3.11,0.972,5.922,0.5003,0,0,Good,,Invalid or missing units consumed
RD00039055,MTR004678,CUST004678,2024-02-13 10:26:13,Automatic,,20733.88,238.5,45.71,0.92,13.706,0.5471,0,0,Estimated,2024-02-13 10:39:13,Invalid or missing units consumed
RD00006238,MTR003080,CUST003080,2023-07-23 13:11:23,Estimated,,34026.44,232.6,34.24,0.89,9.474,0.4307,0,0,Invalid,2023-07-23 13:14:23,Invalid or missing units consumed
RD00007122,MTR003188,CUST003188,2023-10-06 20:53:22,Automatic,,59000.2,249.4,20.37,0.853,1.363,0.0546,0,0,Good,2023-10-06 21:06:22,Invalid or missing units consumed
RD00005472,MTR002339,CUST002339,2024-09-20 23:46:58,AUTOMATIC,,279422.41,228.5,21.84,0.766,64.977,4.4926,0,0,Good,,Invalid or missing units consumed
RD00047928,MTR001412,CUST001412,2023-08-14 07:45:03,Manual,,269227.48,,,0.826,92.201,5.5637,0,0,Good,2023-08-14 08:01:03,Invalid or missing units consumed
RD00038286,MTR003472,CUST003472,2022-03-02 16:51:00,Automatic,,330735.38,239.8,31.38,0.885,8.933,,0,0,Good,2022-03-02 16:54:00,Invalid or missing units consumed
RD00032611,MTR002912,CUST002912,2022-09-16 01:01:24,Automatic,,348509.09,229.2,47.55,0.924,1.139,0.075,1,0,Good,2022-09-16 01:30:24,Invalid or missing units consumed
RD00000027,-,CUST001392,2024-07-15 14:32:32,-,,152330070.0,255.3,21.98,0.947,5.652,0.5119,0,0,Good,,Invalid or missing units consumed
RD00028075,MTR000077,CUST000077,,Estimated,,36457.58,224.3,34.26,,4.555,,1,1,Good,2024-07-25 01:42:33,Invalid or missing units consumed
RD00029546,MTR003106,CUST003106,2023-06-07 19:07:20,Automatic,,18179.55,223.2,29.39,0.893,6.415,0.4717,0,0,Good,2023-06-07 19:18:20,Invalid or missing units consumed
RD00049733,MTR003638,CUST003638,2023-08-30 18:56:40,Automatic,,338747.79,233.5,18.65,0.739,55.402,5.1744,0,0,Estimated,2023-08-30 19:07:40,Invalid or missing units consumed
RD00015320,MTR004135,CUST004135,2022-07-13 10:16:42,Automatic,,435865.18,228.3,,0.816,5.13,,0,0,,,Invalid or missing units consumed
RD00018784,MTR003612,CUST003612,2022-11-16 06:46:48,Automatic,,176679.52,244.4,49.44,0.734,86.924,3.2246,0,0,Estimated,2022-11-16 06:55:48,Invalid or missing units consumed
RD00024285,MTR000624,CUST000624,2023-08-02 16:22:25,Automatic,,446998.36,230.7,0.26,0.911,5.5,0.1556,0,0,Estimated,2023-08-02 16:39:25,Invalid or missing units consumed
RD00004759,MTR001120,CUST001120,2024-06-21 12:43:44,Automatic,,418276.15,234.1,0.0,0.977,191.43,10.0364,0,0,Good,,Invalid or missing units consumed
RD00028590,MTR000337,CUST000337,2024-06-28 22:52:05,Automatic,,210140.68,231.8,31.5,0.806,6.728,0.5393,0,0,Good,2024-06-28 23:17:05,Invalid or missing units consumed
RD00043419,MTR000587,CUST000587,2024-10-06 16:27:21,Automatic,,435171.81,217.5,43.32,0.973,18.294,1.1108,0,0,Good,,Invalid or missing units consumed
RD00013247,MTR002161,0,2022-05-14 18:46:43,Automatic,,,236.8,5.22,0.813,7.533,0.2186,0,0,Good,,Invalid or missing units consumed
RD00017782,MTR001907,CUST001907,2022-07-14 20:50:01,Revised,,35022.32,231.1,46.26,0.752,34.964,1.4301,0,0,Good,2022-07-14 21:15:01,Invalid or missing units consumed
RD00027648,MTR004843,CUST004843,2024-01-23 01:45:13,Manual,,410908.36,259.0,10.11,0.71,6.11,0.1666,0,1,Good,2024-01-23 02:01:13,Invalid or missing units consumed
RD00017730,MTR003672,CUST003672,2022-06-16 02:51:22,Automatic,,429893.63,228.3,14.56,0.888,76.815,1.5086,0,0,Good,2022-06-16 03:11:22,Invalid or missing units consumed
RD00016486,MTR004299,CUST004299,,Automatic,,408922.32,227.3,16.69,0.773,8.241,0.2781,0,0,Invalid,2024-02-24 07:13:49,Invalid or missing units consumed
RD00028503,MTR001544,CUST001544,2022-01-09 14:06:28,Automatic,,225849.37,238.8,48.02,0.784,43.65,1.808,0,0,Estimated,2022-01-09 14:26:28,Invalid or missing units consumed
RD00010275,MTR001453,CUST001453,,Estimated,,320548.26,,6.45,0.719,3.923,0.2379,,0,UNKNOWN,2023-08-02 20:53:11,Invalid or missing units consumed
RD00046274,MTR002956,,2023-11-22 18:28:57,ESTIMATED,,38048.11,222.6,19.05,0.981,393.336,7.2714,0,0,Good,2023-11-22 18:43:57,Invalid or missing units consumed
RD00026777,MTR004305,CUST004305,2024-07-03 17:42:35,Automatic,,424548.17,229.1,7.82,0.967,10.534,0.2119,0,0,Good,2024-07-03 18:09:35,Invalid or missing units consumed
RD00035449,MTR001913,,2024-01-07 00:39:58,Manual,,246582.66,218.1,24.1,0.984,4.472,0.3011,0,0,Estimated,2024-01-07 00:45:58,Invalid or missing units consumed
RD00017501,MTR002447,CUST002447,2023-11-28 10:13:29,AUTOMATIC,,465756.03,236.7,48.13,0.797,4.373,0.2803,,0,Good,2023-11-28 10:25:29,Invalid or missing units consumed
RD00045643,MTR004526,CUST004526,2024-05-02 03:54:44,Automatic,,95607.96,224.8,37.28,0.888,3.25,0.161,0,0,Good,,Invalid or missing units consumed
RD00003957,MTR004834,CUST004834,2024-04-14 04:22:43,Automatic,,35957.99,240.7,28.93,0.797,19.172,1.6122,0,0,Good,2024-04-14 04:35:43,Invalid or missing units consumed
RD00009455,0,CUST003182,2022-12-19 07:51:43,Automatic,,251930.24,239.4,7.69,0.745,,0.442,0,0,,2022-12-19 08:09:43,Invalid or missing units consumed
RD00041781,MTR000072,CUST000072,2023-01-18 23:52:13,Manual,,444081.68,208.4,10.89,,3.669,0.2305,0,0,Good,,Invalid or missing units consumed
RD00045203,MTR004760,CUST004760,,Automatic,,313882.57,231.5,42.21,0.904,17.274,0.759,,0,Good,2023-12-04 20:59:39,Invalid or missing units consumed
RD00024037,MTR002787,CUST002787,2022-02-15 20:07:43,Automatic,,237531.83,214.6,47.56,,10.722,0.9855,0,0,Good,2022-02-15 20:32:43,Invalid or missing units consumed
RD00016823,MTR000275,CUST000275,2023-08-03 21:43:01,0,,245618.82,218.5,29.57,,6.907,0.2019,0,0,Good,2023-08-03 22:07:01,Invalid or missing units consumed
RD00004830,MTR004336,CUST004336,,Automatic,,64246.99,239.1,3.6,0.817,4.17,0.1177,0,0,UNKNOWN,,Invalid or missing units consumed
RD00009687,MTR001297,CUST001297,2024-11-17 08:34:45,Automatic,,178619.36,246.2,8.35,,200.934,7.6622,0,0,0,2024-11-17 08:38:45,Invalid or missing units consumed
RD00027515,MTR002458,CUST002458,2024-05-01 00:48:12,Automatic,,129395.51,220.5,6.82,0.706,2.562,0.2119,0,0,Good,2024-05-01 01:05:12,Invalid or missing units consumed
RD00032492,MTR004363,CUST004363,,Automatic,,234157.41,230.0,43.01,0.759,1303.506,53.6676,0,0,Good,2022-05-17 17:51:19,Invalid or missing units consumed
RD00017732,MTR001090,CUST001090,2024-01-03 22:59:19,Automatic,,81208.66,231.7,20.83,0.939,14.747,0.5974,0,,Good,2024-01-03 23:14:19,Invalid or missing units consumed
RD00023577,MTR004690,CUST004690,2023-11-25 23:48:47,Automatic,,107190.22,210.5,33.04,0.84,2.376,,0,0,Good,2023-11-26 00:03:47,Invalid or missing units consumed
RD00041622,MTR003606,CUST003606,2024-06-14 20:03:29,Automatic,,108646.04,228.7,15.16,0.795,53.669,3.3161,0,0,Good,2024-06-14 20:18:29,Invalid or missing units consumed
RD00016912,MTR004890,CUST004890,2022-05-28 05:38:52,Revised,,97488.48,-,30.93,0.723,1.069,0.0842,0,0,Good,2022-05-28 05:59:52,Invalid or missing units consumed
RD00031129,MTR004645,CUST004645,2024-12-09 19:59:23,Automatic,,240921.95,237.4,2.8,,,0.6061,0,0,Estimated,,Invalid or missing units consumed
RD00005420,MTR099030,CUST003337,2022-08-14 19:53:21,Automatic,,455484.59,232.4,29.88,0.864,38.464,0.9989,0,0,Good,2022-08-14 20:19:21,Invalid or missing units consumed
RD00008287,MTR004519,CUST004519,2024-12-09 06:49:12,Estimated,,403576.99,216.4,39.83,0.82,10.512,1.0156,0,0,Estimated,2024-12-09 07:08:14,Invalid or missing units consumed
RD00020512,MTR004713,CUST004713,2022-05-05 15:57:49,Automatic,,470183770.0,260.1,31.16,0.837,6.456,0.5718,0,0,Good,2022-05-05 16:01:49,Invalid or missing units consumed
RD00034476,MTR000568,CUST000568,2024-08-30 16:56:18,Estimated,,111135.83,240.3,43.28,0.895,29.542,,0,0,Good,2024-08-30 17:15:18,Invalid or missing units consumed
RD00030616,MTR000365,CUST000365,2022-07-19 04:35:28,Automatic,,304196.54,245.9,7.21,,3.129,0.2501,0,0,Estimated,2022-07-19 05:04:05,Invalid or missing units consumed
RD00042681,MTR099547,CUST003828,,,,268907.23,244.5,25.23,,13.768,0.5549,0,0,Good,2023-12-14 23:20:31,Invalid or missing units consumed
RD00037621,MTR001175,CUST001175,2024-07-12 18:02:37,Revised,,384247.14,0,4.92,0.816,5.279,0.3682,0,0,Good,2024-07-12 18:04:37,Invalid or missing units consumed
RD00025306,MTR099417,,2024-05-31 18:55:10,Manual,,432084.29,229.6,0.66,0.864,14.97,0.5862,,0,Good,2024-05-31 19:23:10,Invalid or missing units consumed
RD00029092,MTR003060,CUST003060,2023-01-04 03:31:28,Manual,,0.0,238.5,17.14,0.988,87.601,7.1222,0,0,Good,,Invalid or missing units consumed
RD00016781,MTR004311,CUST004311,2023-10-27 11:24:54,Estimated,,278711.81,241.1,24.12,0.845,69.824,5.4527,0,0,Suspect,2023-10-27 11:54:54,Invalid or missing units consumed
RD00036492,MTR001174,CUST001174,,Automatic,,281991.87,238.0,30.51,0.849,66.209,3.3583,0,0,Good,2023-02-23 05:40:09,Invalid or missing units consumed
RD00011527,MTR002894,CUST002894,2024-02-07 16:51:22,Estimated,,411147.93,211.4,33.44,,3.643,0.1297,0,0,Good,2024-02-07 17:14:22,Invalid or missing units consumed
RD00042794,MTR003095,CUST003095,2024-07-21 14:21:29,Automatic,,493410.17,224.3,12.13,0.728,8.316,0.6951,0,0,Good,2024-07-21 14:39:29,Invalid or missing units consumed
RD00013309,MTR004920,CUST004920,2023-09-08 10:27:08,Automatic,,69.42221,229.5,41.45,0.945,87.068,3.8358,0,0,Good,2023-09-08 10:54:08,Invalid or missing units consumed
RD00040559,MTR003802,CUST003802,2023-03-15 13:13:16,Manual,,267933.08,218.0,1.69,0.731,32.825,1.7128,0,,Good,2023-03-15 13:33:16,Invalid or missing units consumed
RD00012102,MTR002133,CUST002133,,Automatic,,232310.41,225.4,32.81,0.974,9.314,0.4537,0,0,Good,2022-03-18 19:37:07,Invalid or missing units consumed
RD00042091,MTR003077,CUST003077,,Automatic,,10024.63,230.0,27.39,0.735,9.809,0.5862,0,0,Good,2024-02-05 20:26:57,Invalid or missing units consumed
RD00046050,MTR004379,CUST004379,,Automatic,,296994.89,213.0,11.06,0.915,95.539,3.9692,0,0,Good,2023-04-07 18:06:47,Invalid or missing units consumed
RD00047757,MTR001025,CUST001025,,Automatic,,391873.51,235.2,38.94,0.91,7.562,0.7421,0,0,Estimated,2024-08-20 02:52:00,Invalid or missing units consumed
RD00043125,MTR004807,CUST004807,2022-06-19 10:02:52,Manual,,58565.87,233.0,7.7,,13.594,1.0634,0,0,Good,2022-06-19 10:09:52,Invalid or missing units consumed
RD00035407,MTR003686,CUST003686,2023-06-26 15:04:01,Automatic,,378600.6,235.4,18.29,0.93,1.181,0.043,0,0,Good,2023-06-26 15:22:01,Invalid or missing units consumed
RD00024941,MTR002174,CUST002174,2024-02-22 00:02:32,Automatic,,227329.01,208.8,20.11,0.77,31.473,1.2412,0,0,,2024-02-22 00:19:32,Invalid or missing units consumed
RD00018476,MTR004969,CUST004969,2022-01-18 10:41:32,Automatic,,121283.76,251.1,6.45,0.872,7.31,0.3062,0,0,UNKNOWN,2022-01-18 10:58:32,Invalid or missing units consumed
RD00006139,MTR000582,CUST000582,2023-11-29 09:31:31,Automatic,,362490.0,218.0,34.95,,1.938,0.1144,0,0,Good,2023-11-29 09:47:31,Invalid or missing units consumed
RD00023142,MTR002090,CUST002090,2022-05-17 12:54:18,Automatic,,11978.11,243.1,32.03,0.804,,0.3564,0,0,Good,2022-05-17 13:02:18,Invalid or missing units consumed
RD00038481,MTR001730,,2023-07-24 22:25:28,Automatic,,83748.5,226.4,12.51,0.9,126.005,4.4155,0,1,Good,2023-07-24 22:47:28,Invalid or missing units consumed
RD00027772,MTR002014,CUST002014,2022-04-21 02:10:29,Automatic,,29269.61,-,29.39,0.933,28.119,2.5212,0,0,GOOD,2022-04-21 02:27:29,Invalid or missing units consumed
RD00024876,MTR002594,UNKNOWN,2022-09-20 20:11:27,Automatic,,,,2.27,0.786,142.566,8.9743,0,0,Good,2022-09-20 20:41:27,Invalid or missing units consumed
RD00035159,MTR003373,CUST003373,2024-05-25 12:33:04,Automatic,,437401.15,211.9,31.02,0.898,5.503,0.127,0,0,Good,2024-05-25 12:37:04,Invalid or missing units consumed
RD00049147,MTR001921,CUST001921,2022-01-23 03:39:16,UNKNOWN,,298492.19,219.7,,0.992,3.769,0.0,0,0,UNKNOWN,2022-01-23 03:47:16,Invalid or missing units consumed
RD00044010,MTR002898,CUST002898,2023-01-02 22:04:12,Manual,,67553.97,229.7,21.84,0.898,10.159,0.386,0,0,Good,2023-01-02 22:12:12,Invalid or missing units consumed
RD00034731,MTR001890,CUST001890,2024-05-19 07:57:10,Revised,,342964.4,240.5,24.93,0.795,13.537,0.5877,0,0,Good,2024-05-19 08:10:10,Invalid or missing units consumed
RD00022245,MTR003508,CUST003508,2022-04-14 00:13:15,Automatic,,449552.9,222.6,7.71,0.79,14.172,0.4334,0,0,Good,2022-04-14 00:42:15,Invalid or missing units consumed
RD00048505,MTR001961,CUST001961,2024-03-25 16:28:32,Automatic,,353979.64,240.9,11.11,,19.225,,0,0,Good,2024-03-25 16:31:32,Invalid or missing units consumed
RD00020418,MTR001894,CUST001894,,Manual,,101407.16,227.2,0.0,0.722,,0.7068,0,0,Good,2024-07-07 18:32:21,Invalid or missing units consumed
RD00028015,MTR001454,CUST001454,2024-10-29 14:06:29,Automatic,,496104.26,226.1,37.27,0.99,8.115,0.0,0,0,Good,2024-10-29 14:30:29,Invalid or missing units consumed
RD00020797,MTR002289,CUST002289,2024-11-13 04:11:57,Revised,,240579.21,230.2,11.91,0.725,2.853,0.1657,0,0,Good,2024-11-13 04:35:57,Invalid or missing units consumed
RD00001762,MTR001270,CUST001270,2024-05-12 12:01:47,Automatic,,130365.87,237.3,33.71,,216.618,12.7133,0,0,GOOD,2024-05-12 12:18:47,Invalid or missing units consumed
RD00029331,MTR002253,CUST002253,2023-01-10 04:08:09,Automatic,,480839.44,226.1,19.54,0.965,45.813,2.3939,0,0,Good,2023-01-10 04:18:09,Invalid or missing units consumed
RD00001089,MTR004363,CUST004363,2023-05-01 14:25:18,Revised,,47373.87,0,22.1,0.991,397.995,,0,0,UNKNOWN,,Invalid or missing units consumed
RD00016502,MTR000506,CUST000506,2023-12-28 22:53:42,Estimated,,66646.16,235.3,,0.939,6.497,0.1615,0,0,Good,2023-12-28 22:54:42,Invalid or missing units consumed
RD00042001,MTR003726,CUST003726,2022-12-13 16:39:11,Automatic,,183231.23,237.7,35.91,0.949,4.311,0.2475,0,0,Good,2022-12-13 16:59:11,Invalid or missing units consumed
RD00010993,MTR000194,CUST000194,2023-06-20 08:12:19,Automatic,,478629.04,242.7,38.08,0.826,141.979,9.9347,1,0,,2023-06-20 08:37:19,Invalid or missing units consumed
RD00039657,MTR003329,CUST003329,2023-03-05 00:32:45,Automatic,,431057.22,222.2,21.42,,6.278,0.2036,0,0,Good,2023-03-05 00:56:45,Invalid or missing units consumed
RD00020514,MTR004260,CUST004260,,Revised,,321897.15,241.3,42.01,0.762,53.286,1.2543,0,0,,,Invalid or missing units consumed
RD00023977,,CUST002524,2024-07-12 21:32:58,0,,252601.72,221.5,22.84,0.908,5.704,0.1348,0,0,,2024-07-12 21:51:58,Invalid or missing units consumed
RD00021317,MTR001230,CUST001230,2024-10-26 06:25:24,,,13361.4,222.6,22.5,0.955,4.087,0.2501,0,0,Good,2024-10-26 06:47:24,Invalid or missing units consumed
RD00011075,MTR004171,CUST004171,2024-08-10 03:32:14,Automatic,,,229.6,18.45,0.948,533.795,52.3214,0,0,Suspect,2024-08-10 04:00:14,Invalid or missing units consumed
RD00010537,MTR000751,CUST000751,2024-02-28 10:27:38,Automatic,,85999.32,224.0,33.72,0.793,3.928,0.2744,0,0,Good,2024-02-28 10:48:38,Invalid or missing units consumed
RD00019766,MTR003876,0,2024-06-30 09:57:33,Automatic,,129032.0,247.4,,0.858,121.844,6.5209,0,0,Good,2024-06-30 10:15:28,Invalid or missing units consumed
RD00007313,MTR000782,CUST000782,2022-11-03 10:22:25,Automatic,,207473.49,,1.34,0.909,6.939,0.4793,0,0,Good,2022-11-03 10:44:25,Invalid or missing units consumed
RD00029313,MTR001115,CUST001115,2024-08-20 02:12:32,Estimated,,215639.49,223.4,13.27,0.868,1.651,0.1398,0,0,Estimated,,Invalid or missing units consumed
RD00048499,MTR001511,CUST001511,,Manual,,124484.62,236.6,27.83,0.755,4.61,0.355,0,0,Good,2022-12-22 17:40:25,Invalid or missing units consumed
RD00045651,MTR001564,CUST001564,2023-10-15 15:17:13,Manual,,13346.85,242.7,3.18,0.726,,0.2568,0,0,Good,2023-10-15 15:27:13,Invalid or missing units consumed
RD00048482,MTR001568,CUST001568,2023-05-21 08:32:51,Estimated,,227107.76,228.8,39.15,0.899,10.197,0.5337,0,0,Estimated,2023-05-21 08:33:51,Invalid or missing units consumed
RD00015508,MTR004874,CUST004874,2022-10-27 15:16:32,Automatic,,171703.74,228.8,34.98,0.891,7.659,0.214,0,0,Suspect,2022-10-27 15:24:32,Invalid or missing units consumed
RD00032153,MTR000861,CUST000861,2024-02-25 00:02:22,Automatic,,131087.77,229.5,0.69,,,0.3217,0,0,Good,2024-02-25 00:15:22,Invalid or missing units consumed
RD00015333,MTR002724,CUST002724,2024-12-08 16:46:06,Automatic,,312295.45,215.9,49.11,0.859,2.397,0.1362,0,,Good,2024-12-08 17:12:06,Invalid or missing units consumed
RD00033413,MTR001293,CUST001293,2023-05-17 07:36:24,Automatic,,314968.36,221.7,21.0,0.819,364.11,23.229,0,0,Good,2023-05-17 07:44:24,Invalid or missing units consumed
RD00041138,MTR003463,CUST003463,2023-02-25 09:24:49,Automatic,,,236.3,41.79,0.72,5.405,0.2339,-,0,Estimated,2023-02-25 09:48:49,Invalid or missing units consumed
RD00035836,MTR002466,CUST002466,2023-10-29 23:31:44,Manual,,383939.24,228.8,43.12,0.752,,0.2,0,,Good,2023-10-29 23:47:44,Invalid or missing units consumed
RD00002875,MTR000756,CUST000756,2024-01-22 15:09:44,Automatic,,305396.43,251.8,40.69,,6.952,0.6562,0,0,Good,2024-01-22 15:21:44,Invalid or missing units consumed
RD00041689,MTR002340,CUST002340,2022-06-21 21:17:27,automatic,,304413.55,244.0,39.1,0.902,6.147,0.2734,0,1,Good,2022-06-21 21:24:27,Invalid or missing units consumed
RD00039675,MTR003114,CUST003114,2023-04-02 20:40:30,Automatic,,,233.5,7.5,0.872,10.405,0.5579,0,0,,,Invalid or missing units consumed
RD00047424,MTR000693,CUST000693,2024-05-27 10:55:46,Revised,,354529.7,213.8,19.9,0.775,10.537,0.4685,0,0,Good,2024-05-27 11:24:46,Invalid or missing units consumed
RD00018017,MTR004877,CUST004877,2022-07-31 13:57:54,Automatic,,441783.64,226.4,36.36,0.718,3.22,,0,0,Good,2022-07-31 14:03:54,Invalid or missing units consumed
RD00045423,MTR002682,CUST002682,2024-08-22 01:05:52,Estimated,,144931.32,UNKNOWN,8.64,,2.679,0.1401,0,0,,2024-08-22 01:27:52,Invalid or missing units consumed
RD00040989,MTR003382,CUST003382,2023-10-16 03:50:56,Revised,,70719.3,230.3,17.81,0.0,2.261,,0,0,Good,2023-10-16 04:02:56,Invalid or missing units consumed
RD00043931,MTR002238,CUST002238,2024-07-29 22:11:07,Manual,,,235.4,24.27,0.724,345.254,33.8489,0,0,,2024-07-29 22:14:07,Invalid or missing units consumed
RD00033697,MTR000446,CUST000446,2022-01-27 08:39:06,Automatic,,338051.82,228.2,13.77,0.887,98.836,2.8331,0,,Good,2022-01-27 09:03:06,Invalid or missing units consumed
RD00021750,MTR003879,CUST003879,2023-12-14 20:28:55,,,34585.52,220.8,43.54,0.808,11.529,0.2383,0,0,Good,2023-12-14 20:46:55,Invalid or missing units consumed
RD00016806,MTR002238,CUST002238,2023-08-25 18:57:46,Automatic,,182229.88,242.0,,0.841,,44.7756,0,0,Good,2023-08-25 18:59:46,Invalid or missing units consumed
RD00000009,,CUST003749,2023-04-11 21:53:57,Manual,,36054.42,234.1,15.33,0.862,10.209,0.6319,0,0,Good,2023-04-11 22:01:57,Invalid or missing units consumed
RD00006463,MTR002481,CUST002481,,Automatic,,12047.59,239.0,34.23,0.737,4.881,0.478,0,0,Good,2023-09-07 12:52:56,Invalid or missing units consumed
RD00000813,MTR099459,CUST001808,2024-02-12 01:45:20,Automatic,,185878.61,230.5,4.2,0.864,16.518,0.329,0,0,Good,2024-02-12 02:10:20,Invalid or missing units consumed
RD00031635,MTR002832,CUST002832,2023-06-03 04:42:06,Automatic,,450915.94,239.1,26.4,0.736,1.382,0.1612,0,1,Good,2023-06-03 05:08:06,Invalid or missing units consumed
RD00040308,MTR002134,CUST002134,2023-11-29 14:24:55,Automatic,,181204.26,216.2,48.88,0.922,533.252,63.0055,0,0,Invalid,2023-11-29 14:46:55,Invalid or missing units consumed
RD00023264,MTR002530,CUST002530,2022-01-24 00:26:54,Estimated,,300720.34,245.4,30.8,0.918,49.922,3.0276,0,0,Good,,Invalid or missing units consumed
RD00040006,MTR002490,CUST002490,,Automatic,,471369.29,,30.49,0.986,6.997,,0,0,Good,2024-09-18 11:00:51,Invalid or missing units consumed
RD00037628,MTR002872,CUST002872,,Automatic,,455641.39,235.0,25.96,0.767,550.439,31.4752,0,1,Good,2024-02-23 19:21:23,Invalid or missing units consumed
RD00017389,MTR003707,,2023-11-11 07:52:37,Automatic,,401677.61,235.7,48.54,0.834,52.537,1.7762,0,0,Good,2023-11-11 07:53:37,Invalid or missing units consumed
RD00016824,MTR003648,CUST003648,2023-07-28 22:39:56,Estimated,,461984.47,230.0,17.95,0.768,5.679,0.3956,0,0,Good,2023-07-28 23:00:56,Invalid or missing units consumed
RD00025981,MTR001348,CUST001348,,Automatic,,368176.74,219.0,13.51,0.796,9.633,0.898,0,0,Good,2022-09-03 17:01:44,Invalid or missing units consumed
RD00041358,MTR004089,CUST004089,,Automatic,,104749.0,224.7,27.09,0.853,267.743,7.0212,0,0,Good,2024-05-11 21:31:53,Invalid or missing units consumed
RD00011336,MTR003615,CUST003615,2024-05-26 16:01:15,,,23999.35,219.3,44.88,0.0,8.883,1.1268,0,0,Good,2024-05-26 16:17:15,Invalid or missing units consumed
RD00028355,MTR001359,CUST001359,2022-01-13 12:37:37,Automatic,,472054.46,227.9,4.35,0.861,34.984,3.6154,0,0,Good,2022-01-13 12:56:37,Invalid or missing units consumed
RD00032540,MTR000080,CUST000080,2024-02-25 07:47:45,Automatic,,82970.88,237.9,31.39,0.915,2.406,0.1117,0,0,Good,2024-02-25 07:51:45,Invalid or missing units consumed
RD00018374,MTR002682,CUST002682,2024-05-07 00:35:21,Automatic,,285782.25,232.1,31.57,0.807,1.985,0.0487,1,0,Good,2024-05-07 00:54:21,Invalid or missing units consumed
RD00004678,MTR004429,CUST004429,2023-07-03 04:43:14,Automatic,,205120.93,226.7,,0.941,4.331,,0,0,0,2023-07-03 04:57:14,Invalid or missing units consumed
RD00008881,MTR002124,CUST002124,2023-04-28 03:18:01,Automatic,,91534.68,228.7,16.64,0.863,4.66,0.1691,0,0,Good,2023-04-28 03:35:01,Invalid or missing units consumed
RD00032039,MTR000394,CUST000394,2024-07-12 20:59:46,Automatic,,217605.66,239.8,29.87,0.825,18.362,0.9588,0,0,Estimated,2024-07-12 21:20:46,Invalid or missing units consumed
RD00049701,MTR003177,CUST003177,2024-04-12 08:31:19,Automatic,,71965.35,222.4,,0.733,6.238,0.5557,0,0,Good,2024-04-12 08:49:19,Invalid or missing units consumed
RD00000241,MTR004745,CUST004745,2022-01-28 08:26:47,Automatic,,448063.3,237.2,49.5,0.83,4.986,0.1907,0,0,Good,2022-01-28 08:40:47,Invalid or missing units consumed
RD00019897,MTR002485,CUST002485,2023-07-07 12:21:16,Estimated,,484396.5,249.1,45.89,0.752,38.348,2.716,,0,Good,2023-07-07 12:40:16,Invalid or missing units consumed
RD00016889,MTR000260,CUST000260,2024-05-22 04:45:15,Estimated,,78891.2,208.9,9.37,0.704,51.458,4.7383,0,0,Good,2024-05-22 05:11:15,Invalid or missing units consumed
RD00015768,MTR001523,CUST001523,2024-06-08 02:47:03,Manual,,449317.54,240.7,14.08,0.962,4.678,0.2762,0,0,Good,2024-06-08 02:48:03,Invalid or missing units consumed
RD00010848,MTR004239,CUST004239,2023-03-17 18:52:17,Manual,,281687.6,224.5,42.72,0.824,53.205,4.025,0,0,Good,2023-03-17 19:21:17,Invalid or missing units consumed
RD00011038,MTR004635,CUST004635,2023-12-03 08:51:19,Automatic,,458698.16,212.7,20.54,0.732,,1.2466,0,0,Good,2023-12-03 08:52:19,Invalid or missing units consumed
RD00031890,MTR003259,CUST003259,2023-08-01 11:15:54,Estimated,,495349.7,223.1,10.38,0.966,9.172,0.3942,0,0,Invalid,2023-08-01 11:41:54,Invalid or missing units consumed
RD00004502,MTR003694,CUST003694,2024-01-18 13:32:56,Manual,,180684.94,224.7,24.71,0.927,8.142,0.6225,0,0,Good,2024-01-18 13:50:56,Invalid or missing units consumed
RD00019195,MTR004202,CUST004202,2022-06-18 02:04:11,Manual,,480226.01,,26.48,0.807,62.41,3.2243,0,0,Good,2022-06-18 02:24:11,Invalid or missing units consumed
RD00044270,MTR004491,CUST004491,2022-07-18 12:36:00,Automatic,,385353.05,230.0,39.8,0.98,402.901,23.7774,0,0,Good,2022-07-18 12:56:00,Invalid or missing units consumed
RD00010961,MTR004705,CUST004705,2024-01-25 18:03:41,Automatic,,147484.76,UNKNOWN,26.59,0.847,37.722,2.0187,0,0,Good,2024-01-25 18:12:41,Invalid or missing units consumed
RD00034158,MTR099616,CUST002759,2023-10-03 12:22:17,Automatic,,371848240.0,228.5,20.97,0.893,4.358,0.209,0,0,Good,2023-10-03 12:50:17,Invalid or missing units consumed
RD00022119,MTR003233,CUST003233,2022-12-14 23:05:38,Automatic,,410027.45,231.2,36.14,0.778,10.467,0.435,0,0,Good,2022-12-14 23:35:38,Invalid or missing units consumed
RD00016104,MTR099197,CUST000351,2023-03-09 03:47:20,AUTOMATIC,,457615.92,239.2,39.28,0.913,0.931,0.0363,,0,Good,2023-03-09 04:16:20,Invalid or missing units consumed
RD00040999,MTR001697,CUST001697,2023-12-23 23:29:02,Automatic,,427515.18,214.2,31.26,0.997,1.298,0.0863,0,0,Estimated,2023-12-23 23:49:02,Invalid or missing units consumed
RD00014417,MTR000157,CUST000157,2023-04-28 21:07:29,Automatic,,263317.28,237.0,33.23,0.962,,,0,1,Good,2023-04-28 21:30:29,Invalid or missing units consumed
RD00005756,MTR004684,CUST004684,2023-02-07 08:57:49,Automatic,,420.28518,207.4,9.66,0.962,7.916,0.3375,0,0,Good,,Invalid or missing units consumed
RD00002940,MTR000151,CUST000151,2022-09-27 01:28:41,Automatic,,436571.84,231.6,35.5,0.73,0.0,2.1854,0,0,Good,2022-09-27 01:45:41,Invalid or missing units consumed
RD00030968,MTR001612,CUST001612,2024-08-09 11:54:03,Estimated,,131888.52,224.0,3.11,0.776,,0.214,0,0,Good,2024-08-09 12:16:03,Invalid or missing units consumed
RD00024548,MTR004966,CUST004966,2023-04-24 10:45:57,,,301585.24,236.3,10.93,0.803,117.729,6.492,0,0,Good,2023-04-24 10:57:57,Invalid or missing units consumed
RD00027880,MTR001163,CUST001163,2023-02-15 03:07:04,Automatic,,303816.29,241.9,22.78,0.962,10.151,0.5555,0,0,,,Invalid or missing units consumed
RD00002471,MTR003387,CUST003387,2022-03-10 12:18:19,Automatic,,346681.88,213.1,,0.777,52.106,1.2756,0,0,Good,2022-03-10 12:23:19,Invalid or missing units consumed
RD00028265,MTR003716,CUST003716,2024-05-18 20:44:27,Estimated,,361157.4,235.9,11.23,0.852,8.64,0.6712,0,0,GOOD,2024-05-18 20:58:27,Invalid or missing units consumed
RD00029847,MTR001504,CUST001504,,Automatic,,338196.49,217.8,31.91,0.965,953.673,64.0034,0,0,Good,2022-06-27 02:21:58,Invalid or missing units consumed
RD00013912,MTR003874,CUST003874,2022-11-23 01:08:41,Automatic,,263330.81,224.5,11.29,0.789,0.858,0.0458,0,0,Good,2022-11-23 01:15:41,Invalid or missing units consumed
RD00015626,MTR000994,CUST000994,2023-11-27 05:31:11,Automatic,,173708.18,213.1,0.25,0.926,710.234,14.5675,0,0,Good,2023-11-27 05:57:11,Invalid or missing units consumed
RD00049197,MTR000220,CUST000220,,estimated,,66730.75,238.4,44.11,0.874,2.737,0.0901,0,0,Good,2023-01-26 10:49:03,Invalid or missing units consumed
RD00017981,MTR001714,CUST001714,,Automatic,,492408.92,239.2,18.36,0.85,,3.696,0,0,Suspect,,Invalid or missing units consumed
RD00007703,MTR000915,CUST000915,2022-09-23 11:28:10,0,,0.0,224.2,9.24,0.761,0.925,0.0708,0,0,Good,2022-09-23 11:51:10,Invalid or missing units consumed
RD00030119,MTR001528,CUST001528,2024-11-28 04:05:28,-,,407511.77,234.7,,0.963,4.065,0.0995,0,0,Good,,Invalid or missing units consumed
RD00020646,MTR001432,CUST001432,2023-03-28 09:57:36,Manual,,134256.1,250.5,46.33,0.706,3.914,0.2683,0,0,,2023-03-28 10:02:36,Invalid or missing units consumed
RD00012922,MTR004278,CUST004278,2024-09-24 02:22:36,Manual,,,239.4,43.92,0.734,2.627,0.1306,0,0,Good,2024-09-24 02:29:36,Invalid or missing units consumed
RD00049202,MTR004128,CUST004128,2023-05-21 19:03:46,Revised,,368852.17,203.0,10.41,0.754,97.975,5.0628,0,0,Good,2023-05-21 19:21:46,Invalid or missing units consumed
RD00046774,MTR000408,CUST000408,,Automatic,,244498.06,220.8,1.27,0.943,76.909,8.9356,0,UNKNOWN,Good,2024-09-20 18:28:13,Invalid or missing units consumed
RD00019546,MTR000888,CUST000888,2022-12-09 12:28:07,Automatic,,47935.45,238.0,4.03,0.723,86.16,1.9866,0,1,Good,2022-12-09 12:49:07,Invalid or missing units consumed
RD00044819,MTR004046,CUST004046,2023-03-09 23:53:05,Automatic,,477743.03,229.6,34.42,0.85,2.028,0.0757,0,0,Good,,Invalid or missing units consumed
RD00030952,MTR004771,CUST004771,2022-02-27 05:15:21,Revised,,120410.24,225.6,25.96,0.935,48.575,2.2516,0,UNKNOWN,Good,2022-02-27 05:27:21,Invalid or missing units consumed
RD00006327,MTR099600,CUST004321,2024-09-23 21:25:38,Automatic,,459853.55,226.3,1.25,0.0,1.742,0.0574,0,0,Good,2024-09-23 21:42:38,Invalid or missing units consumed
RD00047292,MTR001011,CUST001011,2023-08-11 17:43:02,Automatic,,194055.31,226.4,29.12,0.954,,0.0386,0,0,Good,,Invalid or missing units consumed
RD00009125,0,CUST004423,2024-05-31 15:00:50,Automatic,,485874.76,249.5,36.6,0.922,461.1,24.3752,0,1,Good,,Invalid or missing units consumed
RD00002432,MTR002550,CUST002550,,Revised,,170347.96,222.4,18.81,0.771,31.562,1.2819,0,0,Good,2022-11-17 11:32:34,Invalid or missing units consumed
RD00004452,-,CUST001627,2023-05-29 03:09:10,Automatic,,,229.1,32.39,,4.931,0.4153,1,0,Good,2023-05-29 03:39:10,Invalid or missing units consumed
RD00045883,MTR004668,CUST004668,2023-01-16 01:46:13,Automatic,,43954.65,236.2,39.63,,3.467,0.2029,1,0,Estimated,2023-01-16 02:09:13,Invalid or missing units consumed
RD00042760,MTR001470,CUST001470,,Automatic,,395013.74,229.3,2.24,0.809,2.899,0.1913,0,0,Good,2022-04-21 13:38:16,Invalid or missing units consumed
RD00019631,MTR002694,CUST002694,2022-01-03 14:05:53,Automatic,,492052.16,222.9,40.01,0.994,8.471,0.3521,0,0,Good,2022-01-03 14:22:53,Invalid or missing units consumed
RD00047821,MTR000606,CUST000606,,automatic,,397421.97,225.6,38.01,0.98,3.491,0.2336,0,0,Good,2023-12-04 04:00:38,Invalid or missing units consumed
RD00003390,MTR004470,CUST004470,2022-12-03 02:31:00,Automatic,,390743.67,235.7,37.01,0.822,4.748,0.1166,0,0,Suspect,2022-12-03 03:01:00,Invalid or missing units consumed
RD00002355,MTR002617,CUST002617,2023-10-02 15:03:31,Automatic,,0.0,226.5,46.45,,,0.4051,0,0,Estimated,2023-10-02 15:21:31,Invalid or missing units consumed
RD00008778,MTR003335,CUST003335,2024-06-01 14:29:05,Automatic,,281840.54,236.8,0.8,0.999,11.105,0.8536,0,0,Good,2024-06-01 14:43:05,Invalid or missing units consumed
RD00047069,MTR002000,0,2024-08-30 15:24:01,MANUAL,,12048.52,222.7,20.46,0.885,9.675,0.4649,0,0,Good,2024-08-30 15:54:01,Invalid or missing units consumed
RD00048284,MTR002729,CUST002729,2024-02-25 11:05:39,Automatic,,313915.96,,8.63,0.918,12.699,0.8118,0,0,Good,2024-02-25 11:07:39,Invalid or missing units consumed
RD00047077,MTR002058,CUST002058,2024-12-15 09:36:34,Automatic,,72204.0,244.4,49.85,,86.107,9.2983,0,0,Good,2024-12-15 10:00:34,Invalid or missing units consumed
RD00015561,MTR004151,CUST004151,2023-12-23 16:28:54,Automatic,,90048.5,237.9,27.56,0.947,69.815,5.2835,0,0,Good,2023-12-23 16:54:54,Invalid or missing units consumed
RD00025637,MTR000876,CUST000876,2022-12-23 08:26:15,Automatic,,124343.91,212.0,9.12,0.0,89.894,,,0,Good,2022-12-23 08:42:15,Invalid or missing units consumed
RD00011439,MTR000863,CUST000863,2023-11-15 01:37:55,Automatic,,363119.79,UNKNOWN,12.54,0.757,27.005,,0,0,Good,,Invalid or missing units consumed
RD00014510,MTR099404,-,2024-01-26 22:52:23,Manual,,56945.24,223.8,10.59,,783.274,29.3234,0,0,Invalid,2024-01-26 23:03:23,Invalid or missing units consumed
RD00008424,MTR001811,CUST001811,2024-03-31 06:53:26,Automatic,,95699.54,225.6,40.29,0.947,8.783,0.5916,0,0,Good,2024-03-31 07:22:26,Invalid or missing units consumed
RD00046402,MTR002789,CUST002789,2022-04-03 18:27:18,Automatic,,109321.78,,5.96,0.905,5.855,0.643,0,0,Good,2022-04-03 18:35:18,Invalid or missing units consumed
RD00024354,MTR000667,CUST000667,2022-12-03 15:42:22,Automatic,,411972.19,228.9,29.88,0.839,117.286,6.3107,0,0,Good,,Invalid or missing units consumed
RD00006922,MTR001249,CUST001249,2023-08-18 21:45:22,AUTOMATIC,,135656.59,246.7,18.49,0.984,369.457,20.1902,0,0,Good,2023-08-18 21:47:22,Invalid or missing units consumed
RD00048723,,CUST003103,2022-04-18 22:01:55,Revised,,49625.54,221.1,28.97,0.91,,0.5541,0,0,Suspect,,Invalid or missing units consumed
RD00015379,MTR000002,CUST000002,2023-07-14 23:21:33,Estimated,,479401.88,233.4,28.88,0.863,6.465,0.5132,0,UNKNOWN,Good,2023-07-14 23:32:33,Invalid or missing units consumed
RD00047108,MTR002246,UNKNOWN,2023-12-16 23:13:32,Estimated,,329196.06,241.5,38.62,0.788,3.466,0.3694,0,0,Good,2023-12-16 23:35:32,Invalid or missing units consumed
RD00017687,MTR003543,CUST003543,2024-10-14 20:19:41,Automatic,,33820.34,222.2,21.28,0.718,33.259,1.0489,0,0,0,2024-10-14 20:23:41,Invalid or missing units consumed
RD00036091,MTR000269,CUST000269,2024-05-10 14:13:59,Automatic,,417054.51,UNKNOWN,5.38,0.881,3.324,0.3778,0,UNKNOWN,,2024-05-10 14:26:59,Invalid or missing units consumed
RD00038776,MTR004635,CUST004635,,Automatic,,137311.74,231.7,41.42,0.713,114.088,6.4499,0,0,Good,2022-04-16 07:13:53,Invalid or missing units consumed
RD00025141,MTR003626,CUST003626,2023-10-23 04:56:23,Automatic,,330777.28,221.9,24.01,0.866,2.274,0.1459,0,0,Good,2023-10-23 05:09:23,Invalid or missing units consumed
RD00043555,MTR004176,CUST004176,2022-04-14 21:07:16,Automatic,,131120.1,239.9,29.86,0.966,13.489,0.695,0,0,Good,2022-04-14 21:25:16,Invalid or missing units consumed
RD00040480,MTR000061,CUST000061,2022-08-14 11:45:02,Revised,,140913.67,229.7,39.64,0.864,12.861,0.6526,,0,Good,2022-08-14 12:06:02,Invalid or missing units consumed
RD00040415,MTR004821,CUST004821,,Automatic,,130420.69,237.3,11.37,,15.443,1.0828,0,1,Good,2023-02-07 12:56:38,Invalid or missing units consumed
RD00018342,MTR002477,CUST002477,2024-01-18 11:02:22,Automatic,,210132.55,217.1,,0.871,2.043,0.0924,0,0,-,2024-01-18 11:19:22,Invalid or missing units consumed
RD00030520,MTR002817,,2022-12-05 01:57:19,Automatic,,207668.21,246.1,47.96,0.873,11.576,1.1659,0,UNKNOWN,,2022-12-05 01:59:19,Invalid or missing units consumed
RD00035564,MTR003340,CUST003340,2023-12-06 17:07:59,Estimated,,48487.49,245.5,6.12,0.904,103.674,7.255,0,0,Estimated,2023-12-06 17:30:59,Invalid or missing units consumed
RD00043963,MTR004351,,2022-05-20 22:35:52,Manual,,250265.01,239.3,29.19,0.722,14.65,0.3229,0,0,Good,2022-05-20 22:57:52,Invalid or missing units consumed
RD00037755,MTR002124,CUST002124,2024-08-28 23:58:19,Automatic,,213904.93,226.6,32.65,0.953,1.581,0.0813,0,0,Invalid,2024-08-29 00:07:19,Invalid or missing units consumed
RD00040516,MTR004407,CUST004407,2022-02-27 15:34:49,Automatic,,336481.25,234.9,31.93,0.931,0.747,0.0538,0,0,Good,2022-02-27 16:02:49,Invalid or missing units consumed
RD00031155,MTR003357,CUST003357,2022-09-07 12:16:00,Automatic,,492600.21,223.3,7.63,0.731,,0.5938,0,0,Good,2022-09-07 12:20:00,Invalid or missing units consumed
RD00047437,MTR004351,CUST004351,2022-09-28 19:57:09,,,354441.94,239.6,36.63,0.837,1.373,0.0481,0,0,Good,2022-09-28 20:14:09,Invalid or missing units consumed
RD00044522,MTR004027,CUST004027,2022-10-01 11:57:41,Manual,,44510.08,UNKNOWN,20.03,0.869,33.091,2.2841,0,0,Good,,Invalid or missing units consumed
RD00000224,MTR003690,CUST003690,2022-02-03 12:24:27,automatic,,383517.21,224.8,36.36,0.726,54.542,3.2158,0,0,Estimated,2022-02-03 12:30:27,Invalid or missing units consumed
RD00040379,MTR000492,CUST000492,,Automatic,,271345.08,232.0,38.95,0.8,50.259,2.1435,0,0,Good,2022-12-27 06:39:28,Invalid or missing units consumed
RD00011317,MTR099285,CUST004653,2023-01-08 20:53:37,Automatic,,86175.69,244.9,,0.767,151.949,12.22,0,1,Good,2023-01-08 20:58:37,Invalid or missing units consumed
RD00047137,MTR000049,CUST000049,2023-01-25 08:13:55,Automatic,,480443.56,224.4,3.41,0.776,53.31,4.5318,0,UNKNOWN,Estimated,2023-01-25 08:19:55,Invalid or missing units consumed
RD00015113,MTR000138,CUST000138,2024-11-21 15:45:02,Automatic,,473289.27,243.7,35.23,0.853,4.964,0.2305,0,0,Estimated,,Invalid or missing units consumed
RD00038248,MTR000572,CUST000572,2022-09-22 15:02:22,Revised,,345506.21,231.0,41.82,0.97,13.554,0.4179,0,0,Good,2022-09-22 15:06:22,Invalid or missing units consumed
RD00035671,MTR001798,CUST001798,,UNKNOWN,,493793.77,250.2,34.99,0.829,779.851,30.6336,0,0,Good,2024-08-31 03:13:00,Invalid or missing units consumed
RD00006677,MTR003640,CUST003640,2023-01-06 07:40:52,Manual,,131351.67,237.9,44.06,0.809,49.154,2.0484,0,0,Good,,Invalid or missing units consumed
RD00012546,MTR004010,CUST004010,2022-11-07 02:00:27,Manual,,319825.53,234.0,7.08,0.72,,0.1372,0,0,Good,2022-11-07 02:15:27,Invalid or missing units consumed
RD00047028,MTR001845,CUST001845,2024-12-09 03:54:12,Automatic,,228574.92,237.8,49.86,0.746,3.349,,0,0,Good,2024-12-09 04:19:12,Invalid or missing units consumed
RD00046886,MTR003905,CUST003905,2023-09-02 16:31:29,automatic,,484220.39,228.0,3.91,0.733,27.507,0.7091,0,0,Good,2023-09-02 16:57:29,Invalid or missing units consumed
RD00010962,MTR002116,CUST002116,2022-05-29 01:26:55,Automatic,,329835.19,221.0,21.7,0.739,31.874,1.9164,,0,Good,2022-05-29 01:56:55,Invalid or missing units consumed
RD00034430,MTR002384,CUST002384,,Automatic,,77654.27,220.8,20.42,0.885,4.764,0.1027,0,0,Good,2023-11-07 11:29:35,Invalid or missing units consumed
RD00032638,MTR002497,CUST002497,2022-04-22 15:45:18,Automatic,,39525.7,219.3,29.93,0.864,94.74,6.5287,0,1,Good,2022-04-22 15:55:18,Invalid or missing units consumed
RD00008610,MTR003613,CUST003613,2022-02-01 20:41:44,Automatic,,274371.17,234.2,9.59,0.875,14.186,0.8196,0,0,Good,2022-02-01 21:10:44,Invalid or missing units consumed
RD00002023,MTR002399,CUST002399,2023-11-03 23:33:41,Automatic,,466946.98,212.5,1.74,0.925,14.471,0.518,0,0,Good,2023-11-03 23:37:41,Invalid or missing units consumed
RD00031654,MTR002128,CUST002128,,Revised,,91875.42,,2.25,0.97,6.284,0.294,0,0,Good,2023-10-30 07:10:29,Invalid or missing units consumed
RD00045592,MTR002013,CUST002013,2022-09-26 04:19:25,Automatic,,445114.79,213.8,40.59,0.788,1.218,0.0416,0,0,Good,2022-09-26 04:49:25,Invalid or missing units consumed
RD00041027,MTR003938,CUST003938,2022-02-04 16:01:12,Automatic,,110407.74,233.5,20.37,0.838,5.285,0.2224,0,1,Good,2022-02-04 16:04:12,Invalid or missing units consumed
RD00041486,MTR002325,CUST002325,2022-05-05 18:23:15,Automatic,,438473.67,230.1,,,1.34,0.0622,0,0,Good,2022-05-05 18:27:15,Invalid or missing units consumed
RD00046937,MTR001031,CUST001031,2023-10-25 14:05:19,Automatic,,252241.5,,39.29,0.762,5.595,0.214,0,0,Good,2023-10-25 14:06:19,Invalid or missing units consumed
RD00002667,MTR099173,CUST002174,2023-04-08 05:42:21,Automatic,,39218.98,231.6,,0.962,22.606,2.3409,0,,Good,2023-04-08 06:00:21,Invalid or missing units consumed
RD00017045,,CUST001171,2023-10-03 10:46:27,Automatic,,449564.36,225.7,45.32,0.873,1.025,0.0423,0,0,GOOD,2023-10-03 10:47:27,Invalid or missing units consumed
RD00013201,MTR004818,CUST004818,,Automatic,,259497.03,218.8,0.62,0.97,,0.2313,0,0,Good,2024-11-14 06:08:44,Invalid or missing units consumed
RD00035484,MTR001992,CUST001992,2023-08-30 05:56:19,Automatic,,124480.77,230.9,18.54,0.758,1.493,0.0587,0,0,Good,2023-08-30 06:20:19,Invalid or missing units consumed
RD00030903,MTR000716,CUST000716,2023-06-16 14:24:46,Automatic,,427889.82,225.5,44.1,0.973,40.145,1.618,0,0,Good,2023-06-16 14:25:46,Invalid or missing units consumed
RD00023440,MTR003638,CUST003638,2024-10-15 08:32:32,Automatic,,184599.97,236.8,23.84,0.862,7.168,0.5295,1,0,Good,2024-10-15 08:48:32,Invalid or missing units consumed
RD00027539,MTR000182,CUST000182,2024-05-19 02:12:19,Manual,,149871.1,229.0,6.4,0.769,2.16,0.2267,0,0,Good,2024-05-19 02:13:57,Invalid or missing units consumed
RD00006782,MTR004693,CUST004693,,Automatic,,156587.32,231.4,28.1,0.94,28.197,1.0324,0,0,Estimated,2022-03-06 23:46:34,Invalid or missing units consumed
RD00049313,MTR004499,CUST004499,2022-04-07 01:03:32,Automatic,,67040.02,239.6,18.25,0.882,1.384,0.028,0,0,Good,2022-04-07 01:30:32,Invalid or missing units consumed
RD00036755,MTR004659,CUST004659,2023-12-09 21:04:23,Automatic,,222462.8,231.0,47.68,0.731,10.123,0.6912,-,0,Good,2023-12-09 21:20:23,Invalid or missing units consumed
RD00030948,MTR002638,CUST002638,,Automatic,,268554.13,233.5,43.91,0.9,3.304,0.0914,0,0,Good,2022-05-15 15:10:06,Invalid or missing units consumed
RD00002170,MTR002876,CUST002876,2022-09-23 10:13:06,Revised,,368971.87,245.6,23.36,0.82,11.685,0.6413,0,0,Good,2022-09-23 10:17:06,Invalid or missing units consumed
RD00030033,MTR003991,CUST003991,2022-12-02 20:25:36,Automatic,,188441.77,227.5,,0.986,28.066,1.006,0,0,Good,,Invalid or missing units consumed
RD00015897,MTR004591,CUST004591,2024-02-06 13:59:58,Manual,,195301.33,222.9,5.49,0.762,78.578,2.1861,0,0,Good,2024-02-06 14:06:58,Invalid or missing units consumed
RD00042575,MTR001611,CUST001611,2022-09-09 17:22:13,Automatic,,87204.57,225.3,0.86,0.996,9.243,0.7453,0,1,Good,2022-09-09 17:38:13,Invalid or missing units consumed
RD00012035,MTR001385,CUST001385,2024-08-22 07:20:03,,,32337.23,212.4,15.21,0.909,962.585,,0,0,Good,2024-08-22 07:27:03,Invalid or missing units consumed
RD00038360,MTR004361,CUST004361,2022-12-04 11:08:00,Automatic,,235460.19,224.9,7.59,0.868,3.364,0.2487,1,UNKNOWN,Good,2022-12-04 11:32:00,Invalid or missing units consumed
RD00030993,MTR003575,CUST003575,2023-10-02 00:01:24,Automatic,,352620.86,219.1,,0.919,23.926,1.987,0,0,ESTIMATED,,Invalid or missing units consumed
RD00007997,MTR001482,CUST001482,2024-12-29 11:16:56,Automatic,,162037.54,237.5,29.27,0.73,49.804,2.6388,0,0,Good,2024-12-29 11:29:56,Invalid or missing units consumed
RD00037256,MTR004540,CUST004540,2023-05-20 11:57:46,Automatic,,,224.1,21.24,0.989,,0.1409,0,0,Good,2023-05-20 12:20:46,Invalid or missing units consumed
RD00001009,MTR002376,CUST002376,2023-04-11 08:35:36,Automatic,,492450.56,219.9,21.42,0.737,4.63,0.1154,0,0,Good,2023-04-11 08:58:36,Invalid or missing units consumed
RD00045090,MTR001293,CUST001293,2022-06-03 16:55:47,Automatic,,250440.46,238.5,24.77,,480.236,41.1604,0,0,Good,2022-06-03 17:03:47,Invalid or missing units consumed
RD00049232,MTR002512,CUST002512,2022-08-16 14:32:03,Automatic,,237482.83,,32.69,0.849,1.016,0.0994,0,0,estimated,2022-08-16 14:58:03,Invalid or missing units consumed
RD00043216,MTR002036,CUST002036,,Automatic,,323726.63,247.2,46.99,0.866,0.0,0.2972,0,0,Good,2022-11-06 04:02:42,Invalid or missing units consumed
RD00035041,MTR002114,CUST002114,2024-05-16 13:55:12,Automatic,,188578.55,235.1,21.07,,9.533,0.4718,0,0,Good,2024-05-16 14:01:12,Invalid or missing units consumed
RD00011827,-,CUST001629,2024-08-04 04:02:46,Automatic,,293994.39,,12.34,0.95,2.835,,0,1,Good,2024-08-04 04:15:46,Invalid or missing units consumed
RD00044943,MTR002963,CUST002963,2023-12-09 03:45:07,Manual,,345910.98,245.7,36.97,0.812,1.939,0.1246,0,0,Good,2023-12-09 03:46:07,Invalid or missing units consumed
RD00048302,MTR003647,CUST003647,2024-04-20 00:28:25,Automatic,,463092.91,247.2,7.25,0.909,2.535,0.1036,0,0,Good,,Invalid or missing units consumed
RD00023121,MTR000625,CUST000625,2024-11-12 06:08:41,Automatic,,259677.31,232.2,32.47,0.817,105.542,3.5193,0,0,Good,2024-11-12 06:38:41,Invalid or missing units consumed
RD00029891,MTR003462,CUST003462,2022-12-03 20:01:24,Automatic,,443231.85,224.4,46.31,0.814,2.899,0.1592,-,0,Good,2022-12-03 20:11:24,Invalid or missing units consumed
RD00018273,MTR001469,CUST001469,2022-04-27 10:23:57,Automatic,,379112.98,222.2,9.97,0.98,3.823,0.1565,0,0,Good,,Invalid or missing units consumed
RD00005233,MTR003450,CUST003450,2022-02-13 04:01:58,Manual,,355376.33,234.4,48.42,0.908,1.624,0.1019,0,0,Estimated,2022-02-13 04:03:58,Invalid or missing units consumed
RD00010878,MTR002956,CUST002956,2022-11-29 06:41:21,0,,157109.0,268.3,17.74,0.721,933.257,35.012,0,0,GOOD,2022-11-29 06:45:21,Invalid or missing units consumed
RD00045206,,CUST003453,2023-04-28 14:55:52,Estimated,,456352.78,215.6,,0.951,,0.1271,0,0,Good,2023-04-28 15:07:52,Invalid or missing units consumed
RD00021907,MTR003739,CUST003739,2024-10-31 19:37:52,,,174149.18,241.6,1.52,0.903,78.213,4.3318,0,0,Good,2024-10-31 20:04:52,Invalid or missing units consumed
RD00047231,MTR004176,UNKNOWN,2022-12-02 20:29:55,Automatic,,425387.78,,31.35,0.851,3.579,0.3655,0,0,Good,,Invalid or missing units consumed
RD00040963,MTR001449,CUST001449,2024-10-23 01:06:58,Automatic,,320471.48,231.1,18.44,0.758,29.744,1.7996,0,0,Good,2024-10-23 01:31:58,Invalid or missing units consumed
RD00025118,MTR003826,CUST003826,2022-08-08 02:05:36,Automatic,,328251.26,240.0,26.91,0.938,2.401,0.0899,0,0,Good,2022-08-08 02:17:36,Invalid or missing units consumed
RD00019701,MTR000958,CUST000958,2024-08-15 06:09:34,Automatic,,449450.62,227.3,28.03,0.893,,0.6262,0,0,Good,2024-08-15 06:23:34,Invalid or missing units consumed
RD00033550,MTR003958,CUST003958,2024-07-11 13:45:20,Automatic,,431894.23,217.0,17.37,0.765,,9.4959,0,0,Good,2024-07-11 14:02:20,Invalid or missing units consumed
RD00028352,MTR003804,CUST003804,2022-10-30 15:48:48,Manual,,155252.65,226.8,32.98,0.934,0.921,0.0849,0,,Estimated,2022-10-30 16:02:48,Invalid or missing units consumed
RD00006975,MTR003647,CUST003647,2022-07-28 13:41:01,Automatic,,58280.52,229.3,23.83,0.987,10.371,0.4921,0,0,Estimated,2022-07-28 13:55:01,Invalid or missing units consumed
RD00046987,MTR002771,CUST002771,2023-09-16 21:22:58,Manual,,408345.95,221.2,0.24,0.917,13.098,0.4579,0,0,Good,2023-09-16 21:43:58,Invalid or missing units consumed
RD00030562,MTR001312,CUST001312,2022-08-03 11:38:27,Automatic,,281947.68,230.5,2.6,0.0,11.819,0.3432,0,0,Good,2022-08-03 11:50:05,Invalid or missing units consumed
RD00048693,MTR004941,CUST004941,2024-04-15 20:19:49,Estimated,,332371.6,231.5,48.43,0.825,2.622,0.14,0,0,Good,2024-04-15 20:21:49,Invalid or missing units consumed
RD00028223,MTR002999,CUST002999,2022-01-30 18:20:44,Automatic,,32836.54,232.4,22.86,0.795,,0.4139,0,1,Good,,Invalid or missing units consumed
RD00001739,MTR004539,CUST004539,2024-02-28 04:56:57,Manual,,364431.58,237.1,28.58,0.897,3.72,0.3841,0,0,GOOD,2024-02-28 05:18:57,Invalid or missing units consumed
RD00013670,MTR000160,CUST000160,2023-10-06 23:52:13,Automatic,,404711.67,216.1,36.74,0.813,5.053,0.4205,0,0,Good,2023-10-07 00:13:13,Invalid or missing units consumed
RD00003702,MTR004040,CUST004040,2023-07-29 08:35:42,Automatic,,336939.12,238.0,24.06,0.786,90.897,5.4979,0,0,Good,2023-07-29 08:45:42,Invalid or missing units consumed
RD00037098,MTR004536,CUST004536,2023-12-03 22:36:40,Estimated,,246346.66,231.1,10.22,0.768,3.779,0.1085,0,0,Good,2023-12-03 22:52:40,Invalid or missing units consumed
RD00046766,MTR004821,CUST004821,2024-09-29 14:26:15,Automatic,,265340.17,225.4,15.87,0.99,21.671,2.0689,0,0,Good,2024-09-29 14:46:15,Invalid or missing units consumed
RD00016329,MTR001772,CUST001772,2023-08-08 15:12:48,Automatic,,399050.91,234.3,16.48,0.757,10.111,0.5212,0,0,Good,2023-08-08 15:42:48,Invalid or missing units consumed
RD00040980,MTR000568,CUST000568,2023-09-13 16:52:07,Automatic,,445515.68,239.0,28.18,0.985,41.693,2.4583,0,0,Good,,Invalid or missing units consumed
RD00049406,MTR002648,CUST002648,,Manual,,211723.35,233.7,44.63,0.92,11.953,0.2431,0,0,Good,2023-06-28 07:13:50,Invalid or missing units consumed
RD00012069,MTR003866,CUST003866,2024-05-26 18:11:20,Estimated,,365320.23,233.6,31.58,0.723,92.79,6.3427,0,0,Good,2024-05-26 18:39:20,Invalid or missing units consumed
RD00021094,MTR001644,CUST001644,2022-11-02 23:03:24,automatic,,27071.93,247.5,10.23,0.712,0.728,0.0453,,0,Good,,Invalid or missing units consumed
RD00046607,MTR004251,CUST004251,2022-02-25 12:51:52,Automatic,,128807.77,211.3,22.11,0.701,2.324,0.0823,0,0,,2022-02-25 13:08:52,Invalid or missing units consumed
RD00003505,MTR000500,CUST000500,2024-05-20 16:33:06,Manual,,145668.33,233.3,47.89,0.817,97.074,3.6544,0,0,Good,2024-05-20 17:00:06,Invalid or missing units consumed
RD00028395,MTR004409,CUST004409,2023-01-27 12:30:54,-,,187178.6,222.6,38.86,0.915,6.531,0.5491,0,0,Good,2023-01-27 12:31:54,Invalid or missing units consumed
RD00045213,MTR000219,CUST000219,2024-06-04 17:34:13,Automatic,,265992.71,241.8,46.35,0.898,,0.0901,0,0,Good,2024-06-04 17:40:13,Invalid or missing units consumed
RD00008519,MTR000668,CUST000668,2024-03-03 23:37:05,Automatic,,158004.34,0,,0.962,1.637,0.0705,0,0,-,2024-03-03 23:46:05,Invalid or missing units consumed
RD00036643,MTR001269,,2023-01-10 17:01:57,Automatic,,458332.39,232.4,43.07,0.755,1.194,,0,0,Estimated,2023-01-10 17:31:59,Invalid or missing units consumed
RD00043343,MTR003261,CUST003261,2022-06-28 15:37:26,Automatic,,,242.7,25.93,0.764,10.245,0.2629,0,0,UNKNOWN,2022-06-28 15:38:26,Invalid or missing units consumed
RD00018279,MTR001827,CUST001827,2022-02-23 03:14:55,Automatic,,89056.79,225.9,4.42,0.733,1.718,0.0632,1,0,Good,2022-02-23 03:35:55,Invalid or missing units consumed
RD00038211,MTR004899,CUST004899,2023-02-05 11:42:12,Estimated,,477824.52,238.9,42.36,0.819,2.41,0.1941,,0,Good,2023-02-05 11:57:12,Invalid or missing units consumed
RD00040854,MTR003268,CUST003268,2024-01-30 13:28:19,Automatic,,41434.41,218.5,23.68,0.774,63.311,2.4722,1,0,Good,2024-01-30 13:54:19,Invalid or missing units consumed
RD00006862,MTR001762,CUST001762,2023-05-29 01:19:00,Automatic,,58847060.0,229.5,32.35,0.908,2.604,0.0494,0,0,Good,2023-05-29 01:31:00,Invalid or missing units consumed
RD00042973,MTR001851,CUST001851,2022-11-28 21:12:48,AUTOMATIC,,357674.45,239.8,33.0,0.859,,0.2903,0,0,Good,2022-11-28 21:34:48,Invalid or missing units consumed
RD00016962,MTR004563,-,2024-11-27 04:07:06,Automatic,,183144.23,216.2,21.99,0.774,12.714,0.4572,0,0,Estimated,2024-11-27 04:35:06,Invalid or missing units consumed
RD00024103,MTR002759,CUST002759,,Automatic,,0.0,226.6,30.04,0.902,0.774,0.0218,0,0,estimated,2023-02-28 19:19:32,Invalid or missing units consumed
RD00002012,MTR000993,CUST000993,2023-09-26 11:28:35,Automatic,,496370.04,212.5,29.67,0.988,0.0,0.6378,0,0,Estimated,2023-09-26 11:52:35,Invalid or missing units consumed
RD00010458,MTR000096,CUST000096,2024-04-11 00:06:14,Manual,,157114.52,234.4,11.21,0.852,5.409,0.6036,0,0,Good,2024-04-11 00:09:14,Invalid or missing units consumed
RD00009366,MTR001221,CUST001221,2023-07-21 09:52:30,Automatic,,255190370.0,225.4,,0.92,21.577,,0,0,Good,2023-07-21 10:03:30,Invalid or missing units consumed
RD00047639,MTR003546,CUST003546,2022-06-27 22:49:50,Automatic,,109757.42,,30.16,0.732,,9.2423,0,0,Good,,Invalid or missing units consumed
RD00016620,MTR003908,CUST003908,2022-05-11 00:01:21,Automatic,,206142.2,220.5,4.08,0.738,7.175,0.4575,0,0,Good,2022-05-11 00:07:21,Invalid or missing units consumed
RD00011787,MTR004648,CUST004648,2023-11-16 01:07:06,Manual,,197988.55,238.8,19.8,0.764,3.349,0.2142,0,0,Good,2023-11-16 01:10:06,Invalid or missing units consumed
RD00021254,MTR004522,CUST004522,2023-06-11 07:00:36,Automatic,,71348.11,217.2,27.03,,,0.4702,,1,Good,2023-06-11 07:01:36,Invalid or missing units consumed
RD00007499,MTR004878,CUST004878,2022-07-14 08:37:26,Automatic,,253601.34,235.9,3.9,0.826,9.139,0.7284,0,0,Good,,Invalid or missing units consumed
RD00040354,MTR001313,CUST001313,2024-11-17 19:19:41,Estimated,,51584.63,234.8,34.18,0.8,3.358,0.1461,0,0,Good,2024-11-17 19:41:41,Invalid or missing units consumed
RD00001112,MTR001887,CUST001887,,Automatic,,212383.44,229.0,30.35,0.811,6.878,0.2249,0,0,Good,2022-02-01 14:43:06,Invalid or missing units consumed
RD00015533,MTR001236,CUST001236,,estimated,,192508.31,222.9,36.45,0.841,10.26,0.5304,0,0,GOOD,2022-01-27 08:38:18,Invalid or missing units consumed
RD00000952,MTR002025,CUST002025,2022-12-22 19:12:29,Automatic,,265826.69,228.9,9.52,0.711,111.034,8.0111,0,0,Estimated,2022-12-22 19:29:29,Invalid or missing units consumed
RD00041896,MTR002482,CUST002482,,Automatic,,294697.44,228.9,1.93,0.802,10.29,0.7463,0,0,Invalid,2024-02-09 06:48:50,Invalid or missing units consumed
RD00015699,MTR002755,CUST002755,2024-06-22 19:03:16,Automatic,,491625.78,223.8,40.17,,15.532,0.8017,0,0,-,2024-06-22 19:16:16,Invalid or missing units consumed
RD00013592,MTR001876,CUST001876,2022-11-28 06:26:35,Automatic,,103975.5,233.7,28.56,,5.341,0.1593,0,0,Estimated,2022-11-28 06:51:35,Invalid or missing units consumed
RD00040315,MTR000533,CUST000533,2022-02-22 06:38:25,Automatic,,166601.73,219.9,48.73,,91.264,4.5703,0,1,Good,2022-02-22 06:39:25,Invalid or missing units consumed
RD00001539,MTR001168,CUST001168,2024-09-21 14:45:00,Automatic,,204139.75,227.8,48.17,0.959,3.25,0.3736,0,0,0,2024-09-21 15:13:00,Invalid or missing units consumed
RD00025674,MTR004583,CUST004583,2024-10-13 05:38:23,Manual,,243051.79,214.4,,0.713,315.779,30.2754,0,0,Good,2024-10-13 06:07:23,Invalid or missing units consumed
RD00017382,MTR001084,CUST001084,2024-10-21 09:52:54,Manual,,110730.98,235.2,28.3,0.908,1.51,0.0462,0,0,Good,2024-10-21 09:57:54,Invalid or missing units consumed
RD00036426,MTR003572,CUST003572,2022-12-24 03:06:52,Automatic,,176719.87,244.6,38.23,0.772,6.375,0.3062,0,0,Good,2022-12-24 03:34:52,Invalid or missing units consumed
RD00020709,MTR001968,CUST001968,2024-01-03 14:58:53,manual,,409586.88,226.1,3.89,0.903,9.991,0.8715,0,0,Good,2024-01-03 15:22:53,Invalid or missing units consumed
RD00014298,MTR003057,CUST003057,2024-03-20 10:30:01,Automatic,,20466040.0,240.4,10.95,0.73,10.415,0.2283,0,0,Good,2024-03-20 10:59:01,Invalid or missing units consumed
RD00040775,MTR000416,CUST000416,2022-09-27 19:26:51,Estimated,,302496.55,238.6,26.85,0.874,,,-,0,,,Invalid or missing units consumed
RD00001849,MTR004384,CUST004384,2023-11-30 18:57:41,automatic,,177925.09,234.7,43.03,0.991,,5.6825,0,1,Good,2023-11-30 19:23:41,Invalid or missing units consumed
RD00022599,MTR004200,CUST004200,2023-03-31 22:25:37,Automatic,,31987.6,240.9,24.21,0.91,3.334,0.2572,0,0,Good,,Invalid or missing units consumed
RD00023375,MTR000331,CUST000331,2023-10-26 21:06:53,Automatic,,,231.5,43.28,0.773,34.417,1.1054,0,0,Good,2023-10-26 21:31:53,Invalid or missing units consumed
RD00048625,MTR004521,CUST004521,2022-02-23 10:42:21,Manual,,388138.4,241.2,,0.759,8.16,,,0,Good,2022-02-23 10:43:21,Invalid or missing units consumed
RD00016328,MTR004992,CUST004992,2024-04-11 09:28:18,Automatic,,142054.29,215.5,47.88,0.833,13.134,0.5525,0,0,Good,2024-04-11 09:48:18,Invalid or missing units consumed
RD00005448,MTR002505,CUST002505,2022-11-05 06:12:29,Estimated,,302913.03,227.2,49.66,0.805,2.853,0.2341,0,0,Good,2022-11-05 06:29:29,Invalid or missing units consumed
RD00020194,MTR001861,CUST001861,2022-04-17 10:37:50,Automatic,,358516.54,245.3,17.07,0.751,,0.0,0,0,Good,2022-04-17 10:50:50,Invalid or missing units consumed
RD00041648,MTR002871,CUST002871,2024-02-14 08:54:03,Revised,,112126.94,239.0,14.72,0.954,929.44,88.9834,0,0,Estimated,2024-02-14 08:59:03,Invalid or missing units consumed
RD00035643,MTR002173,CUST002173,2023-02-10 14:12:23,Revised,,111661.77,239.2,44.79,0.86,12.908,0.6712,0,0,Good,2023-02-10 14:29:23,Invalid or missing units consumed
RD00026470,MTR002289,CUST002289,,Automatic,,64168.45,222.8,18.83,0.859,8.76,,0,0,Good,2024-03-12 19:40:35,Invalid or missing units consumed
RD00029155,MTR001802,CUST001802,2023-02-02 15:28:25,Automatic,,43567.47,224.4,7.42,0.75,1.205,0.0342,0,0,Good,,Invalid or missing units consumed
RD00005951,MTR003706,CUST003706,2022-09-05 03:03:58,Automatic,,68293.32,0,2.55,0.868,6.303,0.2713,0,0,Good,2022-09-05 03:13:58,Invalid or missing units consumed
RD00001574,MTR002998,CUST002998,,Estimated,,413108.79,,16.2,,479.156,14.0579,0,1,Estimated,2022-01-27 23:02:10,Invalid or missing units consumed
RD00047811,MTR000787,CUST000787,2024-02-28 09:31:20,Automatic,,31893.97,235.3,6.31,0.0,,0.0337,0,0,Good,2024-02-28 09:38:20,Invalid or missing units consumed
RD00001855,MTR002894,CUST002894,2023-01-18 15:36:35,Automatic,,329703.16,233.7,21.44,0.957,2.937,0.2651,0,0,,,Invalid or missing units consumed
RD00034785,MTR004663,CUST004663,2024-01-10 07:10:19,Automatic,,498182.54,226.9,40.36,0.771,0.978,0.0356,1,0,Estimated,2024-01-10 07:36:19,Invalid or missing units consumed
RD00029319,MTR002190,CUST002190,,Estimated,,370100.09,,17.43,0.728,70.091,4.6434,0,0,Good,2023-08-08 11:20:34,Invalid or missing units consumed
RD00019770,MTR003531,CUST003531,2023-08-12 06:39:08,Automatic,,465438.35,224.8,,0.72,4.07,,0,0,Invalid,2023-08-12 06:50:08,Invalid or missing units consumed
RD00032061,MTR004072,CUST004072,2024-11-24 18:59:17,Automatic,,274092.95,236.6,48.44,0.713,1.826,0.1228,0,0,Good,2024-11-24 19:00:17,Invalid or missing units consumed
RD00009184,MTR002023,CUST002023,2023-06-12 02:48:07,Automatic,,180796.03,230.3,11.34,0.708,0.909,0.0388,0,0,GOOD,2023-06-12 02:56:07,Invalid or missing units consumed
RD00030645,MTR001539,CUST001539,,Automatic,,25288.04,-,31.85,0.823,0.424,0.024,0,0,Good,,Invalid or missing units consumed
RD00037593,MTR000908,CUST000908,2022-01-29 04:20:04,Automatic,,333259.79,228.8,7.03,0.73,4.528,0.2771,0,0,Suspect,,Invalid or missing units consumed
RD00013813,MTR004546,CUST004546,2024-08-18 18:56:05,Manual,,226301.33,230.0,7.22,,65.72,4.0769,0,0,Good,2024-08-18 19:12:05,Invalid or missing units consumed
RD00012732,MTR001858,CUST001858,2024-08-11 13:11:04,Automatic,,42498.32,228.4,26.48,0.974,6.821,0.388,0,0,Invalid,2024-08-11 13:38:04,Invalid or missing units consumed
RD00005027,MTR000714,CUST000714,2022-04-20 07:25:48,Estimated,,167221.54,238.0,11.94,0.849,3.6,0.2718,0,0,Good,2022-04-20 07:26:48,Invalid or missing units consumed
RD00011542,MTR000592,CUST000592,2022-01-01 00:00:49,Automatic,,,229.4,23.32,0.705,4.303,0.2829,0,0,Suspect,2022-01-01 00:17:49,Invalid or missing units consumed
RD00024168,MTR003727,CUST003727,2022-08-15 12:50:22,Automatic,,333178.78,244.5,48.86,0.808,10.639,0.6686,0,0,Suspect,,Invalid or missing units consumed
RD00027006,MTR004253,CUST004253,,Automatic,,88983.57,248.3,,0.78,0.747,0.0695,0,0,Good,2022-12-25 07:17:25,Invalid or missing units consumed
RD00001980,MTR004791,CUST004791,2023-02-08 19:55:00,Automatic,,364974.48,224.6,11.76,0.946,97.799,5.1032,0,0,Good,2023-02-08 20:17:00,Invalid or missing units consumed
RD00013902,MTR002327,CUST002327,2022-09-08 16:40:47,Automatic,,496339.61,228.7,0.0,0.977,16.528,,0,0,Invalid,2022-09-08 16:48:47,Invalid or missing units consumed
RD00028246,MTR001432,CUST001432,2022-01-27 11:51:52,0,,20450.2,,46.46,0.718,0.77,0.0246,0,0,Good,,Invalid or missing units consumed
RD00048553,MTR002800,CUST002800,2023-12-07 20:20:52,Automatic,,146599.53,218.7,,0.824,375.996,11.1026,0,0,Good,2023-12-07 20:40:52,Invalid or missing units consumed
RD00045704,MTR003576,CUST003576,2024-04-28 11:10:55,automatic,,270707.85,242.1,3.09,0.928,2.291,0.0863,0,0,Good,2024-04-28 11:33:55,Invalid or missing units consumed
RD00044300,MTR004255,CUST004255,2024-05-25 14:18:41,Manual,,76459.77,232.2,26.61,0.92,10.57,0.7945,0,0,Good,2024-05-25 14:32:41,Invalid or missing units consumed
RD00047590,MTR001311,CUST001311,2024-03-17 22:01:24,Automatic,,80830.9,230.9,29.71,0.949,5.879,0.1574,0,0,Good,2024-03-17 22:07:24,Invalid or missing units consumed
RD00000252,MTR000341,CUST000341,2022-03-04 18:07:24,Manual,,82477.08,224.8,31.81,0.759,58.506,2.5918,0,0,Good,2022-03-04 18:34:24,Invalid or missing units consumed
RD00013311,-,CUST003477,2022-12-04 10:42:38,Estimated,,309410.7,237.0,5.82,0.731,2.939,0.1939,0,0,Good,2022-12-04 10:57:38,Invalid or missing units consumed
RD00010199,MTR004552,CUST004552,2023-07-15 00:09:59,Automatic,,421042.86,214.1,19.1,0.986,20.219,,0,0,Estimated,2023-07-15 00:28:59,Invalid or missing units consumed
RD00043594,MTR002970,CUST002970,,Automatic,,149972.2,235.9,,0.951,,0.3075,0,0,Good,2023-07-22 21:49:07,Invalid or missing units consumed
RD00025600,MTR003498,CUST003498,2024-07-13 14:50:43,Automatic,,,246.4,33.44,0.836,4.314,0.2911,0,0,Good,2024-07-13 14:58:43,Invalid or missing units consumed
RD00016221,MTR001133,CUST001133,2022-01-30 06:21:35,Automatic,,222342.31,237.5,21.5,0.802,98.028,3.3177,0,0,Good,2022-01-30 06:34:35,Invalid or missing units consumed
RD00034494,MTR000061,CUST000061,2023-07-18 22:44:48,Automatic,,184995.65,216.7,15.0,0.721,5.324,0.612,0,0,Good,2023-07-18 22:56:48,Invalid or missing units consumed
RD00025775,MTR000156,CUST000156,2023-08-12 22:31:00,Automatic,,,227.2,42.66,0.713,,0.6706,0,0,Estimated,2023-08-12 22:52:00,Invalid or missing units consumed
RD00038144,MTR003873,CUST003873,2024-03-17 14:55:30,Manual,,111797.58,257.8,,0.848,36.964,3.7349,0,0,,2024-03-17 14:57:30,Invalid or missing units consumed
RD00039931,MTR000491,CUST000491,2022-09-20 05:39:16,Automatic,,322175.7,235.2,9.27,0.921,0.896,0.0855,0,0,Good,2022-09-20 05:57:55,Invalid or missing units consumed
RD00009921,MTR000968,CUST000968,2023-03-01 17:37:13,Automatic,,196892.49,219.3,10.18,0.712,4.013,0.2107,0,0,Estimated,2023-03-01 17:55:13,Invalid or missing units consumed
RD00020052,MTR004820,CUST004820,2023-01-20 23:45:20,Automatic,,425155.61,223.3,47.02,0.99,602.457,64.8649,0,0,,2023-01-20 23:55:20,Invalid or missing units consumed
RD00023374,MTR000312,CUST000312,2022-01-20 09:37:38,Automatic,,394676.54,229.5,1.71,0.746,16.209,1.3502,0,0,Good,2022-01-20 09:49:38,Invalid or missing units consumed
RD00042435,MTR003232,CUST003232,2024-12-17 03:50:39,Automatic,,458784.44,210.7,0.0,0.922,0.0,0.8995,0,0,Good,2024-12-17 03:58:39,Invalid or missing units consumed
RD00000999,MTR002398,CUST002398,2024-05-04 04:38:43,Automatic,,316940.91,240.8,22.64,0.942,4.528,0.5195,0,0,Good,2024-05-04 04:45:43,Invalid or missing units consumed
RD00037391,MTR003290,CUST003290,2022-10-21 16:54:38,Automatic,,73568.87,239.9,4.92,0.819,8.137,0.4865,0,0,Good,2022-10-21 17:10:38,Invalid or missing units consumed
RD00018311,MTR002493,CUST002493,2023-04-30 10:53:53,Automatic,,,243.3,35.52,0.909,5.749,0.4255,0,0,Good,2023-04-30 11:09:53,Invalid or missing units consumed
RD00002944,MTR003333,CUST003333,2022-11-15 04:06:42,Automatic,,395779.99,UNKNOWN,49.33,0.73,19.855,0.7819,0,0,Good,2022-11-15 04:11:42,Invalid or missing units consumed
RD00010019,MTR002501,CUST002501,2024-08-20 16:17:27,Automatic,,178535570.0,226.4,42.55,0.941,1066.2,,0,0,Good,2024-08-20 16:21:27,Invalid or missing units consumed
RD00025702,MTR002007,CUST002007,,Manual,,291345.42,241.6,28.87,0.926,,0.2608,0,0,Good,2022-08-24 11:51:09,Invalid or missing units consumed
RD00033054,MTR003024,CUST003024,2023-03-22 23:00:29,Automatic,,401596.99,227.0,15.73,0.937,1.111,0.1248,0,0,Good,2023-03-22 23:27:29,Invalid or missing units consumed
RD00034578,MTR002902,CUST002902,2023-03-16 07:27:49,Automatic,,,-,16.76,,380.415,8.0858,0,0,Good,2023-03-16 07:51:49,Invalid or missing units consumed
RD00037486,MTR000687,CUST000687,2024-09-13 23:37:04,Automatic,,58645.0,,9.52,0.823,0.375,0.0086,0,0,Estimated,2024-09-13 23:56:04,Invalid or missing units consumed
RD00020480,MTR001212,CUST001212,2023-06-23 05:51:31,Automatic,,408049.8,,20.48,0.749,5.74,0.1217,0,0,Suspect,2023-06-23 06:08:31,Invalid or missing units consumed
RD00021524,MTR004310,CUST004310,,Estimated,,145036.53,235.3,5.69,,,0.4948,0,0,Suspect,2023-08-21 03:20:16,Invalid or missing units consumed
RD00002424,MTR004493,CUST004493,2024-07-10 06:47:19,Automatic,,176334.66,222.2,,0.971,139.302,3.1156,0,0,Suspect,2024-07-10 07:11:19,Invalid or missing units consumed
RD00037405,MTR003031,CUST003031,2023-10-13 09:52:34,Automatic,,317803.11,227.4,38.01,0.971,11.034,0.2643,0,0,Good,,Invalid or missing units consumed
RD00000350,MTR003421,CUST003421,2024-07-01 03:09:26,Estimated,,124031.07,235.7,14.19,0.903,164.806,5.016,0,0,Good,2024-07-01 03:17:26,Invalid or missing units consumed
RD00048074,MTR002342,CUST002342,2024-05-09 18:45:43,Automatic,,487485.97,241.5,35.94,0.902,16.137,0.8738,0,1,Good,2024-05-09 19:04:43,Invalid or missing units consumed
RD00045754,MTR004578,CUST004578,,Automatic,,360102.51,237.2,43.76,,4.688,0.2559,0,0,Good,2022-07-07 01:37:04,Invalid or missing units consumed
RD00012888,MTR001269,CUST001269,2023-12-18 18:53:16,Automatic,,399098.27,234.6,9.59,0.79,13.835,1.2043,0,0,Good,2023-12-18 19:20:16,Invalid or missing units consumed
RD00003022,MTR003700,CUST003700,2024-11-28 23:46:38,Automatic,,327619.61,220.2,0.3,0.993,1.589,0.1032,0,UNKNOWN,Good,2024-11-28 23:51:38,Invalid or missing units consumed
RD00048141,MTR002555,CUST002555,2023-11-27 19:10:40,Automatic,,169250.32,213.5,30.15,0.847,0.715,0.054,0,0,Good,2023-11-27 19:28:40,Invalid or missing units consumed
RD00045404,MTR004980,CUST004980,2024-01-16 08:05:04,Automatic,,432483.33,214.1,27.27,0.0,37.278,2.4716,0,0,-,,Invalid or missing units consumed
RD00036561,MTR004749,CUST004749,,Automatic,,108985.04,234.2,,0.845,14.561,,0,0,Good,2023-02-21 16:57:48,Invalid or missing units consumed
RD00018111,MTR004397,CUST004397,2022-10-24 01:33:06,Automatic,,291115.73,229.8,3.94,0.897,3.367,0.134,0,0,Good,2022-10-24 01:44:06,Invalid or missing units consumed
RD00012642,MTR001833,CUST001833,2024-03-19 13:58:22,Revised,,145261.97,228.0,27.39,0.715,585.282,22.0341,0,0,Good,2024-03-19 14:20:22,Invalid or missing units consumed
RD00030373,MTR003385,CUST003385,2022-11-04 03:42:50,Automatic,,401568.35,212.7,,0.799,329.076,26.1446,0,0,Good,2022-11-04 03:47:50,Invalid or missing units consumed
RD00019974,MTR000416,CUST000416,2022-12-21 02:22:21,Automatic,,392320.43,229.1,7.0,0.975,6.437,0.3542,0,0,Suspect,2022-12-21 02:29:21,Invalid or missing units consumed
RD00042470,MTR003913,CUST003913,,Automatic,,,238.2,37.91,0.705,2.326,,0,0,Suspect,2023-09-20 02:27:19,Invalid or missing units consumed
RD00018703,MTR003241,CUST003241,2024-01-08 02:29:31,Automatic,,382731.1,229.1,15.89,0.838,3.043,,0,0,Good,2024-01-08 02:36:31,Invalid or missing units consumed
RD00004708,MTR003219,CUST003219,2023-01-27 22:32:27,Automatic,,390589.75,246.3,13.02,0.802,4.569,0.3505,0,0,Good,2023-01-27 22:35:27,Invalid or missing units consumed
RD00012492,MTR000987,CUST000987,,Automatic,,129081.82,224.1,25.55,0.877,315.092,15.0007,0,,Good,,Invalid or missing units consumed
RD00039246,MTR001871,CUST001871,2023-08-14 17:51:14,Manual,,430874.06,232.2,42.6,0.818,10.312,0.4994,0,0,Good,2023-08-14 18:05:14,Invalid or missing units consumed
RD00023161,MTR000905,CUST000905,2022-10-22 00:54:56,,,68470.92,,2.21,0.816,2.17,0.1552,0,0,Good,2022-10-22 01:02:56,Invalid or missing units consumed
RD00019226,MTR002486,CUST002486,2023-11-18 07:43:16,Automatic,,33216.72,231.3,25.34,0.865,7.88,0.384,0,0,Good,2023-11-18 07:51:16,Invalid or missing units consumed
RD00045956,MTR003918,CUST003918,2023-06-07 06:14:48,Automatic,,185415.61,216.0,47.28,0.959,114.314,5.3631,0,0,Good,,Invalid or missing units consumed
RD00006255,MTR004164,CUST004164,2024-01-24 17:08:38,Automatic,,276097.66,252.3,49.78,0.834,14.23,1.6389,0,0,Good,,Invalid or missing units consumed
RD00026749,MTR003090,CUST003090,2023-10-19 04:45:47,Automatic,,249688.28,256.0,31.36,0.807,0.468,0.0237,0,0,Good,2023-10-19 05:03:47,Invalid or missing units consumed
RD00027024,MTR002475,CUST002475,,automatic,,34818.55,222.0,12.23,0.992,48.558,3.603,0,0,Estimated,2022-07-20 06:14:34,Invalid or missing units consumed
RD00021005,MTR001651,CUST001651,2022-04-17 16:56:44,Automatic,,468188.41,242.1,10.67,,55.791,3.0426,0,0,Good,,Invalid or missing units consumed
RD00019717,MTR004994,CUST004994,2023-01-30 09:04:37,Automatic,,301727.05,238.5,22.55,0.895,,0.4498,,0,Good,2023-01-30 09:05:37,Invalid or missing units consumed
RD00011076,MTR002360,CUST002360,2023-08-29 14:40:32,Automatic,,446559.03,242.0,36.63,,9.17,0.3747,0,0,Estimated,2023-08-29 14:50:32,Invalid or missing units consumed
RD00027325,MTR001887,CUST001887,,Automatic,,423602.72,0,4.32,0.919,3.111,0.1875,0,0,Good,2024-02-19 23:25:41,Invalid or missing units consumed
RD00023104,MTR004757,CUST004757,,Manual,,121303.9,220.4,8.94,0.903,3.44,0.3101,0,0,Good,2022-10-03 01:16:48,Invalid or missing units consumed
RD00005605,MTR001454,CUST001454,2023-05-29 20:40:39,Automatic,,109613.74,231.0,21.08,0.919,8.862,0.7743,1,0,Estimated,2023-05-29 20:49:39,Invalid or missing units consumed
RD00019185,MTR002205,CUST002205,,Automatic,,,234.8,32.75,0.886,2.966,0.1576,1,1,Good,2022-10-07 17:50:55,Invalid or missing units consumed
RD00027562,MTR000886,CUST000886,2022-10-02 22:37:18,Automatic,,116614.79,241.7,15.49,0.875,83.624,3.996,0,0,Good,2022-10-02 22:49:18,Invalid or missing units consumed
RD00034762,MTR004960,CUST004960,2022-01-07 02:00:42,Automatic,,269772.91,226.1,38.25,0.819,,0.1367,0,0,Good,2022-01-07 02:06:42,Invalid or missing units consumed
RD00032650,MTR099471,,2024-01-29 12:46:03,Automatic,,173153.77,216.0,27.43,0.942,6.753,0.3301,0,0,Good,2024-01-29 12:56:03,Invalid or missing units consumed
RD00021271,MTR004373,CUST004373,2023-09-28 11:28:30,Automatic,,339309.45,235.1,5.18,0.726,2.928,0.3279,0,0,Good,2023-09-28 11:36:30,Invalid or missing units consumed
RD00023219,MTR002139,CUST002139,2024-04-09 05:02:33,Automatic,,85498.37,215.3,26.06,0.851,18.987,0.9903,0,0,Good,,Invalid or missing units consumed
RD00023905,MTR002668,UNKNOWN,,Automatic,,232726.19,,42.78,0.798,41.01,3.5,0,0,Suspect,2022-10-08 11:46:29,Invalid or missing units consumed
RD00027869,MTR002859,CUST002859,2022-12-10 20:58:26,Automatic,,362236.45,229.3,10.66,0.847,199.283,8.943,0,0,Good,,Invalid or missing units consumed
RD00007915,MTR004069,CUST004069,2022-02-13 13:41:16,Automatic,,77120.97,228.3,0.77,0.721,6.646,0.5551,0,0,Suspect,,Invalid or missing units consumed
RD00026121,MTR003105,CUST003105,2024-03-16 20:07:34,Manual,,72200.45,,,0.746,,1.886,0,0,Good,2024-03-16 20:24:34,Invalid or missing units consumed
RD00024601,MTR001079,CUST001079,2022-01-26 02:18:12,Estimated,,64599.03,231.3,6.86,,835.685,,0,1,Invalid,2022-01-26 02:29:12,Invalid or missing units consumed
RD00011441,MTR002441,CUST002441,2023-11-16 18:33:43,Automatic,,151407.79,232.5,32.98,0.792,,0.2396,0,0,Good,2023-11-16 18:55:43,Invalid or missing units consumed
RD00048997,MTR002619,CUST002619,,Automatic,,121950.82,227.0,10.14,,10.018,0.5276,0,0,Suspect,2024-09-10 18:56:56,Invalid or missing units consumed
RD00035884,MTR001682,CUST001682,2022-01-18 23:55:26,Manual,,338270.29,244.3,25.67,0.792,0.912,0.0482,0,0,Estimated,2022-01-18 23:56:26,Invalid or missing units consumed
RD00047686,MTR000692,CUST000692,2023-09-26 23:42:56,Manual,,477366.13,,5.49,0.807,40.56,2.152,0,0,Good,,Invalid or missing units consumed
RD00033195,MTR001109,CUST001109,2022-08-04 07:06:59,Automatic,,325081.06,229.7,34.27,0.788,8.906,0.9916,0,0,Good,2022-08-04 07:17:59,Invalid or missing units consumed
RD00003396,MTR004143,CUST004143,2023-07-13 22:56:46,Automatic,,36984.53,225.3,8.73,0.746,13.104,,0,UNKNOWN,Good,2023-07-13 23:02:46,Invalid or missing units consumed
RD00029206,MTR003207,CUST003207,2023-08-30 07:34:50,Automatic,,259074.59,247.6,7.44,0.815,,0.1891,0,,Good,,Invalid or missing units consumed
RD00042587,MTR004822,CUST004822,2022-12-27 23:24:30,Automatic,,179862.35,237.9,38.59,0.798,0.749,0.0716,0,1,Good,2022-12-27 23:42:30,Invalid or missing units consumed
RD00015243,MTR002306,CUST002306,2022-10-17 04:46:49,Automatic,,273810.44,,45.58,0.913,,8.1856,0,1,Good,2022-10-17 05:04:49,Invalid or missing units consumed
RD00034569,MTR004681,CUST004681,2022-12-22 09:30:49,Automatic,,150.86294,229.5,33.5,0.8,8.648,0.3231,0,,Good,2022-12-22 09:48:49,Invalid or missing units consumed
RD00001998,MTR001846,CUST001846,2022-12-04 21:05:45,Manual,,64036.12,222.2,3.01,0.983,6.091,0.3776,0,0,Good,2022-12-04 21:30:45,Invalid or missing units consumed
RD00047784,MTR001878,CUST001878,2024-09-11 22:04:10,Estimated,,265774.55,217.6,47.36,0.928,8.809,0.4665,0,0,,2024-09-11 22:12:10,Invalid or missing units consumed
RD00042224,MTR002592,CUST002592,,Automatic,,288119.43,,18.61,0.996,50.54,4.0054,0,0,Good,2024-08-28 15:05:21,Invalid or missing units consumed
RD00039554,MTR002746,,2024-05-11 11:35:58,Automatic,,12441.29,241.9,18.33,0.791,1.767,0.0572,0,0,GOOD,2024-05-11 11:56:58,Invalid or missing units consumed
RD00006971,MTR002582,CUST002582,2023-08-20 20:21:14,Revised,,191351.66,,41.51,0.0,,3.7103,0,0,Good,2023-08-20 20:38:59,Invalid or missing units consumed
RD00030469,MTR003195,CUST003195,2023-02-25 03:44:03,Revised,,23871.91,233.2,26.09,0.754,4.894,0.3757,0,0,Good,2023-02-25 04:13:03,Invalid or missing units consumed
RD00044262,MTR000089,,2022-03-25 02:25:07,Automatic,,220053.98,230.5,34.47,0.923,3.112,0.0947,0,0,Good,,Invalid or missing units consumed
RD00049772,MTR001446,CUST001446,2022-10-31 13:06:15,Manual,,122.69075,235.8,42.66,0.896,6.821,0.0,0,0,Good,2022-10-31 13:24:15,Invalid or missing units consumed
RD00022008,MTR003041,CUST003041,,Manual,,273724.68,236.2,19.46,0.715,187.057,4.2134,0,0,Suspect,,Invalid or missing units consumed
RD00005989,MTR004189,CUST004189,2023-11-19 03:42:55,Automatic,,478577.28,217.0,49.4,0.807,3.507,0.3397,0,0,Good,2023-11-19 03:59:55,Invalid or missing units consumed
RD00029591,MTR004820,CUST004820,2023-03-27 14:39:41,Automatic,,84608.54,226.1,15.24,0.758,114.222,2.2427,0,0,invalid,2023-03-27 15:05:41,Invalid or missing units consumed
RD00033998,MTR002403,CUST002403,2022-04-26 21:39:35,Automatic,,433226.02,UNKNOWN,38.32,0.786,1.167,0.0244,0,0,Suspect,,Invalid or missing units consumed
RD00014534,MTR001148,CUST001148,,automatic,,205840.71,223.5,6.84,0.861,15.654,0.2951,0,0,Estimated,2022-06-19 21:34:32,Invalid or missing units consumed
RD00033145,MTR003868,CUST003868,2023-08-28 05:08:27,Manual,,206045.97,223.5,14.07,0.769,3.026,0.091,0,0,Good,2023-08-28 05:32:27,Invalid or missing units consumed
RD00018472,MTR000576,CUST000576,2022-07-28 13:30:38,Automatic,,235212.39,236.2,28.17,0.758,753.253,29.0979,0,0,Estimated,2022-07-28 13:39:38,Invalid or missing units consumed
RD00025677,MTR002205,CUST002205,,Automatic,,499079.14,223.8,44.1,0.831,7.435,0.5721,0,0,-,2022-09-23 15:58:44,Invalid or missing units consumed
RD00006703,MTR000129,CUST000129,2023-05-03 17:59:20,Automatic,,467596.73,253.9,10.34,0.746,3.273,0.2433,0,0,Good,2023-05-03 18:00:20,Invalid or missing units consumed
RD00011218,MTR003916,CUST003916,2024-03-01 17:52:11,Estimated,,116370.72,240.0,10.36,0.97,5.736,0.4022,0,1,Good,2024-03-01 18:21:11,Invalid or missing units consumed
RD00045735,MTR004929,CUST004929,2022-07-13 11:47:11,Manual,,477456.29,223.4,18.97,0.855,86.293,4.8506,0,0,Good,2022-07-13 12:04:11,Invalid or missing units consumed
RD00034922,MTR004836,CUST004836,2023-06-10 18:33:11,Automatic,,198586.88,229.9,10.44,0.785,15.207,0.7785,0,0,Estimated,2023-06-10 18:43:11,Invalid or missing units consumed
RD00000207,MTR001617,CUST001617,2022-08-11 15:19:36,Automatic,,118850.63,253.4,7.09,,55.886,2.0099,0,0,Good,2022-08-11 15:27:36,Invalid or missing units consumed
RD00033993,MTR002769,CUST002769,2024-04-27 01:22:13,Automatic,,460769.59,222.4,1.36,0.732,705.85,44.1799,0,0,Estimated,2024-04-27 01:24:13,Invalid or missing units consumed
RD00020247,MTR001534,CUST001534,2022-11-22 00:19:27,Automatic,,138485.44,235.7,32.08,0.85,6.721,0.1855,0,,Estimated,2022-11-22 00:27:27,Invalid or missing units consumed
RD00005636,MTR001722,CUST001722,2024-01-04 06:24:42,AUTOMATIC,,288360.78,226.9,,0.798,10.457,0.5478,0,0,UNKNOWN,2024-01-04 06:29:42,Invalid or missing units consumed
RD00017719,,CUST004595,2023-07-03 22:50:11,Automatic,,51354.88,218.9,28.58,0.946,4.742,0.3136,1,1,Estimated,2023-07-03 23:06:11,Invalid or missing units consumed
RD00046932,MTR004172,CUST004172,2024-02-26 07:09:24,automatic,,21723.27,227.3,,0.849,0.0,0.3155,1,0,Estimated,2024-02-26 07:35:24,Invalid or missing units consumed
RD00006940,,CUST004130,,Automatic,,75644.98,232.5,31.11,0.902,226.857,10.2726,0,0,Invalid,,Invalid or missing units consumed
RD00002998,MTR003748,CUST003748,2024-01-17 19:42:19,Automatic,,449425.96,235.9,6.14,0.993,11.326,0.5469,0,0,Good,2024-01-17 19:55:19,Invalid or missing units consumed
RD00042692,MTR001734,CUST001734,2024-04-10 15:52:17,Estimated,,174474.57,232.2,11.41,0.756,6.567,0.5418,0,0,Good,2024-04-10 16:19:17,Invalid or missing units consumed
RD00039352,UNKNOWN,CUST004614,2023-08-11 03:36:26,Automatic,,309.93058,210.6,19.55,0.921,7.52,,0,0,Estimated,2023-08-11 03:50:26,Invalid or missing units consumed
RD00006970,MTR000820,CUST000820,2022-01-12 11:36:14,Automatic,,315656.79,UNKNOWN,5.39,0.887,8.844,0.7753,0,0,Good,2022-01-12 11:42:14,Invalid or missing units consumed
RD00028619,MTR004519,CUST004519,2023-09-03 19:39:09,Automatic,,180240.44,249.2,22.28,0.808,11.131,,0,0,Good,2023-09-03 19:52:09,Invalid or missing units consumed
RD00038618,MTR002234,CUST002234,2024-03-28 13:45:39,Automatic,,295719.27,227.8,,0.88,7.847,0.2365,0,0,Good,2024-03-28 13:54:39,Invalid or missing units consumed
RD00040965,MTR000111,CUST000111,2024-07-25 15:48:33,Automatic,,482286.74,234.8,44.8,0.707,4.818,0.5206,0,0,Good,2024-07-25 16:11:33,Invalid or missing units consumed
RD00044229,MTR001480,CUST001480,,Manual,,315348.42,219.8,32.85,0.823,,0.1257,0,0,Suspect,2024-08-20 02:59:53,Invalid or missing units consumed
RD00025651,MTR001665,CUST001665,2024-04-26 05:57:24,Automatic,,469167.6,222.8,22.34,0.854,11.882,,0,0,,2024-04-26 06:27:24,Invalid or missing units consumed
RD00004387,,CUST003918,2024-12-02 07:51:26,Automatic,,449130.28,225.1,23.07,0.798,34.41,1.7442,0,0,Good,2024-12-02 08:06:26,Invalid or missing units consumed
RD00024971,MTR003194,CUST003194,2022-11-30 21:35:15,automatic,,468995.38,219.7,23.31,,8.869,0.3168,0,0,Good,2022-11-30 21:51:15,Invalid or missing units consumed
RD00043687,MTR003272,CUST003272,2023-12-26 07:08:10,Estimated,,316373.88,218.3,41.1,0.891,70.381,8.5744,0,0,Good,2023-12-26 07:28:10,Invalid or missing units consumed
RD00000039,MTR001275,CUST001275,2023-11-11 21:37:51,Revised,,405656.11,228.9,42.89,0.817,79.943,1.5176,0,0,GOOD,2023-11-11 21:48:51,Invalid or missing units consumed
RD00032896,MTR003344,CUST003344,2024-12-10 01:56:29,Automatic,,49853.58,227.9,29.03,,27.162,1.7046,0,UNKNOWN,Suspect,,Invalid or missing units consumed
RD00021942,MTR000926,CUST000926,2024-12-21 15:51:52,Automatic,,59161.82,215.1,42.15,0.729,,0.0,0,0,Good,2024-12-21 16:05:52,Invalid or missing units consumed
RD00007900,MTR002505,CUST002505,,Manual,,465671.51,239.9,33.04,,5.626,0.2353,0,0,Good,2022-10-30 22:45:52,Invalid or missing units consumed
RD00007678,MTR002372,CUST002372,2023-12-19 00:12:57,Automatic,,,230.8,,0.905,7.012,0.3148,0,0,Invalid,2023-12-19 00:20:57,Invalid or missing units consumed
RD00024503,MTR003125,,2024-07-28 18:51:48,Automatic,,372641.6,241.2,12.27,0.991,25.637,0.6472,0,0,Good,2024-07-28 19:03:48,Invalid or missing units consumed
RD00005030,MTR002848,CUST002848,2023-01-06 08:30:05,Automatic,,204839.34,237.3,,,,2.346,-,0,UNKNOWN,2023-01-06 08:44:05,Invalid or missing units consumed
RD00031071,MTR004740,CUST004740,2022-02-21 05:29:10,Automatic,,390560.02,236.4,31.27,0.905,4.726,0.2956,0,0,Good,,Invalid or missing units consumed
RD00004119,MTR004391,CUST004391,2023-08-15 10:08:12,Automatic,,219749.3,224.3,41.04,0.77,10.049,0.3242,0,0,,2023-08-15 10:10:12,Invalid or missing units consumed
RD00044671,MTR004158,CUST004158,2024-08-14 13:02:00,Automatic,,230390.93,217.9,14.86,0.958,38.69,4.0954,0,0,Good,2024-08-14 13:20:00,Invalid or missing units consumed
RD00040676,MTR000629,-,2024-03-22 11:41:52,Manual,,141982.44,234.3,11.1,0.908,26.543,1.651,,0,Estimated,2024-03-22 12:09:52,Invalid or missing units consumed
RD00026209,MTR003142,CUST003142,2022-06-01 01:27:41,Automatic,,478935.25,234.0,24.87,0.815,33.956,1.2095,0,0,Good,2022-06-01 01:28:41,Invalid or missing units consumed
RD00040871,MTR001637,CUST001637,2024-12-03 00:59:37,Automatic,,218921.53,240.1,,0.727,0.489,0.0363,0,0,Good,2024-12-03 01:00:37,Invalid or missing units consumed
RD00022496,MTR002482,CUST002482,2023-02-08 09:20:27,Automatic,,,214.3,30.88,0.724,2.324,0.2726,0,0,Good,2023-02-08 09:40:27,Invalid or missing units consumed
RD00004993,MTR004855,CUST004855,2024-01-14 06:08:38,Automatic,,306766.38,236.1,4.81,0.877,,0.1955,0,0,Good,,Invalid or missing units consumed
RD00035762,MTR003517,CUST003517,2023-07-08 04:38:10,REVISED,,,219.0,30.15,0.879,27.806,0.8051,0,0,Good,2023-07-08 04:49:10,Invalid or missing units consumed
RD00016746,MTR004036,CUST004036,2024-02-15 06:12:28,Manual,,359918.25,229.9,23.27,0.85,4.905,0.248,UNKNOWN,0,Suspect,2024-02-15 06:34:28,Invalid or missing units consumed
RD00003173,MTR002297,CUST002297,2024-01-13 00:22:54,Manual,,51163.08,210.6,48.69,0.78,2.694,0.0614,0,0,Good,,Invalid or missing units consumed
RD00021904,MTR003083,CUST003083,2023-10-26 23:54:20,Automatic,,126102.5,241.0,27.07,0.791,29.55,1.4882,0,0,Good,2023-10-27 00:09:20,Invalid or missing units consumed
RD00036983,MTR001700,CUST001700,2022-06-16 19:17:16,Manual,,138401.62,237.7,,0.792,50.207,2.1459,0,0,Good,2022-06-16 19:30:16,Invalid or missing units consumed
RD00027236,MTR002800,CUST002800,2022-11-27 01:14:42,Automatic,,,223.8,19.14,0.849,704.975,43.1253,1,0,Good,2022-11-27 01:34:42,Invalid or missing units consumed
RD00019182,MTR004763,CUST004763,2022-07-07 02:42:59,Automatic,,471123.39,231.7,37.77,0.879,0.915,0.1007,0,0,Good,2022-07-07 03:07:59,Invalid or missing units consumed
RD00038931,MTR003987,CUST003987,2022-04-09 17:55:10,Manual,,27296.5,235.8,,0.81,7.106,0.2833,0,1,-,2022-04-09 18:25:10,Invalid or missing units consumed
RD00005304,MTR002475,CUST002475,2023-01-05 20:50:55,Automatic,,319389.89,,23.22,0.853,56.485,2.4013,0,0,Good,2023-01-05 20:57:02,Invalid or missing units consumed
RD00015984,MTR002162,CUST002162,2024-04-25 15:49:12,Automatic,,475814.27,227.0,30.89,0.726,1.009,0.0523,0,0,Good,2024-04-25 16:17:12,Invalid or missing units consumed
RD00005304,MTR002475,CUST002475,2023-01-05 20:49:58,Automatic,,319389.89,,23.22,0.853,56.485,2.4013,0,0,Good,2023-01-05 20:56:58,Invalid or missing units consumed
RD00000712,MTR000062,CUST000062,2023-08-08 07:31:58,Revised,,318396.32,243.1,9.72,0.762,18.957,1.208,0,0,Good,2023-08-08 08:01:58,Invalid or missing units consumed
RD00041712,MTR001629,CUST001629,2024-07-01 12:31:59,Automatic,,223867.95,231.8,40.96,0.787,3.316,,0,0,Good,2024-07-01 12:39:59,Invalid or missing units consumed
RD00004929,MTR002110,CUST002110,2022-10-24 17:49:40,Automatic,,188973.09,228.7,21.87,0.804,60.339,6.199,0,0,Good,2022-10-24 18:18:40,Invalid or missing units consumed
RD00042731,MTR001170,CUST001170,2024-09-06 05:34:05,Automatic,,73788.88,222.4,18.57,,6.601,0.3124,0,0,good,2024-09-06 05:58:05,Invalid or missing units consumed
RD00001687,MTR000813,CUST000813,2024-12-02 16:13:01,Automatic,,496280.77,229.0,39.55,0.709,27.444,0.9326,0,0,Good,2024-12-02 16:38:01,Invalid or missing units consumed
RD00035991,MTR002725,CUST002725,2022-07-30 12:04:25,Automatic,,65870.82,224.3,47.99,0.745,,1.6456,0,0,Good,2022-07-30 12:31:25,Invalid or missing units consumed
RD00028266,MTR000353,CUST000353,2023-06-20 13:45:04,Automatic,,277957.94,235.4,49.52,0.786,30.107,,0,0,Suspect,2023-06-20 14:15:04,Invalid or missing units consumed
RD00039819,MTR004688,CUST004688,2022-12-26 18:28:53,Manual,,445169.96,238.5,,0.972,158.835,10.2061,0,0,Good,,Invalid or missing units consumed
RD00027030,MTR002895,CUST002895,2022-01-22 23:24:31,,,98437.71,233.5,11.23,0.885,5.364,0.2404,,0,Good,2022-01-22 23:31:31,Invalid or missing units consumed
RD00011741,MTR002946,CUST002946,2022-08-12 06:18:49,Estimated,,332134.26,226.9,19.85,0.729,185.113,4.8418,0,1,Good,2022-08-12 06:32:49,Invalid or missing units consumed
RD00019857,MTR004355,CUST004355,2022-03-11 20:14:22,,,255616.34,,39.73,0.865,5.452,0.5222,0,0,Good,,Invalid or missing units consumed
RD00044464,MTR000742,CUST000742,2023-04-06 13:42:00,Manual,,180746.71,225.1,18.63,0.965,4.037,0.4384,0,0,Good,2023-04-06 14:05:00,Invalid or missing units consumed
RD00034516,MTR000561,CUST000561,,Automatic,,442730.66,241.8,49.08,0.745,1.746,0.0592,0,0,Good,2024-08-06 11:44:31,Invalid or missing units consumed
RD00021690,MTR002768,CUST002768,2023-01-10 15:57:43,Manual,,401118.84,252.5,45.87,0.94,7.432,0.4986,0,0,Good,2023-01-10 16:02:43,Invalid or missing units consumed
RD00032278,MTR001367,CUST001367,,Automatic,,443420.24,236.7,18.42,,45.765,1.4699,-,0,Good,2024-07-26 01:32:50,Invalid or missing units consumed
RD00041883,MTR003147,CUST003147,2024-11-13 23:32:06,Revised,,15406.32,237.7,13.5,0.752,2.6,0.0637,0,0,Good,2024-11-13 23:58:06,Invalid or missing units consumed
RD00038875,MTR004097,CUST004097,2024-09-11 20:28:31,Automatic,,304645.55,217.9,,0.847,4.046,0.3406,0,0,Good,2024-09-11 20:32:31,Invalid or missing units consumed
RD00016639,MTR004420,CUST004420,,Automatic,,162531.68,214.1,39.47,0.723,700.753,16.7811,0,0,Good,2022-10-16 05:17:26,Invalid or missing units consumed
RD00040430,MTR003064,CUST003064,2023-02-27 20:54:03,Automatic,,259813.68,250.0,11.77,0.725,,0.593,0,0,Good,2023-02-27 21:15:03,Invalid or missing units consumed
RD00003503,MTR001322,CUST001322,2024-06-15 16:13:34,Automatic,,124432.61,213.0,4.41,0.825,3.094,0.2879,0,0,Estimated,2024-06-15 16:18:34,Invalid or missing units consumed
RD00004472,MTR000535,CUST000535,2022-01-14 13:11:39,Manual,,162007.3,234.9,32.44,0.903,37.396,1.3336,0,0,Good,2022-01-14 13:29:39,Invalid or missing units consumed
RD00033355,MTR003797,CUST003797,2023-08-09 14:21:29,Automatic,,456574.6,222.7,28.14,0.789,4.662,0.3481,0,-,Good,2023-08-09 14:23:29,Invalid or missing units consumed
RD00038703,MTR002955,CUST002955,2022-04-05 07:38:21,Automatic,,141995.51,246.1,42.63,,10.027,,0,0,Good,,Invalid or missing units consumed
RD00014053,MTR003006,CUST003006,2023-03-13 16:25:12,Automatic,,328600.58,226.9,29.24,,0.982,0.0447,0,0,Good,2023-03-13 16:34:12,Invalid or missing units consumed
RD00026615,MTR002640,CUST002640,2022-06-17 13:55:05,Automatic,,204003.98,UNKNOWN,15.99,0.9,4.115,0.1291,0,1,Good,2022-06-17 14:07:05,Invalid or missing units consumed
RD00027346,MTR000087,CUST000087,2024-06-28 05:27:04,Manual,,331956.86,,31.55,0.745,717.17,42.8752,,0,Good,2024-06-28 05:43:04,Invalid or missing units consumed
RD00016321,MTR001637,CUST001637,2024-06-26 14:51:24,Automatic,,,241.2,47.84,0.706,2.136,0.0844,0,0,Good,2024-06-26 14:52:24,Invalid or missing units consumed
RD00034122,MTR001217,CUST001217,2023-04-11 15:00:40,Automatic,,139139.05,219.8,10.29,0.909,80.022,4.0539,0,0,Good,2023-04-11 15:13:40,Invalid or missing units consumed
RD00008330,MTR000099,CUST000099,2024-12-14 03:30:45,Automatic,,416350.32,229.1,37.99,0.835,1.403,0.1577,0,0,Good,2024-12-14 03:56:45,Invalid or missing units consumed
RD00033071,MTR000918,CUST000918,2023-06-23 22:55:29,Automatic,,318878.73,220.2,,0.811,0.722,0.0677,0,0,Good,2023-06-23 23:05:29,Invalid or missing units consumed
RD00029597,MTR000406,CUST000406,2024-10-15 01:16:43,Automatic,,,230.3,26.42,0.95,39.785,,0,0,Good,2024-10-15 01:24:43,Invalid or missing units consumed
RD00001344,MTR000081,CUST000081,2022-10-14 02:54:04,Automatic,,218467.58,243.1,48.5,0.823,9.405,0.314,0,0,Good,2022-10-14 03:03:04,Invalid or missing units consumed
RD00005338,MTR004357,CUST004357,2023-09-22 10:11:26,Automatic,,206094.96,232.6,36.8,0.912,,0.0967,0,0,Good,2023-09-22 10:31:26,Invalid or missing units consumed
RD00009332,MTR002940,CUST002940,2022-11-27 09:53:24,automatic,,131914.62,218.3,27.58,0.864,15.509,0.5248,0,1,Good,2022-11-27 10:13:24,Invalid or missing units consumed
RD00028853,MTR000162,CUST000162,2023-03-25 06:48:45,Automatic,,229358.88,233.2,25.34,0.792,6.984,0.0,0,0,invalid,2023-03-25 07:10:45,Invalid or missing units consumed
RD00012861,MTR003860,CUST003860,2022-02-10 08:26:30,Automatic,,395436.42,0,6.68,0.729,9.851,0.4125,0,0,Good,,Invalid or missing units consumed
RD00018189,MTR001790,CUST001790,2023-12-09 20:20:34,,,252463.79,224.2,17.3,0.935,4.956,0.2251,0,0,Good,2023-12-09 20:25:34,Invalid or missing units consumed
RD00031082,MTR001922,,2023-01-23 04:26:57,Automatic,,114032.87,245.8,36.3,0.924,10.16,0.5282,0,0,-,2023-01-23 04:33:57,Invalid or missing units consumed
RD00044964,MTR002085,CUST002085,2024-12-03 15:19:30,Automatic,,158563.12,,40.89,0.764,126.287,9.1744,0,0,Good,2024-12-03 15:26:30,Invalid or missing units consumed
RD00000525,MTR002212,CUST002212,2023-12-07 13:54:19,Automatic,,487635.83,238.9,15.26,0.963,35.804,2.4398,0,1,good,2023-12-07 13:59:19,Invalid or missing units consumed
RD00017395,MTR000710,CUST000710,2022-06-02 08:50:37,Automatic,,59423.95,224.0,6.79,0.712,38.89,4.1493,,0,Good,2022-06-02 09:09:37,Invalid or missing units consumed
RD00045353,MTR000704,CUST000704,2023-12-14 09:17:33,Automatic,,64460.37,235.2,37.5,0.715,159.134,11.8825,0,0,Good,2023-12-14 09:34:33,Invalid or missing units consumed
RD00021978,MTR000798,CUST000798,2024-09-22 06:03:28,Manual,,491734.21,234.0,10.62,0.748,8.021,0.3696,0,0,Good,2024-09-22 06:33:28,Invalid or missing units consumed
RD00022827,MTR002982,CUST002982,2023-08-28 02:58:31,Automatic,,69790.16,236.3,30.51,0.78,7.178,0.2073,0,0,Good,2023-08-28 03:28:31,Invalid or missing units consumed
RD00001978,MTR004108,CUST004108,,Estimated,,38200.19,228.0,36.34,0.995,,0.7317,0,1,Good,2022-01-03 06:23:32,Invalid or missing units consumed
RD00003348,MTR004854,CUST004854,2022-11-30 18:34:12,Automatic,,229999.85,213.9,48.26,0.979,3.511,,0,0,Good,2022-11-30 18:54:12,Invalid or missing units consumed
RD00047315,MTR000624,CUST000624,,Automatic,,265522.74,223.2,0.68,0.746,,0.0945,0,0,Good,2022-01-12 02:59:22,Invalid or missing units consumed
RD00023696,MTR003304,CUST003304,2022-03-15 11:35:12,Manual,,,235.6,39.48,0.988,361.565,24.268,-,0,Invalid,2022-03-15 11:50:12,Invalid or missing units consumed
RD00026527,MTR001860,CUST001860,,Manual,,81012.58,233.8,44.5,0.83,2.326,0.2841,0,0,Good,2022-01-06 21:55:18,Invalid or missing units consumed
RD00027504,MTR000677,CUST000677,2023-11-16 05:09:20,Manual,,403263.89,221.1,41.56,0.899,0.953,0.0405,0,0,Good,2023-11-16 05:12:39,Invalid or missing units consumed
RD00046121,MTR004410,CUST004410,2022-05-19 16:27:15,Automatic,,87758.33,,41.23,0.963,6.338,0.6594,0,0,Invalid,2022-05-19 16:48:15,Invalid or missing units consumed
RD00040412,MTR001155,CUST001155,2023-08-10 01:58:04,Automatic,,298692.98,228.3,32.5,0.836,8.386,0.3314,0,0,Good,2023-08-10 02:27:04,Invalid or missing units consumed
RD00038764,MTR004750,CUST004750,2022-10-04 18:13:15,Automatic,,194596.96,218.6,46.07,0.976,1.791,,0,0,Good,2022-10-04 18:23:15,Invalid or missing units consumed
RD00045761,MTR002804,CUST002804,2022-10-23 01:38:51,Automatic,,448302.5,230.3,13.71,0.717,,0.0589,1,0,Good,2022-10-23 02:06:51,Invalid or missing units consumed
RD00034066,MTR002343,CUST002343,2022-12-20 12:40:16,Automatic,,274625.73,216.6,,0.736,,0.0581,0,0,Good,2022-12-20 12:42:16,Invalid or missing units consumed
RD00013456,MTR003479,CUST003479,2024-03-13 08:42:57,,,255143.99,230.5,38.32,0.784,7.496,0.7427,0,0,Good,2024-03-13 08:58:57,Invalid or missing units consumed
RD00026482,MTR000860,CUST000860,2022-03-15 19:16:33,Estimated,,67429.66,236.4,10.0,0.888,19.35,,0,0,Good,,Invalid or missing units consumed
RD00009814,MTR002014,CUST002014,2023-02-07 10:41:36,AUTOMATIC,,146308.25,215.6,39.28,0.999,53.968,4.1644,0,0,Good,2023-02-07 11:02:36,Invalid or missing units consumed
RD00013176,MTR004154,CUST004154,2024-10-18 11:49:44,Automatic,,420263.83,236.1,5.42,0.797,62.156,3.9531,0,0,Estimated,2024-10-18 12:16:44,Invalid or missing units consumed
RD00032864,MTR002266,CUST002266,2024-04-11 22:26:27,,,40863.67,218.2,17.81,0.817,11.873,0.8806,0,0,Good,2024-04-11 22:51:27,Invalid or missing units consumed
RD00041546,MTR002251,,2023-10-14 23:38:23,Automatic,,99614.8,217.9,5.95,0.983,4.327,0.4011,0,0,Good,2023-10-15 00:08:23,Invalid or missing units consumed
RD00040004,MTR001908,CUST001908,2024-08-11 23:26:24,automatic,,467061.89,,7.84,0.74,4.22,0.2148,0,0,Good,,Invalid or missing units consumed
RD00033050,MTR001701,CUST001701,2022-11-23 22:12:51,Revised,,0.0,237.3,14.69,,4.953,0.1358,0,0,Good,2022-11-23 22:28:51,Invalid or missing units consumed
RD00049827,MTR003948,CUST003948,2024-11-23 18:05:01,Automatic,,294285.71,231.0,10.95,0.758,101.73,7.2094,0,0,Estimated,,Invalid or missing units consumed
RD00014854,MTR002933,CUST002933,2022-02-13 23:32:17,Manual,,339926.67,224.9,0.0,0.833,6.785,0.1549,0,0,Good,2022-02-13 23:58:17,Invalid or missing units consumed
RD00024015,MTR002928,CUST002928,2024-03-04 17:26:01,REVISED,,360279.12,232.1,3.3,0.724,0.57,0.0252,0,0,Good,,Invalid or missing units consumed
RD00012906,MTR000706,CUST000706,2024-05-07 17:27:21,Automatic,,233777.85,255.0,25.58,,3.998,0.3463,0,0,Invalid,2024-05-07 17:51:21,Invalid or missing units consumed
RD00048970,MTR004315,CUST004315,2023-08-18 21:24:10,Estimated,,115059.84,231.2,22.23,0.893,16.027,1.0388,0,0,good,,Invalid or missing units consumed
RD00012494,MTR000342,CUST000342,,Automatic,,,238.3,16.33,0.934,76.319,2.6243,0,0,Good,2023-03-24 20:19:09,Invalid or missing units consumed
RD00007356,MTR001523,CUST001523,2023-03-03 03:35:31,Manual,,473020.15,237.1,31.21,0.774,5.072,0.3117,0,0,Good,2023-03-03 03:47:31,Invalid or missing units consumed
RD00018907,MTR004071,CUST004071,2023-07-12 15:11:33,Automatic,,224058.36,223.4,47.47,0.907,10.742,0.7176,0,0,Good,2023-07-12 15:13:33,Invalid or missing units consumed
RD00016694,MTR001929,CUST001929,2023-03-28 00:02:22,Automatic,,71751.76,236.9,46.46,0.994,1.723,0.1411,0,0,good,2023-03-28 00:15:22,Invalid or missing units consumed
RD00033816,MTR099301,CUST004041,2022-12-14 06:16:19,Automatic,,0.0,232.6,48.91,0.727,,15.0131,0,1,Invalid,2022-12-14 06:37:19,Invalid or missing units consumed
RD00044182,MTR001317,CUST001317,2024-01-21 23:43:59,0,,212410.0,219.9,41.88,0.757,518.728,17.626,0,0,Good,,Invalid or missing units consumed
RD00047292,MTR001011,CUST001011,2023-08-11 17:42:37,Automatic,,194055.31,226.4,29.12,0.954,,0.0386,0,0,Good,,Invalid or missing units consumed
RD00015349,MTR002982,CUST002982,2024-11-18 21:03:08,Automatic,,81766.23,243.9,28.43,0.796,0.804,0.037,0,0,Good,,Invalid or missing units consumed
RD00010382,MTR001901,CUST001901,2024-11-15 08:15:30,Automatic,,201246.55,238.3,15.73,,30.146,1.0643,0,0,Good,2024-11-15 08:45:30,Invalid or missing units consumed
RD00030708,MTR003838,CUST003838,2022-01-21 10:02:02,Automatic,,268713.66,UNKNOWN,29.67,0.707,3.308,0.1281,0,0,Good,2022-01-21 10:15:02,Invalid or missing units consumed
RD00044429,MTR000523,CUST000523,2023-12-25 07:06:12,Automatic,,218778.58,221.1,,0.985,10.402,0.6873,0,0,Estimated,2023-12-25 07:10:12,Invalid or missing units consumed
RD00047952,MTR003461,CUST003461,2024-05-17 13:59:17,Automatic,,,233.7,21.11,0.866,834.627,68.3296,0,0,Good,2024-05-17 14:21:17,Invalid or missing units consumed
RD00039769,MTR000942,CUST000942,2024-08-18 06:32:41,automatic,,255944.71,238.6,32.01,,,0.5897,0,0,Good,2024-08-18 06:47:41,Invalid or missing units consumed
RD00007953,MTR000726,CUST000726,2022-03-04 15:22:45,Manual,,77842.89,241.3,32.16,0.852,81.764,3.6216,0,0,Good,2022-03-04 15:41:45,Invalid or missing units consumed
RD00024159,0,CUST004845,2024-03-09 05:08:13,Automatic,,470932.57,227.3,46.25,0.886,4.901,,0,0,Good,2024-03-09 05:27:58,Invalid or missing units consumed
RD00044543,MTR003894,CUST003894,2022-12-12 13:38:24,Automatic,,65408.36,218.0,33.99,0.76,74.257,7.3179,0,0,good,2022-12-12 13:46:24,Invalid or missing units consumed
RD00019229,MTR001666,CUST001666,2024-04-29 13:35:42,Automatic,,68673.18,223.0,,0.736,7.095,0.5168,0,0,-,,Invalid or missing units consumed
RD00007169,MTR000374,CUST000374,2023-06-24 03:49:42,Manual,,162528.73,224.3,16.36,0.886,9.736,0.577,1,0,Good,2023-06-24 03:56:42,Invalid or missing units consumed
RD00012746,MTR001577,CUST001577,2024-11-19 22:59:11,Automatic,,420651.39,218.4,43.38,0.997,71.378,4.1517,0,0,Good,2024-11-19 23:00:11,Invalid or missing units consumed
RD00038797,MTR003073,CUST003073,,Automatic,,,213.4,44.69,,13.324,1.3922,0,0,Good,2024-12-16 11:04:16,Invalid or missing units consumed
RD00039114,MTR003107,CUST003107,,Automatic,,432413.16,221.9,11.59,0.892,,0.2933,0,0,Good,2024-02-19 23:21:30,Invalid or missing units consumed
RD00027398,MTR003291,CUST003291,2024-12-17 10:04:34,Automatic,,410473.41,227.9,0.0,0.786,39.511,2.8178,0,1,Good,,Invalid or missing units consumed
RD00006508,MTR001693,CUST001693,2022-09-07 10:28:39,Estimated,,166152.39,234.4,18.36,0.728,7.146,0.3792,0,0,Good,2022-09-07 10:42:39,Invalid or missing units consumed
RD00014673,MTR004167,CUST004167,2022-08-10 08:37:31,Automatic,,74873.38,240.8,6.42,0.92,,,0,0,Good,2022-08-10 09:01:31,Invalid or missing units consumed
RD00017993,MTR004371,CUST004371,2023-05-03 17:05:09,Automatic,,180105.49,245.4,24.7,0.789,2.803,0.0653,0,0,Suspect,2023-05-03 17:35:09,Invalid or missing units consumed
RD00014241,MTR001213,CUST001213,2024-12-19 05:14:29,Estimated,,,233.4,36.85,0.995,3.961,0.1901,0,0,Good,2024-12-19 05:38:29,Invalid or missing units consumed
RD00048906,MTR000669,CUST000669,2022-11-14 15:14:56,,,366127.3,235.2,46.82,0.909,6.105,,0,0,Suspect,2022-11-14 15:39:56,Invalid or missing units consumed
RD00049428,MTR002207,CUST002207,2022-05-18 11:12:22,Automatic,,453609.15,233.1,15.65,0.869,,0.2837,1,0,Good,2022-05-18 11:18:22,Invalid or missing units consumed
RD00023649,MTR000949,CUST000949,2022-08-06 04:11:16,Automatic,,180029.35,225.5,39.74,0.722,2.298,0.1616,0,0,Good,2022-08-06 04:21:16,Invalid or missing units consumed
RD00047125,MTR004850,CUST004850,2023-05-26 11:08:20,Automatic,,132703.86,217.2,37.49,0.889,840.978,41.1633,0,UNKNOWN,Estimated,2023-05-26 11:21:20,Invalid or missing units consumed
RD00028012,MTR000247,CUST000247,2024-05-24 06:57:17,Automatic,,259952.72,208.0,13.6,0.75,10.96,0.9132,0,0,Good,2024-05-24 07:03:17,Invalid or missing units consumed
RD00029001,MTR003259,CUST003259,,Automatic,,163636.89,228.9,6.44,0.973,4.475,0.3148,0,0,Good,2023-10-31 23:03:33,Invalid or missing units consumed
RD00048910,MTR004319,CUST004319,2023-10-25 12:54:09,Automatic,,,224.0,6.16,0.836,5.873,0.2581,0,0,Good,2023-10-25 13:20:09,Invalid or missing units consumed
RD00003770,MTR001740,CUST001740,2023-02-06 15:39:04,Manual,,31291.81,226.0,24.89,0.801,11.707,0.3553,0,0,Good,2023-02-06 15:51:04,Invalid or missing units consumed
RD00007326,MTR002234,CUST002234,2023-02-10 11:59:01,Automatic,,156282.19,219.7,20.71,0.946,10.284,0.6739,,0,Good,2023-02-10 12:19:01,Invalid or missing units consumed
RD00016065,,CUST001728,2024-02-19 18:11:58,Automatic,,59148.41,227.2,0.47,0.782,165.376,6.5694,0,0,Good,2024-02-19 18:32:58,Invalid or missing units consumed
RD00039863,MTR004587,CUST004587,2024-01-02 08:06:14,Automatic,,431046.12,221.0,36.64,0.882,3.396,0.2903,0,0,Good,2024-01-02 08:08:14,Invalid or missing units consumed
RD00043347,MTR002212,CUST002212,2023-04-28 02:20:09,Manual,,481265.63,237.4,15.38,0.789,10.468,0.4366,0,1,Good,2023-04-28 02:36:09,Invalid or missing units consumed
RD00011503,MTR001696,CUST001696,2023-09-07 04:38:42,Manual,,480842.45,226.8,37.64,,6.421,0.3763,0,0,Good,2023-09-07 04:42:42,Invalid or missing units consumed
RD00018797,MTR000408,CUST000408,2024-01-11 00:14:43,Automatic,,385697.66,225.9,3.26,0.983,10.288,0.4189,0,0,Good,,Invalid or missing units consumed
RD00044240,MTR000118,CUST000118,2022-02-26 17:04:13,Manual,,76547940.0,224.9,46.97,0.908,28.869,1.3585,1,1,Good,2022-02-26 17:32:13,Invalid or missing units consumed
RD00003415,MTR000400,CUST000400,2024-04-02 04:27:00,Automatic,,483601.01,235.4,46.42,0.833,0.0,5.976,0,0,Good,2024-04-02 04:39:00,Invalid or missing units consumed
RD00027176,MTR004951,CUST004951,2024-04-28 08:20:55,automatic,,299648.87,252.4,,0.979,95.15,5.4795,0,0,Good,2024-04-28 08:28:55,Invalid or missing units consumed
RD00009379,MTR002262,CUST002262,2024-03-01 13:02:13,Manual,,62360.19,242.9,9.46,0.789,9.893,0.4991,0,0,Good,2024-03-01 13:13:13,Invalid or missing units consumed
RD00008577,MTR000662,CUST000662,2022-05-08 03:59:21,Manual,,169918.64,227.6,12.49,0.855,3.714,0.1099,0,0,good,2022-05-08 04:22:18,Invalid or missing units consumed
RD00043654,MTR001455,CUST001455,2023-05-05 23:06:43,Automatic,,76297.18,222.2,45.23,0.893,2.699,0.2081,0,0,Good,2023-05-05 23:22:43,Invalid or missing units consumed
RD00039204,MTR004769,CUST004769,2023-04-20 20:05:18,Automatic,,,246.3,40.65,0.981,50.458,,0,0,Good,2023-04-20 20:32:18,Invalid or missing units consumed
RD00025146,MTR004908,CUST004908,2023-07-20 21:03:00,Automatic,,209576.82,219.7,29.78,0.931,13.265,0.5151,0,0,Good,2023-07-20 21:07:00,Invalid or missing units consumed
RD00013455,MTR099031,CUST004487,2023-03-04 07:18:09,Automatic,,122353.58,231.8,40.89,0.941,11.389,0.4724,0,0,Good,2023-03-04 07:35:09,Invalid or missing units consumed
RD00041941,MTR001334,CUST001334,2024-09-14 17:50:03,Automatic,,147201.36,228.5,8.37,0.909,41.267,2.6941,0,0,Good,2024-09-14 18:00:03,Invalid or missing units consumed
RD00021054,MTR000218,CUST000218,2023-12-30 17:19:55,Automatic,,421575.64,227.4,40.75,0.753,2.761,0.1978,0,0,Good,2023-12-30 17:34:55,Invalid or missing units consumed
RD00044123,MTR002454,CUST002454,2022-03-14 15:48:21,AUTOMATIC,,300305.4,224.9,41.92,0.792,3.783,0.0846,0,0,Good,2022-03-14 16:05:21,Invalid or missing units consumed
RD00006363,MTR001503,CUST001503,2023-09-27 19:47:49,Automatic,,410581.59,215.4,15.99,0.987,390.125,14.3323,0,0,Good,2023-09-27 19:56:49,Invalid or missing units consumed
RD00015187,MTR001313,CUST001313,2023-12-17 23:40:05,Automatic,,355128.19,226.9,46.87,0.984,2.306,0.127,1,0,Good,2023-12-17 23:54:05,Invalid or missing units consumed
RD00012078,MTR004208,CUST004208,2024-10-28 18:33:33,Automatic,,227806.51,230.0,24.9,0.788,356.597,23.0546,0,0,Good,2024-10-28 18:40:33,Invalid or missing units consumed
RD00020231,MTR000530,CUST000530,2024-03-15 17:57:48,Automatic,,463218.11,241.6,39.82,0.895,,0.1461,0,0,Good,2024-03-15 18:20:48,Invalid or missing units consumed
RD00017059,MTR004916,CUST004916,2022-02-05 01:20:55,Automatic,,262229.01,230.7,40.27,0.968,55.489,1.9834,0,0,Good,2022-02-05 01:40:55,Invalid or missing units consumed
RD00003696,MTR004001,CUST004001,2022-04-18 18:01:42,Automatic,,137535.2,241.3,33.26,0.961,12.409,1.175,0,0,Good,2022-04-18 18:21:42,Invalid or missing units consumed
RD00040293,MTR099764,CUST000259,2023-11-09 13:21:02,Manual,,444616.26,222.3,,0.774,24.891,0.9484,0,0,Good,2023-11-09 13:31:02,Invalid or missing units consumed
RD00011568,MTR002935,CUST002935,2022-09-19 12:41:06,Automatic,,365019.59,,9.1,0.806,700.065,21.2248,0,0,Estimated,2022-09-19 13:00:06,Invalid or missing units consumed
RD00002101,MTR004689,CUST004689,2024-12-29 00:03:24,Automatic,,181137.78,233.2,5.18,0.811,5.769,0.3197,0,0,,,Invalid or missing units consumed
RD00008930,MTR004774,CUST004774,2022-01-22 03:11:47,Automatic,,29843.92,227.6,30.89,0.807,3.922,0.2758,0,0,Estimated,2022-01-22 03:18:47,Invalid or missing units consumed
RD00003554,MTR004569,CUST004569,2024-06-27 21:02:43,Manual,,438271.49,228.1,36.82,0.87,3.789,0.1265,0,0,Good,2024-06-27 21:30:43,Invalid or missing units consumed
RD00038024,MTR004613,CUST004613,2024-08-14 21:31:17,Estimated,,468408.17,233.9,21.28,0.873,7.196,0.2051,0,0,Good,2024-08-14 21:43:17,Invalid or missing units consumed
RD00006462,MTR002043,CUST002043,2024-07-16 12:16:00,Manual,,43752.09,221.3,46.69,0.905,9.05,0.5529,0,0,Good,2024-07-16 12:23:00,Invalid or missing units consumed
RD00013743,MTR003668,CUST003668,2022-10-12 11:34:15,Manual,,13688.5,229.3,30.06,0.784,4.049,0.3659,0,0,Estimated,2022-10-12 11:58:15,Invalid or missing units consumed
RD00027892,MTR004510,CUST004510,2024-12-16 14:04:50,Estimated,,201524.7,225.8,26.41,0.996,442.486,19.6717,1,0,Good,2024-12-16 14:07:50,Invalid or missing units consumed
RD00012951,MTR004181,CUST004181,2022-12-08 14:13:20,Automatic,,,224.9,12.54,0.707,3.379,0.1222,0,0,Good,2022-12-08 14:43:20,Invalid or missing units consumed
RD00046920,MTR002903,CUST002903,2022-12-04 23:17:56,Automatic,,312867.22,227.8,16.56,0.81,2.817,0.1006,0,0,Good,2022-12-04 23:36:56,Invalid or missing units consumed
RD00044440,MTR002192,CUST002192,2022-06-12 02:46:12,Manual,,476032.13,232.7,6.26,0.929,,1.8255,0,0,Estimated,2022-06-12 03:01:12,Invalid or missing units consumed
RD00025973,MTR002618,CUST002618,2024-05-01 08:19:51,Automatic,,165390.52,232.5,11.71,,8.369,0.5295,0,0,Good,,Invalid or missing units consumed
RD00024431,UNKNOWN,CUST002204,2022-03-30 02:30:50,Automatic,,49995.74,,29.64,0.727,2.627,0.2073,0,0,Good,2022-03-30 02:56:50,Invalid or missing units consumed
RD00002955,MTR004932,CUST004932,2024-12-14 01:47:07,Automatic,,371457.58,241.6,3.06,0.711,62.093,4.5262,0,0,Good,2024-12-14 02:02:07,Invalid or missing units consumed
RD00001839,MTR000197,,2024-12-12 00:06:42,Automatic,,29550.06,226.9,9.94,0.958,5.782,0.1569,0,0,Invalid,2024-12-12 00:20:42,Invalid or missing units consumed
RD00014001,MTR000872,CUST000872,,Revised,,435368.0,232.2,6.89,0.719,24.885,0.9363,0,0,Estimated,2024-05-24 11:52:41,Invalid or missing units consumed
RD00011140,MTR001518,CUST001518,2024-08-01 06:50:09,Manual,,60088.89,238.1,27.79,0.0,,0.4664,0,0,Good,2024-08-01 06:51:09,Invalid or missing units consumed
RD00027495,MTR003691,CUST003691,2022-11-09 08:12:36,Automatic,,168431.42,215.8,33.7,0.739,32.806,3.8252,0,0,Good,2022-11-09 08:29:36,Invalid or missing units consumed
RD00027133,MTR002151,CUST002151,2022-04-16 02:29:35,Automatic,,153194.9,224.2,46.33,0.706,1.005,0.1164,1,0,Good,2022-04-16 02:37:35,Invalid or missing units consumed
RD00019806,MTR003680,CUST003680,,Automatic,,219395.87,231.3,11.75,0.838,16.319,0.9525,0,1,Estimated,2022-08-07 03:09:29,Invalid or missing units consumed
RD00030848,MTR003982,CUST003982,2022-10-17 07:37:08,Manual,,88679.31,-,7.53,0.939,5.772,0.2981,0,0,Good,2022-10-17 07:51:08,Invalid or missing units consumed
RD00046243,MTR004977,CUST004977,2024-07-04 01:18:32,Manual,,,205.0,36.77,,26.563,1.0314,0,0,Good,,Invalid or missing units consumed
RD00047986,,CUST002533,2022-04-09 00:29:26,Automatic,,65781.61,215.5,42.98,0.972,2.002,0.0961,0,0,Good,2022-04-09 00:44:26,Invalid or missing units consumed
RD00020745,MTR002029,CUST002029,2023-02-18 23:20:01,Automatic,,253438.65,221.5,33.05,0.902,36.281,1.836,0,0,Good,2023-02-18 23:40:01,Invalid or missing units consumed
RD00003875,MTR003378,CUST003378,2022-04-05 21:42:48,Automatic,,138213.7,,4.07,0.88,1.536,0.0522,0,0,Estimated,2022-04-05 22:07:48,Invalid or missing units consumed
RD00021421,MTR004439,CUST004439,2023-12-10 06:27:55,Automatic,,199933.07,221.0,27.28,0.764,1.207,0.106,0,0,Good,2023-12-10 06:46:55,Invalid or missing units consumed
RD00020519,MTR003783,CUST003783,2022-10-15 06:57:05,Automatic,,287700.77,219.3,19.15,0.792,11.84,0.8302,0,-,Estimated,2022-10-15 07:14:05,Invalid or missing units consumed
RD00024038,MTR004546,CUST004546,2024-01-29 04:46:36,Automatic,,492066.44,213.6,23.09,0.885,23.813,,0,0,Good,2024-01-29 04:58:36,Invalid or missing units consumed
RD00040292,MTR001650,CUST001650,2022-08-16 06:10:58,Revised,,337813.04,234.2,27.12,0.806,2.478,0.088,0,-,Good,2022-08-16 06:36:58,Invalid or missing units consumed
RD00048131,MTR004673,CUST004673,,automatic,,306921.5,221.4,36.93,0.92,51.346,3.081,0,0,Good,2023-06-21 21:49:25,Invalid or missing units consumed
RD00017236,MTR000242,CUST000242,,Automatic,,241699.41,233.9,23.59,0.983,970.085,34.8858,0,0,Good,2024-06-25 14:07:49,Invalid or missing units consumed
RD00047303,MTR001260,CUST001260,2024-05-16 18:43:39,Estimated,,465303.98,223.9,45.31,0.956,131.293,3.8195,0,0,Good,2024-05-16 19:11:39,Invalid or missing units consumed
RD00005202,MTR001557,CUST001557,2024-10-08 02:54:57,Automatic,,170903.88,242.8,11.87,0.719,16.546,1.6977,0,0,Good,2024-10-08 03:01:57,Invalid or missing units consumed
RD00001507,MTR004819,CUST004819,,Automatic,,260020.83,204.6,3.45,0.798,11.622,0.4186,0,0,Estimated,2022-08-16 06:31:59,Invalid or missing units consumed
RD00035486,MTR003047,CUST003047,,Automatic,,30.17448,,39.38,0.934,1.599,0.1119,0,0,GOOD,2022-10-16 19:06:56,Invalid or missing units consumed
RD00005026,MTR002507,CUST002507,2024-01-02 11:44:26,Automatic,,339605.67,,12.18,0.984,,0.338,0,0,Good,2024-01-02 11:50:26,Invalid or missing units consumed
RD00043575,MTR000017,CUST000017,2024-10-14 20:11:48,Automatic,,12412.81,225.1,10.66,0.911,15.498,0.5441,0,0,Good,2024-10-14 20:29:48,Invalid or missing units consumed
RD00047450,MTR002633,CUST002633,,Manual,,,232.7,25.22,0.857,3.987,0.4059,0,0,Suspect,2024-11-07 13:24:27,Invalid or missing units consumed
RD00011114,MTR001373,CUST001373,2022-11-01 19:03:21,Automatic,,294992.11,238.4,32.53,0.972,711.425,42.7247,,0,Good,2022-11-01 19:19:21,Invalid or missing units consumed
RD00002758,MTR000707,CUST000707,2022-08-31 22:07:50,Automatic,,241170.98,240.1,42.64,0.975,19.287,1.2406,0,UNKNOWN,Suspect,2022-08-31 22:29:50,Invalid or missing units consumed
RD00045581,MTR000246,CUST000246,2024-12-14 13:49:24,Automatic,,349916.77,198.7,38.13,0.779,,0.1727,0,0,Good,2024-12-14 14:09:24,Invalid or missing units consumed
RD00015094,MTR099397,CUST001873,2024-08-29 04:27:09,Revised,,110639.91,227.3,,0.924,8.512,0.3706,0,0,Good,2024-08-29 04:36:09,Invalid or missing units consumed
RD00008879,MTR002477,CUST002477,2023-03-06 11:25:00,Automatic,,68448.26,239.2,19.56,0.802,5.766,0.3296,0,0,Good,2023-03-06 11:42:00,Invalid or missing units consumed
RD00023698,MTR000566,CUST000566,2024-04-04 08:33:03,Automatic,,330144.94,232.5,41.55,0.833,5.864,0.2343,0,0,Good,2024-04-04 08:38:03,Invalid or missing units consumed
RD00012569,MTR000681,CUST000681,2024-03-29 14:50:04,Automatic,,395400.21,240.2,47.98,0.855,3.689,0.279,0,0,Good,2024-03-29 15:07:04,Invalid or missing units consumed
RD00029224,MTR003932,CUST003932,2022-11-06 02:34:16,Automatic,,43796.3,226.9,40.06,0.961,14.08,0.3369,0,0,Good,2022-11-06 02:43:16,Invalid or missing units consumed
RD00031076,MTR003105,CUST003105,2024-08-10 22:47:44,Manual,,422619.98,233.0,,0.857,21.807,0.6564,0,0,Good,2024-08-10 22:57:44,Invalid or missing units consumed
RD00030946,MTR002832,CUST002832,2023-07-08 17:20:28,Manual,,347161.95,243.5,10.19,0.967,1.093,0.0618,1,0,Good,2023-07-08 17:43:28,Invalid or missing units consumed
RD00005802,MTR004027,CUST004027,2023-03-31 18:18:01,Automatic,,435167.79,241.6,44.85,0.749,49.024,2.557,0,,Good,2023-03-31 18:45:01,Invalid or missing units consumed
RD00012405,MTR004440,CUST004440,2024-02-06 18:26:01,Automatic,,499420.54,213.7,16.53,0.813,792.01,44.2333,0,0,Good,2024-02-06 18:29:01,Invalid or missing units consumed
RD00005683,MTR001772,CUST001772,2024-03-10 23:16:20,Estimated,,479352830.0,231.5,13.49,0.919,2.584,0.0889,1,0,Good,2024-03-10 23:17:20,Invalid or missing units consumed
RD00040403,MTR001616,CUST001616,2022-07-19 15:58:06,Automatic,,130039.34,248.2,38.42,0.984,6.81,0.1993,0,0,Good,2022-07-19 16:27:06,Invalid or missing units consumed
RD00021191,MTR002196,CUST002196,2022-12-16 10:36:20,Automatic,,158919.27,217.5,20.79,0.803,1.324,0.1049,0,0,Good,2022-12-16 10:49:20,Invalid or missing units consumed
RD00009861,MTR001561,CUST001561,,Automatic,,486172.24,225.4,24.02,0.885,103.907,9.0221,0,0,Good,,Invalid or missing units consumed
RD00020076,MTR002624,CUST002624,2024-08-22 20:59:52,Automatic,,357013.28,238.9,,0.701,4.08,0.3479,-,0,Good,2024-08-22 21:26:52,Invalid or missing units consumed
RD00043927,MTR003049,CUST003049,2024-08-05 22:17:13,Automatic,,488117.5,230.6,9.12,0.919,757.289,98.5997,,0,Good,2024-08-05 22:22:13,Invalid or missing units consumed
RD00001249,MTR001722,CUST001722,2023-10-06 19:19:32,Automatic,,210943.53,229.1,7.25,0.834,12.146,0.7583,0,0,Good,2023-10-06 19:31:32,Invalid or missing units consumed
RD00021610,MTR099604,CUST002234,2022-11-02 12:52:07,Automatic,,375850.91,251.0,36.35,0.733,1.886,0.1844,0,0,Suspect,2022-11-02 13:00:07,Invalid or missing units consumed
RD00002593,MTR000946,CUST000946,2024-07-14 17:39:54,Automatic,,205989.38,239.3,37.47,0.928,18.691,1.0902,0,0,Good,2024-07-14 17:57:54,Invalid or missing units consumed
RD00045484,MTR002670,CUST002670,,Automatic,,135332.53,232.6,45.92,0.976,5.093,0.3624,0,0,Good,2023-05-14 09:27:03,Invalid or missing units consumed
RD00042406,MTR000571,CUST000571,2023-06-17 15:47:22,Automatic,,239526.53,225.7,21.17,0.888,2.68,0.1004,1,0,Invalid,2023-06-17 16:12:22,Invalid or missing units consumed
RD00014669,MTR001827,CUST001827,2022-07-06 17:04:42,Automatic,,226052.28,208.3,40.87,0.0,6.361,0.408,0,0,Good,2022-07-06 17:08:38,Invalid or missing units consumed
RD00026868,MTR003690,CUST003690,2024-07-06 22:30:06,Automatic,,235890.28,229.7,1.19,0.814,16.591,1.2177,0,0,Good,2024-07-06 22:54:06,Invalid or missing units consumed
RD00013356,MTR002965,CUST002965,2023-05-02 00:03:07,Manual,,439446.74,236.2,41.71,0.906,6.055,0.14,0,0,Good,2023-05-02 00:29:07,Invalid or missing units consumed
RD00012942,MTR000635,CUST000635,2024-12-08 08:50:20,Automatic,,333922.35,,21.54,0.918,19.141,1.0975,0,0,Suspect,2024-12-08 09:08:20,Invalid or missing units consumed
RD00028688,MTR001193,CUST001193,2022-04-05 07:33:35,Automatic,,175862.16,229.0,8.0,0.93,36.166,1.103,0,0,,2022-04-05 07:47:35,Invalid or missing units consumed
RD00005505,MTR003215,CUST003215,2024-06-24 16:27:38,Revised,,406513.66,237.6,38.01,0.873,62.601,3.1333,0,0,Good,2024-06-24 16:51:38,Invalid or missing units consumed
RD00018007,MTR004062,CUST004062,,Manual,,87955.66,220.5,30.52,0.899,,1.7582,0,0,Good,2022-07-24 15:12:56,Invalid or missing units consumed
RD00036145,MTR001371,CUST001371,2022-05-12 20:51:08,Automatic,,195676.51,229.8,31.57,0.845,4.704,0.2733,0,0,Good,2022-05-12 21:04:08,Invalid or missing units consumed
RD00038839,MTR003949,CUST003949,2024-06-26 18:43:23,Automatic,,451414.79,229.1,,0.74,9.907,0.5725,1,,Good,2024-06-26 19:12:23,Invalid or missing units consumed
RD00029260,MTR003762,CUST003762,,Automatic,,303003.86,234.3,33.56,0.827,95.33,8.594,0,0,Good,2022-01-13 12:14:07,Invalid or missing units consumed
RD00021724,MTR004260,CUST004260,2023-04-11 18:19:23,Automatic,,322285.53,236.3,13.93,0.731,25.508,0.0,0,1,Invalid,,Invalid or missing units consumed
RD00005687,MTR002508,CUST002508,2023-11-08 16:29:18,Automatic,,264920.87,220.3,,0.913,15.667,1.0797,0,0,Good,2023-11-08 16:59:18,Invalid or missing units consumed
RD00029459,MTR002619,CUST002619,2023-06-03 08:38:24,,,342215.03,240.7,1.33,0.955,2.82,0.0899,0,0,Good,,Invalid or missing units consumed
RD00023825,MTR002906,CUST002906,2024-11-19 15:02:30,Automatic,,,214.1,43.31,0.862,6.968,0.0,0,0,Good,,Invalid or missing units consumed
RD00009480,MTR003197,CUST003197,2022-05-08 02:41:59,Automatic,,14081.06,240.2,4.32,0.886,3.866,0.1183,0,0,Suspect,,Invalid or missing units consumed
RD00014443,MTR004977,CUST004977,2022-08-17 23:27:23,Estimated,,412961.23,216.1,2.17,0.995,50.134,1.7595,0,,Good,2022-08-17 23:42:23,Invalid or missing units consumed
RD00036213,MTR003611,CUST003611,2024-07-10 15:42:04,Automatic,,441152.79,239.5,38.3,0.901,5.13,0.3314,0,0,Good,2024-07-10 16:05:04,Invalid or missing units consumed
RD00021915,MTR002125,CUST002125,2022-10-12 00:07:07,Estimated,,172.12266,233.5,39.96,0.989,2.466,0.0934,0,0,Good,2022-10-12 00:10:07,Invalid or missing units consumed
RD00029935,MTR004367,CUST004367,,Automatic,,250724.99,248.0,44.57,0.962,6.088,0.4636,0,0,Good,2023-11-21 17:19:14,Invalid or missing units consumed
RD00000268,MTR004584,CUST004584,2022-09-05 11:49:46,Manual,,279493.01,246.9,22.76,0.782,7.788,0.3108,0,0,Good,2022-09-05 11:57:46,Invalid or missing units consumed
RD00030575,MTR002287,CUST002287,2024-12-07 19:23:01,Automatic,,478806.49,229.1,27.37,,771.287,50.6827,0,0,Good,2024-12-07 19:44:01,Invalid or missing units consumed
RD00006567,MTR002016,CUST002016,2024-05-31 10:08:42,Manual,,133965.54,238.9,39.33,0.724,307.371,30.1717,0,0,Good,2024-05-31 10:35:42,Invalid or missing units consumed
RD00041346,MTR002890,CUST002890,,Automatic,,406615.08,224.9,43.5,0.955,,0.2499,0,0,Good,2024-02-21 07:46:14,Invalid or missing units consumed
RD00029720,MTR001692,CUST001692,2022-09-20 16:07:02,Automatic,,80147.65,239.3,10.79,0.846,6.217,0.4463,0,0,-,2022-09-20 16:14:02,Invalid or missing units consumed
RD00029266,MTR002122,CUST002122,2023-09-20 04:01:57,Automatic,,72429.35,225.4,12.02,0.818,8.885,0.5941,0,0,Good,2023-09-20 04:09:57,Invalid or missing units consumed
RD00013194,MTR000470,CUST000470,,Automatic,,99493.86,239.2,8.74,0.887,14.947,0.8244,0,0,Good,2024-04-19 18:59:53,Invalid or missing units consumed
RD00007358,MTR004067,CUST004067,2022-05-14 22:41:35,Automatic,,327465.22,218.8,46.31,0.719,155.432,4.4058,0,0,Good,2022-05-14 23:04:35,Invalid or missing units consumed
RD00023192,MTR000999,CUST000999,2023-05-19 03:47:16,,,393272.55,,5.37,0.802,706.534,22.7785,0,0,Good,,Invalid or missing units consumed
RD00043749,MTR000101,CUST000101,2022-01-05 19:20:35,Automatic,,429.32793,246.3,29.6,0.757,1.088,0.0869,0,0,Estimated,2022-01-05 19:21:35,Invalid or missing units consumed
RD00040602,MTR003974,CUST003974,2022-12-30 16:02:58,Automatic,,386158.05,215.6,11.55,0.891,9.593,0.5713,0,0,Good,2022-12-30 16:17:58,Invalid or missing units consumed
RD00002823,MTR004760,CUST004760,2024-01-25 16:28:01,Automatic,,400474.03,219.0,4.95,0.907,4.743,0.1098,0,0,Good,2024-01-25 16:55:01,Invalid or missing units consumed
RD00038510,MTR001026,CUST001026,2023-03-25 12:26:14,Automatic,,412131.68,220.2,14.41,0.722,81.918,5.532,0,0,Good,2023-03-25 12:44:14,Invalid or missing units consumed
RD00019438,MTR000592,CUST000592,,Automatic,,327717.35,252.4,8.62,0.827,14.771,0.7073,0,0,Good,2024-05-02 06:30:27,Invalid or missing units consumed
RD00003012,MTR003286,CUST003286,2022-05-03 23:00:17,Manual,,77954.26,239.3,33.13,0.893,2.569,0.0726,0,0,Suspect,2022-05-03 23:08:17,Invalid or missing units consumed
RD00043088,MTR002104,CUST002104,2024-06-18 19:41:13,Manual,,118070.29,220.1,0.42,0.948,7.057,0.0,0,0,Estimated,2024-06-18 19:42:13,Invalid or missing units consumed
RD00029595,MTR001247,CUST001247,2022-08-05 09:21:30,Automatic,,446539.37,UNKNOWN,29.78,0.978,6.637,0.2207,0,0,Good,2022-08-05 09:34:30,Invalid or missing units consumed
RD00013924,MTR000560,CUST000560,2023-11-19 04:51:07,UNKNOWN,,47472.73,210.5,49.61,0.747,11.729,0.5199,0,0,Good,2023-11-19 05:07:07,Invalid or missing units consumed
RD00016396,MTR003676,CUST003676,2022-02-13 03:55:02,Automatic,,275943.48,213.0,34.31,0.825,5.085,0.2515,0,0,Good,2022-02-13 04:05:02,Invalid or missing units consumed
RD00046049,MTR004176,CUST004176,2023-03-31 01:56:31,Automatic,,164812.12,237.3,4.38,0.795,1.916,0.1093,0,0,UNKNOWN,2023-03-31 02:20:31,Invalid or missing units consumed
RD00001394,MTR002169,CUST002169,2022-03-24 05:49:37,Automatic,,56476.06,227.2,17.94,0.783,4.577,0.2982,0,0,Good,2022-03-24 06:02:37,Invalid or missing units consumed
RD00042342,MTR001384,CUST001384,2024-07-10 07:21:53,Estimated,,413430.79,234.4,3.6,0.999,12.204,0.0,0,0,Good,2024-07-10 07:49:53,Invalid or missing units consumed
RD00010751,MTR000388,CUST000388,2022-11-12 16:45:38,Automatic,,64143.08,238.0,40.87,0.892,,22.7339,0,0,Good,2022-11-12 16:54:38,Invalid or missing units consumed
RD00036692,MTR001429,CUST001429,2023-10-03 01:11:23,Automatic,,415303.96,230.8,27.36,0.939,25.538,1.5187,,0,Good,2023-10-03 01:33:25,Invalid or missing units consumed
RD00001648,MTR001752,CUST001752,2023-01-31 00:22:02,Manual,,241357.32,252.1,42.1,0.86,2.814,0.2345,0,0,Suspect,2023-01-31 00:33:02,Invalid or missing units consumed
RD00000729,MTR003956,CUST003956,2022-07-08 11:04:21,Automatic,,214546.55,205.0,14.46,0.7,9.07,,0,0,Good,2022-07-08 11:27:21,Invalid or missing units consumed
RD00011072,MTR000294,CUST000294,2023-10-04 23:02:39,Automatic,,162615.12,233.1,48.56,0.94,4.023,0.1804,0,0,Invalid,2023-10-04 23:22:39,Invalid or missing units consumed
RD00002041,MTR000662,CUST000662,2022-08-01 03:38:24,Automatic,,217489.39,224.6,43.06,0.884,5.602,0.4005,0,0,Good,2022-08-01 03:41:24,Invalid or missing units consumed
RD00009066,MTR001933,CUST001933,2023-01-18 11:30:34,Automatic,,243290.58,252.8,31.61,0.886,0.0,0.1202,0,0,Good,2023-01-18 11:59:34,Invalid or missing units consumed
RD00024265,MTR001180,CUST001180,2023-11-18 18:05:21,Automatic,,437507.27,227.3,4.49,,39.762,2.3531,0,1,Estimated,2023-11-18 18:06:21,Invalid or missing units consumed
RD00007066,MTR002245,CUST002245,,Estimated,,460071260.0,219.3,27.96,0.902,0.0,0.1803,0,0,Good,2022-08-03 13:44:55,Invalid or missing units consumed
RD00047535,MTR000794,CUST000794,2022-11-22 16:50:30,Automatic,,422303.65,UNKNOWN,6.16,0.738,0.0,0.283,0,0,Suspect,,Invalid or missing units consumed
RD00007344,MTR001026,CUST001026,2023-04-30 12:53:30,Automatic,,36488.45,219.8,18.29,0.935,16.328,0.4212,0,0,Good,2023-04-30 12:56:30,Invalid or missing units consumed
RD00016555,MTR001918,CUST001918,2023-01-26 05:46:21,Automatic,,139538.52,222.4,4.48,0.895,2.589,0.1226,0,0,Good,2023-01-26 05:50:21,Invalid or missing units consumed
RD00044427,MTR001129,CUST001129,2024-08-03 14:03:51,automatic,,73380.37,210.1,,0.777,27.376,2.2712,0,1,Good,2024-08-03 14:23:51,Invalid or missing units consumed
RD00042106,MTR003342,CUST003342,2022-03-04 02:28:20,Automatic,,44542.9,237.4,45.87,0.841,8.33,1.0432,0,0,Good,2022-03-04 02:42:20,Invalid or missing units consumed
RD00001956,MTR003716,CUST003716,2022-08-05 18:33:56,Automatic,,175670.56,227.5,2.62,0.816,82.319,5.1438,1,0,Good,2022-08-05 18:59:56,Invalid or missing units consumed
RD00046835,MTR000281,CUST000281,,Automatic,,379180.28,-,27.48,0.739,39.345,0.8711,0,0,Good,2024-05-05 07:06:53,Invalid or missing units consumed
RD00007310,MTR003282,CUST003282,2022-08-09 02:52:17,Automatic,,281756.82,228.0,8.36,0.805,20.322,0.6316,0,0,Good,,Invalid or missing units consumed
RD00039051,MTR000585,CUST000585,2023-01-31 22:25:01,Automatic,,78851.77,222.1,,0.948,29.574,2.153,0,0,Good,2023-01-31 22:45:01,Invalid or missing units consumed
RD00023327,MTR004759,CUST004759,2023-10-09 15:01:50,Revised,,57662.14,219.0,12.92,0.964,7.184,0.4005,0,0,Good,2023-10-09 15:30:50,Invalid or missing units consumed
RD00030094,MTR004095,CUST004095,2024-09-07 15:54:07,Revised,,25078.49,237.0,39.48,0.762,25.47,0.6109,0,1,Suspect,2024-09-07 15:58:07,Invalid or missing units consumed
RD00043704,MTR001564,CUST001564,2022-09-26 12:02:20,Revised,,57497.74,229.6,3.82,0.777,13.116,0.6083,0,0,invalid,2022-09-26 12:19:20,Invalid or missing units consumed
RD00041387,MTR004502,CUST004502,2023-11-19 11:11:34,automatic,,229019.43,229.9,19.89,0.723,4.728,0.3683,0,0,Good,2023-11-19 11:26:34,Invalid or missing units consumed
RD00042832,MTR000733,CUST000733,2022-03-06 22:33:02,Automatic,,336935.54,UNKNOWN,36.21,0.886,8.093,0.4163,0,0,Good,2022-03-06 22:41:02,Invalid or missing units consumed
RD00038365,MTR000528,CUST000528,2023-11-08 17:54:54,Automatic,,493788.53,224.5,47.18,0.837,107.609,2.7594,0,0,Good,2023-11-08 18:02:54,Invalid or missing units consumed
RD00048583,MTR002342,CUST002342,2022-08-29 19:36:38,-,,,245.7,6.82,0.824,3.757,0.1709,0,0,Good,2022-08-29 19:56:38,Invalid or missing units consumed
RD00020048,MTR002060,CUST002060,2024-06-01 02:32:06,Automatic,,443642.27,232.8,26.39,0.809,51.732,,0,0,Good,2024-06-01 02:34:06,Invalid or missing units consumed
RD00039686,MTR000939,CUST000939,2022-11-20 22:28:37,Automatic,,148378.53,229.2,48.58,0.785,46.417,0.9716,0,0,Good,2022-11-20 22:47:37,Invalid or missing units consumed
RD00009502,MTR001490,CUST001490,2024-03-06 12:52:06,Estimated,,463456.81,215.8,21.47,0.992,6.529,0.3269,0,0,Suspect,2024-03-06 13:15:06,Invalid or missing units consumed
RD00012629,MTR003271,CUST003271,2024-04-23 13:26:45,Automatic,,109125.26,230.7,48.74,0.84,1.836,,0,0,Suspect,2024-04-23 13:49:45,Invalid or missing units consumed
RD00009100,MTR004603,CUST004603,2024-12-11 14:32:37,automatic,,211830.69,213.3,37.56,0.926,3.374,0.371,,0,Good,2024-12-11 15:02:37,Invalid or missing units consumed
RD00045245,MTR002031,CUST002031,2023-09-27 16:57:14,Automatic,,297982.05,231.7,13.02,0.974,5.946,0.132,0,1,Good,2023-09-27 17:12:14,Invalid or missing units consumed
RD00033751,MTR003847,CUST003847,2023-05-24 02:25:27,Manual,,315937.95,222.8,46.21,,1145.134,71.8692,0,0,Estimated,2023-05-24 02:37:27,Invalid or missing units consumed
RD00046110,MTR002809,CUST002809,,Automatic,,453327.2,216.8,14.79,0.826,2.586,0.0829,0,0,Good,2023-12-27 01:49:54,Invalid or missing units consumed
RD00036086,MTR001005,CUST001005,2024-09-18 01:35:02,Automatic,,59067.87,235.7,22.48,0.713,14.879,0.4715,0,0,Good,2024-09-18 01:49:02,Invalid or missing units consumed
RD00038489,MTR001536,CUST001536,,Manual,,69077.3,226.7,,0.869,2.672,0.0878,0,0,Good,2024-12-06 10:25:57,Invalid or missing units consumed
RD00001205,MTR002741,CUST002741,2023-06-12 11:25:55,automatic,,210136.95,209.4,11.93,0.918,,0.4564,0,0,Good,,Invalid or missing units consumed
RD00036849,MTR000038,CUST000038,2024-05-30 16:22:57,Automatic,,56000.78,211.0,44.02,0.767,7.672,0.806,0,0,Good,2024-05-30 16:42:57,Invalid or missing units consumed
RD00000647,MTR099010,CUST004784,2023-12-30 07:06:08,Automatic,,65006.43,216.9,41.57,0.751,,2.2161,0,0,Good,2023-12-30 07:29:08,Invalid or missing units consumed
RD00012693,MTR000215,CUST000215,2023-07-14 04:15:56,Automatic,,161944.65,226.6,3.51,0.966,39.331,2.4776,0,0,Good,2023-07-14 04:25:56,Invalid or missing units consumed
RD00010774,MTR004422,CUST004422,2024-01-23 15:29:01,Revised,,422705.01,230.1,41.18,0.899,499.676,58.2669,0,0,Good,2024-01-23 15:30:01,Invalid or missing units consumed
RD00000132,MTR000921,CUST000921,2024-09-24 04:33:42,Automatic,,157032.09,235.3,16.79,0.822,,0.3329,,0,Good,2024-09-24 04:35:42,Invalid or missing units consumed
RD00024266,MTR000313,CUST000313,2023-10-22 20:16:10,Automatic,,25249.86,218.1,10.68,0.781,5.704,0.4722,0,0,Good,2023-10-22 20:20:41,Invalid or missing units consumed
RD00006642,MTR001961,CUST001961,2024-06-29 00:01:27,Automatic,,250845.52,214.1,0.84,0.703,0.727,0.0324,0,0,Good,,Invalid or missing units consumed
RD00019820,MTR004050,CUST004050,2022-06-01 10:04:34,Estimated,,341827.29,229.1,34.54,0.818,818.805,49.1611,0,-,Good,2022-06-01 10:13:34,Invalid or missing units consumed
RD00027951,MTR001764,CUST001764,2023-04-03 11:44:35,Automatic,,472650.81,231.6,47.53,0.89,580.801,32.9523,0,0,Estimated,,Invalid or missing units consumed
RD00003448,MTR000244,CUST000244,2023-10-16 16:57:16,Automatic,,455617.15,,7.94,0.987,31.449,1.202,0,0,Estimated,2023-10-16 17:03:16,Invalid or missing units consumed
RD00048017,MTR001465,CUST001465,2023-02-11 23:04:55,Automatic,,111032.78,236.3,22.31,0.937,1.16,0.0669,0,0,Good,2023-02-11 23:23:55,Invalid or missing units consumed
RD00003618,MTR003175,CUST003175,2022-06-16 22:43:04,Automatic,,341172.63,230.1,,0.745,205.808,11.6272,0,0,Good,2022-06-16 23:12:04,Invalid or missing units consumed
RD00017661,MTR003772,CUST003772,2022-04-25 07:57:27,Automatic,,155009.42,246.5,40.99,0.971,299.941,10.2478,0,1,Good,2022-04-25 08:23:27,Invalid or missing units consumed
RD00001686,MTR004938,CUST004938,2022-04-14 17:45:38,Automatic,,64666.19,237.4,6.37,0.77,24.217,0.6816,0,0,Good,2022-04-14 17:51:38,Invalid or missing units consumed
RD00040233,MTR004484,CUST004484,2024-07-04 00:54:41,Automatic,,372661.24,236.5,49.01,0.907,1.662,0.1135,0,0,Good,2024-07-04 00:55:41,Invalid or missing units consumed
RD00008539,MTR004702,CUST004702,2024-09-29 01:04:28,Automatic,,494959.9,232.3,0.0,0.879,7.831,0.3416,0,0,Good,,Invalid or missing units consumed
RD00048492,MTR002439,CUST002439,2022-12-15 18:43:27,Automatic,,235398.0,248.1,23.61,0.872,11.307,0.5673,0,,Good,2022-12-15 18:45:27,Invalid or missing units consumed
RD00003780,MTR001405,CUST001405,,Automatic,,61152.47,237.8,7.26,0.755,128.706,8.7374,0,0,Good,2024-10-16 10:04:57,Invalid or missing units consumed
RD00043848,MTR001374,CUST001374,2023-02-11 05:42:56,Automatic,,294927.57,222.5,46.15,0.886,31.104,1.0435,0,0,Good,2023-02-11 05:57:56,Invalid or missing units consumed
RD00017549,MTR000520,CUST000520,2024-05-13 01:24:35,Automatic,,205357.51,UNKNOWN,28.35,0.898,14.362,0.7026,0,0,Good,2024-05-13 01:38:35,Invalid or missing units consumed
RD00034388,MTR003091,CUST003091,2024-05-11 19:48:39,Estimated,,23781.41,231.0,46.01,0.977,10.89,1.38,0,0,Good,2024-05-11 20:00:39,Invalid or missing units consumed
RD00045426,MTR001902,CUST001902,2022-11-04 20:10:41,AUTOMATIC,,110.86074,223.2,12.26,0.763,464.393,55.5461,0,0,Good,2022-11-04 20:25:41,Invalid or missing units consumed
RD00012808,MTR001617,CUST001617,2023-09-28 09:48:04,Revised,,377840.19,,48.71,0.722,32.735,0.0,0,0,Good,2023-09-28 10:18:04,Invalid or missing units consumed
RD00037654,MTR004787,CUST004787,2023-10-07 17:27:59,Automatic,,324012.15,222.7,,0.729,27.952,,0,0,Good,2023-10-07 17:56:59,Invalid or missing units consumed
RD00033546,MTR004324,CUST004324,2024-12-06 23:21:39,Automatic,,66291.22,224.1,46.56,0.738,1.99,0.1204,0,0,Good,2024-12-06 23:44:39,Invalid or missing units consumed
RD00033250,MTR000140,CUST000140,2023-07-14 05:27:39,Automatic,,,229.0,15.82,0.774,1.447,0.1129,0,0,Good,2023-07-14 05:40:39,Invalid or missing units consumed
RD00020695,MTR001499,CUST001499,2023-07-17 03:38:17,Automatic,,430256.72,237.5,24.92,0.828,1.913,0.1636,0,0,Good,2023-07-17 03:53:17,Invalid or missing units consumed
RD00014728,MTR000773,CUST000773,,Automatic,,353897.58,232.5,37.65,0.843,1.368,0.0,,0,Good,2024-08-28 12:14:45,Invalid or missing units consumed
RD00007565,MTR004166,CUST004166,2024-12-13 08:01:57,Automatic,,157504.39,0,27.96,0.928,17.045,0.8944,0,0,Good,2024-12-13 08:25:57,Invalid or missing units consumed
RD00032213,MTR001729,CUST001729,,Automatic,,445814.28,239.1,15.25,0.723,12.554,0.4751,0,1,Good,2022-12-19 09:18:23,Invalid or missing units consumed
RD00030740,MTR003420,CUST003420,2023-01-03 01:20:32,Estimated,,475438.03,234.0,15.91,,4.693,0.273,0,0,Good,2023-01-03 01:45:32,Invalid or missing units consumed
RD00024123,MTR002667,CUST002667,2022-03-31 01:47:31,Automatic,,26592.07,233.4,,0.754,0.477,0.0127,0,0,GOOD,2022-03-31 02:07:31,Invalid or missing units consumed
RD00042497,MTR000248,CUST000248,2022-01-14 20:39:19,Automatic,,486720.21,239.6,27.07,0.722,,2.1542,0,1,Good,2022-01-14 20:43:19,Invalid or missing units consumed
RD00008689,MTR004625,CUST004625,2023-03-16 20:35:41,Automatic,,88749.07,216.3,46.07,0.738,11.367,0.3256,0,0,Good,2023-03-16 20:56:41,Invalid or missing units consumed
RD00037984,MTR001833,CUST001833,2022-11-21 04:51:00,Automatic,,290741.91,226.6,37.26,0.842,614.799,37.2973,1,1,good,2022-11-21 04:59:00,Invalid or missing units consumed
RD00022308,MTR004450,0,2024-08-30 07:52:25,Manual,,219481.47,232.2,47.03,0.746,2.287,0.2449,0,0,Good,2024-08-30 07:59:25,Invalid or missing units consumed
RD00047410,MTR003222,CUST003222,2024-03-26 13:28:16,Automatic,,194961.88,241.4,39.23,,10.432,0.5841,0,0,Good,2024-03-26 13:57:16,Invalid or missing units consumed
RD00000461,MTR004996,CUST004996,2023-10-29 10:41:19,Automatic,,151771.58,226.1,43.88,0.996,5.957,0.1739,0,0,Good,2023-10-29 10:51:19,Invalid or missing units consumed
RD00029877,MTR000801,CUST000801,2024-02-18 23:12:41,Automatic,,284861.82,232.8,18.26,0.952,6.198,0.4243,0,0,GOOD,2024-02-18 23:28:41,Invalid or missing units consumed
RD00032493,MTR004340,CUST004340,,,,243383.76,230.0,40.72,0.75,13.474,1.569,0,0,Estimated,2023-11-25 23:49:10,Invalid or missing units consumed
RD00035218,MTR000489,CUST000489,2023-02-09 21:35:13,Manual,,316978.67,226.6,14.96,,4.401,,0,0,Good,2023-02-09 22:01:13,Invalid or missing units consumed
RD00032370,MTR001246,CUST001246,2024-03-19 10:44:45,Automatic,,,227.0,0.34,0.948,27.412,1.055,1,0,Good,,Invalid or missing units consumed
RD00011337,MTR001832,CUST001832,2024-12-08 13:54:40,Automatic,,63632.1,0,46.33,0.847,890.432,76.6817,0,0,Good,2024-12-08 14:24:40,Invalid or missing units consumed
RD00017162,MTR001652,CUST001652,2023-07-01 17:49:59,Automatic,,73604.88,213.1,7.01,0.859,1.693,0.1422,,0,Good,2023-07-01 18:17:59,Invalid or missing units consumed
RD00003573,MTR000464,CUST000464,,Manual,,112862.71,225.9,5.99,0.712,85.181,7.1553,0,0,Good,2023-05-04 09:33:35,Invalid or missing units consumed
RD00019544,MTR000085,CUST000085,,Automatic,,467677.12,236.2,1.55,0.899,3.139,0.1462,0,0,Good,2022-03-26 05:26:16,Invalid or missing units consumed
RD00006236,MTR001864,CUST001864,2023-04-28 18:38:39,Manual,,,233.1,0.63,,1.04,,0,0,Good,2023-04-28 18:55:39,Invalid or missing units consumed
RD00032351,MTR000605,CUST000605,2023-09-10 04:14:38,Automatic,,82677.19,228.8,29.49,0.805,688.878,27.418,0,0,Estimated,2023-09-10 04:38:38,Invalid or missing units consumed
RD00027003,MTR003216,CUST003216,,Automatic,,48997.93,224.3,0.0,0.988,1.935,0.0878,0,0,Good,2023-07-30 06:07:04,Invalid or missing units consumed
RD00021439,MTR001158,CUST001158,,Automatic,,84505.95,226.2,30.92,0.719,64.644,2.1929,0,,Suspect,2023-04-17 22:22:56,Invalid or missing units consumed
RD00012207,MTR002627,CUST002627,2024-10-24 06:23:15,Automatic,,322163.53,229.1,24.14,0.724,4.31,0.1881,0,0,Good,2024-10-24 06:40:15,Invalid or missing units consumed
RD00019454,MTR001840,CUST001840,,Revised,,,216.1,27.24,0.83,0.0,1.3797,0,0,Good,2023-06-01 13:38:39,Invalid or missing units consumed
RD00007036,MTR003019,CUST003019,2024-10-21 05:53:47,Automatic,,209331.28,236.2,9.28,0.872,,23.0819,UNKNOWN,0,Good,2024-10-21 06:03:47,Invalid or missing units consumed
RD00007156,MTR002792,CUST002792,2023-02-12 12:22:07,,,352569.19,250.3,24.9,0.926,7.158,0.5841,0,0,Good,2023-02-12 12:40:07,Invalid or missing units consumed
RD00023306,MTR000679,CUST000679,2022-10-29 09:04:29,Automatic,,161479.37,218.2,,0.891,,0.1204,0,0,Good,,Invalid or missing units consumed
RD00026624,MTR001200,CUST001200,2024-07-01 22:54:43,Estimated,,316450.45,241.2,48.94,0.943,143.025,8.3284,0,0,Good,,Invalid or missing units consumed
RD00045270,MTR000649,CUST000649,2024-09-29 13:55:05,Automatic,,,210.6,26.14,0.71,11.717,0.4189,0,0,Suspect,2024-09-29 14:04:05,Invalid or missing units consumed
RD00045485,MTR001434,CUST001434,2024-02-17 08:18:07,Automatic,,414544.46,239.5,41.63,0.762,15.25,0.7353,0,0,Good,2024-02-17 08:43:07,Invalid or missing units consumed
RD00038838,MTR001728,CUST001728,2023-10-08 17:58:15,Automatic,,259632.33,224.9,45.48,0.986,36.97,1.6252,0,0,Good,2023-10-08 18:18:15,Invalid or missing units consumed
RD00034901,MTR000718,CUST000718,2022-08-11 03:39:16,Manual,,24632.22,224.4,1.68,0.777,27.811,1.5942,0,0,Good,2022-08-11 03:55:16,Invalid or missing units consumed
RD00026136,MTR000597,CUST000597,2023-11-04 03:06:17,Estimated,,291333.96,245.0,5.99,0.947,3.253,0.1166,0,0,Good,2023-11-04 03:22:17,Invalid or missing units consumed
RD00003391,MTR003205,,,Automatic,,437404.18,233.4,31.01,0.71,6.494,0.4331,0,0,Good,2024-08-16 04:42:22,Invalid or missing units consumed
RD00003528,MTR000321,CUST000321,2022-09-21 02:42:57,Manual,,452206.26,231.2,2.5,0.803,0.56,0.0182,0,0,Good,2022-09-21 03:10:57,Invalid or missing units consumed
RD00009309,MTR000498,CUST000498,2023-11-24 05:21:29,Automatic,,344631.9,230.5,38.95,0.802,3.203,0.2513,0,0,Suspect,2023-11-24 05:22:29,Invalid or missing units consumed
RD00023779,MTR000134,CUST000134,2023-07-16 22:56:28,Manual,,93295.43,237.5,41.58,0.782,,0.222,0,0,Suspect,2023-07-16 22:58:28,Invalid or missing units consumed
RD00044365,MTR001460,,2023-04-30 15:34:11,Automatic,,142326.33,,8.85,0.719,3.607,0.2199,0,0,Good,2023-04-30 15:57:11,Invalid or missing units consumed
RD00045369,MTR002789,CUST002789,2023-09-09 12:48:20,Automatic,,147769.47,224.7,43.61,0.918,1.062,0.0528,0,0,Good,2023-09-09 13:09:20,Invalid or missing units consumed
RD00048397,MTR000246,CUST000246,2024-01-16 16:29:52,Automatic,,74486.34,214.8,13.7,0.799,9.916,0.8039,0,UNKNOWN,Estimated,2024-01-16 16:51:52,Invalid or missing units consumed
RD00037785,MTR001766,CUST001766,2023-03-08 17:58:13,Automatic,,72331.88,216.4,37.68,,5.295,0.4245,0,0,Good,2023-03-08 18:08:13,Invalid or missing units consumed
RD00036785,MTR004958,CUST004958,2024-10-15 21:23:42,Automatic,,189651.59,242.1,47.17,0.859,3.136,0.1031,0,0,Good,,Invalid or missing units consumed
RD00010363,MTR001757,CUST001757,2022-06-22 22:20:43,0,,164708.78,226.1,40.34,0.898,18.077,0.5661,0,0,Good,2022-06-22 22:23:43,Invalid or missing units consumed
RD00013683,MTR002165,CUST002165,,Automatic,,380383.76,244.6,2.12,0.779,2.11,0.1358,0,1,Good,2023-10-18 23:33:23,Invalid or missing units consumed
RD00039747,MTR003416,CUST003416,,Automatic,,475486.12,219.3,32.82,0.918,1.219,0.0388,0,0,Estimated,2023-11-05 04:57:40,Invalid or missing units consumed
RD00023780,MTR002128,CUST002128,2022-05-07 01:20:20,Automatic,,250171.73,239.9,25.45,0.872,17.933,0.7345,0,,Good,2022-05-07 01:21:20,Invalid or missing units consumed
RD00024699,MTR000821,CUST000821,2023-02-20 20:12:24,Automatic,,17321.11,231.0,48.01,0.868,10.416,0.7977,1,0,Good,2023-02-20 20:34:24,Invalid or missing units consumed
RD00002885,MTR003749,CUST003749,2024-05-03 05:49:03,Automatic,,352555.43,229.3,14.0,0.955,8.173,0.4966,0,0,Good,2024-05-03 06:11:03,Invalid or missing units consumed
RD00032894,MTR003559,CUST003559,2024-10-03 03:40:33,Automatic,,28553.8,229.4,9.73,0.776,4.61,0.1926,0,0,Estimated,2024-10-03 04:07:33,Invalid or missing units consumed
RD00018843,MTR002456,CUST002456,2023-07-08 23:00:18,Automatic,,257.40906,223.6,11.55,0.71,4.941,0.3333,0,0,Good,2023-07-08 23:14:18,Invalid or missing units consumed
RD00020774,MTR002134,CUST002134,2022-07-23 23:37:54,Automatic,,250622.88,225.3,25.37,0.787,254.653,28.1391,1,0,,2022-07-23 23:41:54,Invalid or missing units consumed
RD00034649,MTR002495,CUST002495,2023-05-03 16:51:21,Automatic,,398308.61,234.3,30.71,0.947,2.874,0.1048,0,0,Good,2023-05-03 17:05:21,Invalid or missing units consumed
RD00019468,MTR001551,CUST001551,2024-08-06 00:29:24,Manual,,89112.84,243.7,0.66,0.999,622.283,,0,0,Good,2024-08-06 00:52:24,Invalid or missing units consumed
RD00039586,MTR003848,CUST003848,2022-06-19 19:37:14,Manual,,304718.53,227.9,14.46,0.704,3.153,,0,0,Good,2022-06-19 19:38:14,Invalid or missing units consumed
RD00039030,MTR003774,CUST003774,2022-10-28 21:07:04,Manual,,279725.46,238.2,31.0,0.975,172.131,8.0772,0,0,Good,2022-10-28 21:15:04,Invalid or missing units consumed
RD00018422,MTR001956,CUST001956,2024-12-05 16:24:49,UNKNOWN,,160238.25,243.9,38.5,0.981,132.855,2.7951,0,0,Good,2024-12-05 16:29:49,Invalid or missing units consumed
RD00030123,MTR000137,CUST000137,2023-03-12 22:52:52,Automatic,,172156.26,240.7,12.55,0.995,5.361,0.2772,0,0,,2023-03-12 23:19:52,Invalid or missing units consumed
RD00000024,MTR000080,CUST000080,,Manual,,52312.14,227.9,44.2,0.827,2.482,0.2184,0,0,Good,2024-12-13 23:23:39,Invalid or missing units consumed
RD00008055,MTR003937,CUST003937,2024-08-31 01:00:56,Automatic,,321139.07,221.8,23.17,0.932,0.795,0.0201,0,0,Good,2024-08-31 01:13:56,Invalid or missing units consumed
RD00043694,MTR004500,CUST004500,2023-04-14 17:58:24,Revised,,,226.7,44.49,0.988,7.951,0.2719,UNKNOWN,0,Good,,Invalid or missing units consumed
RD00005173,MTR099678,CUST000689,2022-12-01 17:41:04,,,,226.4,24.51,0.72,592.987,33.6085,0,0,Good,2022-12-01 18:10:04,Invalid or missing units consumed
RD00016558,MTR003757,CUST003757,2023-09-20 03:51:36,manual,,114349.21,229.9,6.49,0.925,1.789,0.0601,0,0,Good,2023-09-20 04:14:36,Invalid or missing units consumed
RD00005873,MTR001949,CUST001949,2024-10-02 12:26:44,Automatic,,272724.44,234.4,13.2,0.931,3.366,0.0,0,0,Good,2024-10-02 12:29:44,Invalid or missing units consumed
RD00023239,MTR003188,CUST003188,2023-01-01 21:35:37,Automatic,,50611.13,,17.79,0.996,9.479,0.4583,0,0,Good,2023-01-01 21:40:37,Invalid or missing units consumed
RD00018050,MTR004283,CUST004283,2023-08-22 00:36:10,Automatic,,435750.1,246.3,41.25,0.738,9.303,0.4566,0,0,Good,2023-08-22 01:06:10,Invalid or missing units consumed
RD00016922,MTR001213,CUST001213,2023-05-22 23:59:51,Automatic,,150984.49,217.4,20.41,0.91,2.881,0.2475,0,0,Invalid,2023-05-23 00:23:51,Invalid or missing units consumed
RD00033442,MTR003282,CUST003282,2022-09-06 05:55:27,Automatic,,221197.63,229.1,43.53,0.969,24.331,1.9912,0,0,Suspect,,Invalid or missing units consumed
RD00017479,MTR001263,CUST001263,2024-10-14 08:13:08,Estimated,,194460.6,239.4,31.09,0.966,8.553,0.5418,0,0,Suspect,2024-10-14 08:27:08,Invalid or missing units consumed
RD00018561,MTR000216,CUST000216,2022-02-26 07:24:07,Automatic,,306387.46,243.7,48.05,0.982,,0.9166,0,0,Good,2022-02-26 07:53:07,Invalid or missing units consumed
RD00041165,MTR002424,CUST002424,,Automatic,,267276.13,215.2,10.71,0.825,109.377,13.198,UNKNOWN,0,,,Invalid or missing units consumed
RD00010927,MTR001678,CUST001678,2023-12-16 16:38:16,Automatic,,16258.81,220.9,25.27,0.829,114.042,10.946,0,0,Good,2023-12-16 16:55:16,Invalid or missing units consumed
RD00023340,MTR002439,-,2024-10-19 14:16:03,Manual,,104034.1,247.4,45.88,0.876,0.0,0.06,0,0,Estimated,2024-10-19 14:24:03,Invalid or missing units consumed
RD00006767,,CUST002430,2022-09-04 04:22:17,Automatic,,266072.68,231.2,17.34,0.746,,2.0898,0,0,Good,2022-09-04 04:51:17,Invalid or missing units consumed
RD00012052,MTR002214,CUST002214,2022-10-10 04:18:59,Estimated,,159146.93,215.0,24.76,0.733,40.403,2.0279,0,0,Good,,Invalid or missing units consumed
RD00026135,MTR003696,CUST003696,2022-02-19 23:24:51,Automatic,,85147.49,243.4,3.42,0.798,29.168,1.8175,0,0,Good,2022-02-19 23:51:51,Invalid or missing units consumed
RD00042697,MTR099097,CUST003247,2023-01-20 09:06:05,Automatic,,,229.7,9.75,0.816,12.583,0.4692,0,0,Good,2023-01-20 09:13:05,Invalid or missing units consumed
RD00002856,MTR003861,CUST003861,2023-12-08 11:31:11,,,268083.69,223.3,24.36,0.712,3.3,0.2373,0,0,Good,2023-12-08 11:36:11,Invalid or missing units consumed
RD00008416,MTR002713,CUST002713,2024-05-13 20:34:36,,,,226.9,25.72,0.747,131.58,12.3824,0,0,Good,2024-05-13 20:42:36,Invalid or missing units consumed
RD00001177,MTR003866,CUST003866,,Automatic,,349495.96,242.3,3.56,,861.762,33.7308,0,0,Suspect,,Invalid or missing units consumed
RD00033602,MTR000667,CUST000667,,Automatic,,229734.96,221.0,42.11,0.946,32.83,1.744,0,,Good,2023-03-16 01:18:20,Invalid or missing units consumed
RD00005203,MTR000120,CUST000120,2024-12-01 19:38:21,Automatic,,193508.44,239.7,1.87,0.772,47.311,,0,0,Good,2024-12-01 19:59:21,Invalid or missing units consumed
RD00029629,MTR000592,CUST000592,,Automatic,,292018.76,236.0,39.06,0.759,15.615,0.8821,0,0,Estimated,2023-05-11 22:10:31,Invalid or missing units consumed
RD00037974,MTR000491,,2023-05-30 15:12:37,Automatic,,59503.59,226.7,29.37,0.727,6.527,0.3444,0,0,Good,,Invalid or missing units consumed
RD00024530,MTR002155,CUST002155,2022-09-09 15:10:17,Automatic,,415242.77,239.2,36.43,0.0,1.165,0.0469,0,0,Suspect,2022-09-09 15:23:51,Invalid or missing units consumed
RD00015057,MTR002043,CUST002043,2023-06-06 11:12:51,Automatic,,,211.6,11.04,0.765,8.607,0.3209,0,0,Good,2023-06-06 11:28:51,Invalid or missing units consumed
RD00007966,MTR002019,CUST002019,2023-12-11 00:03:40,Manual,,172639.74,239.0,42.51,0.0,2.231,0.1226,0,0,Good,2023-12-11 00:24:40,Invalid or missing units consumed
RD00037479,MTR000825,CUST000825,2022-11-08 14:42:15,,,66262.95,228.8,16.33,0.782,8.79,0.2303,0,0,Good,2022-11-08 15:10:15,Invalid or missing units consumed
RD00029476,MTR004925,CUST004925,2022-09-04 17:34:51,Automatic,,252820.9,225.2,18.47,0.916,13.264,0.8141,0,0,Good,2022-09-04 18:02:51,Invalid or missing units consumed
RD00041550,MTR004440,CUST004440,2022-05-13 02:04:24,Automatic,,423666.98,222.1,26.04,0.861,227.629,14.5656,0,0,Good,2022-05-13 02:30:24,Invalid or missing units consumed
RD00007585,MTR003866,CUST003866,,Automatic,,88992.11,238.9,16.15,0.935,242.707,9.3774,0,0,Invalid,2023-07-16 09:09:30,Invalid or missing units consumed
RD00001837,MTR000061,CUST000061,2022-12-24 04:33:33,Automatic,,498039.12,252.0,24.91,0.874,3.186,0.3043,0,0,,2022-12-24 04:53:33,Invalid or missing units consumed
RD00013268,MTR002042,CUST002042,2024-06-16 18:19:11,Automatic,,180592.54,250.9,16.82,0.998,8.002,0.25,0,0,Good,2024-06-16 18:47:11,Invalid or missing units consumed
RD00017682,MTR000922,CUST000922,2023-06-19 23:01:29,Automatic,,39565.65,245.0,48.66,0.712,45.815,2.7297,0,0,Good,2023-06-19 23:24:29,Invalid or missing units consumed
RD00044833,MTR099155,CUST003526,2023-06-08 13:18:59,Automatic,,221.43877,219.3,20.01,0.976,1.681,0.0752,0,0,Good,2023-06-08 13:19:59,Invalid or missing units consumed
RD00021339,MTR002629,CUST002629,2023-08-05 05:32:39,Automatic,,160035.49,208.4,37.7,0.704,8.355,0.1574,0,0,Good,2023-08-05 05:34:39,Invalid or missing units consumed
RD00036869,MTR002321,CUST002321,,Automatic,,333698.74,227.4,24.75,0.971,0.483,0.0155,1,0,Good,2023-12-25 02:20:36,Invalid or missing units consumed
RD00036840,MTR000197,CUST000197,2022-04-16 22:54:48,Automatic,,78200.4,225.4,21.82,0.707,5.984,0.2445,0,0,Good,2022-04-16 23:23:48,Invalid or missing units consumed
RD00021658,MTR000428,CUST000428,2023-03-29 09:29:44,Manual,,247452.99,223.8,,0.757,413.57,40.7294,0,0,Good,2023-03-29 09:48:44,Invalid or missing units consumed
RD00006054,MTR001035,CUST001035,2023-06-21 15:46:33,Automatic,,355954.75,232.3,46.89,0.917,,0.7781,0,0,Good,2023-06-21 15:48:33,Invalid or missing units consumed
RD00006338,MTR003392,CUST003392,2024-10-28 04:28:40,automatic,,298256.19,241.2,9.62,0.873,742.724,37.4042,0,0,Good,2024-10-28 04:57:40,Invalid or missing units consumed
RD00039901,MTR003294,CUST003294,2023-12-05 17:29:19,Manual,,146322.1,244.2,25.32,0.973,9.518,0.7198,0,0,Estimated,2023-12-05 17:51:19,Invalid or missing units consumed
RD00046795,MTR004048,CUST004048,2023-01-11 02:51:58,Automatic,,129291.56,210.3,0.0,0.928,14.223,0.3977,0,0,Estimated,2023-01-11 03:15:58,Invalid or missing units consumed
RD00048783,MTR001631,CUST001631,,Estimated,,282337.27,236.1,24.39,0.904,15.057,1.2249,0,0,Good,2022-08-27 17:30:31,Invalid or missing units consumed
RD00043176,MTR003728,CUST003728,2023-02-14 00:19:47,Automatic,,450226.97,222.2,26.2,,34.923,1.8603,0,0,Good,,Invalid or missing units consumed
RD00041071,MTR000797,CUST000797,2022-04-03 15:30:13,Revised,,371799.19,222.5,40.8,0.966,22.009,0.7663,0,0,Estimated,2022-04-03 15:34:13,Invalid or missing units consumed
RD00015351,MTR004438,CUST004438,,Manual,,462612.8,225.0,7.81,0.898,36.254,1.6789,0,,,2022-05-01 07:41:55,Invalid or missing units consumed
RD00006721,MTR004165,CUST004165,2024-02-16 02:53:53,Automatic,,309511.31,227.8,22.0,0.8,4.755,0.3126,0,0,Good,2024-02-16 03:05:53,Invalid or missing units consumed
RD00036626,MTR002792,CUST002792,2022-01-18 23:47:55,Manual,,264003.01,227.7,32.36,0.982,1.254,0.0764,0,0,Invalid,2022-01-19 00:08:55,Invalid or missing units consumed
RD00036213,MTR003611,CUST003611,2024-07-10 15:42:18,Automatic,,441152.79,239.5,38.3,0.901,5.13,0.3314,0,0,Good,2024-07-10 16:05:52,Invalid or missing units consumed
RD00013010,MTR003002,CUST003002,2023-05-09 08:44:33,Manual,,283524.23,234.2,36.73,,852.802,37.9147,0,0,Good,2023-05-09 08:55:33,Invalid or missing units consumed
RD00006049,MTR004819,CUST004819,2024-07-22 04:53:17,Automatic,,79209.7,246.3,3.19,,3.819,0.2956,0,0,good,,Invalid or missing units consumed
RD00030936,MTR001913,CUST001913,2024-08-14 15:20:11,Automatic,,,246.8,7.87,0.739,8.091,0.2916,0,0,Good,2024-08-14 15:30:11,Invalid or missing units consumed
RD00002980,MTR000369,CUST000369,2024-04-20 22:41:34,Automatic,,363318.01,202.6,43.46,0.855,251.772,14.9888,0,0,,2024-04-20 23:08:34,Invalid or missing units consumed
RD00011519,MTR003598,CUST003598,2024-08-07 10:04:11,Revised,,287995.39,209.3,12.25,0.768,2.283,0.0857,0,1,good,2024-08-07 10:15:11,Invalid or missing units consumed
RD00024626,MTR003126,CUST003126,2022-12-03 10:06:54,Automatic,,54849.58,231.4,27.92,0.794,34.034,3.5332,0,0,Good,2022-12-03 10:28:54,Invalid or missing units consumed
RD00006871,MTR002820,CUST002820,2022-09-11 09:20:02,Manual,,246534.82,,17.89,0.833,29.071,2.3101,0,0,Good,2022-09-11 09:30:02,Invalid or missing units consumed
RD00043625,MTR003770,CUST003770,2023-01-30 21:46:09,Automatic,,414828.01,228.8,0.71,0.728,4.066,0.0872,0,,Good,2023-01-30 21:51:09,Invalid or missing units consumed
RD00018204,MTR001397,CUST001397,2022-02-18 22:56:07,Revised,,382950.63,235.3,10.73,0.806,10.612,0.5543,0,0,Good,,Invalid or missing units consumed
RD00034961,MTR000009,CUST000009,2023-10-22 15:56:27,Automatic,,,238.5,26.32,,7.718,0.2327,0,0,Invalid,2023-10-22 16:16:27,Invalid or missing units consumed
RD00018816,MTR000117,CUST000117,2023-07-02 04:49:13,Automatic,,483584.58,222.1,17.12,0.817,315.046,20.7393,0,0,,2023-07-02 05:08:13,Invalid or missing units consumed
RD00044080,MTR003857,CUST003857,2022-02-28 14:54:57,Automatic,,139695.02,227.9,31.72,0.876,4.655,0.1466,0,0,Invalid,2022-02-28 15:06:57,Invalid or missing units consumed
RD00007193,MTR001587,CUST001587,2024-04-08 22:30:57,-,,323569.91,247.3,2.71,0.726,30.197,2.2774,0,0,Estimated,2024-04-08 22:52:57,Invalid or missing units consumed
RD00037939,MTR003082,CUST003082,2024-01-23 19:25:29,Automatic,,199685.8,245.7,30.55,,27.364,2.4257,0,0,Good,2024-01-23 19:50:29,Invalid or missing units consumed
RD00049926,MTR099907,CUST002930,2024-11-04 01:10:11,Manual,,304013.71,224.1,19.36,0.798,4.225,0.2252,0,0,Good,,Invalid or missing units consumed
RD00049982,MTR001653,CUST001653,2024-02-01 09:42:19,Automatic,,178282.41,233.3,43.14,0.903,6.783,0.6034,0,0,Good,2024-02-01 09:56:19,Invalid or missing units consumed
RD00025740,MTR000760,CUST000760,2022-11-11 01:31:14,,,414692.37,UNKNOWN,39.75,0.71,0.534,0.0548,0,0,Good,2022-11-11 01:43:14,Invalid or missing units consumed
RD00038487,MTR000111,CUST000111,2023-01-12 12:24:15,Automatic,,257975.36,223.7,,0.947,0.794,0.035,0,0,Estimated,2023-01-12 12:26:15,Invalid or missing units consumed
RD00015207,MTR004598,CUST004598,2022-08-26 04:55:43,Estimated,,268241.73,227.0,0.45,0.734,58.438,5.6096,0,1,,2022-08-26 05:16:43,Invalid or missing units consumed
RD00023717,MTR000998,CUST000998,2022-01-31 05:33:27,Automatic,,414521.85,234.6,7.03,0.764,3.705,0.3087,0,0,-,2022-01-31 05:59:27,Invalid or missing units consumed
RD00027525,MTR004087,CUST004087,2024-12-08 06:57:52,Revised,,234553.11,247.4,27.24,,7.11,0.1695,0,,Good,2024-12-08 07:09:52,Invalid or missing units consumed
RD00035269,MTR001824,CUST001824,2022-02-19 10:18:20,Automatic,,370710.21,227.9,,,,1.3582,0,0,Good,2022-02-19 10:38:20,Invalid or missing units consumed
RD00007640,MTR004478,CUST004478,2022-11-11 04:43:56,Manual,,140996.3,244.0,7.09,0.846,811.484,19.2089,0,0,Good,2022-11-11 04:59:56,Invalid or missing units consumed
RD00004784,MTR003489,CUST003489,2022-08-14 08:15:50,Automatic,,237180.35,232.4,35.26,0.951,11.709,0.6101,0,0,Good,2022-08-14 08:39:50,Invalid or missing units consumed
RD00017318,MTR001962,CUST001962,2022-05-14 07:40:29,Automatic,,13721.71,215.5,29.1,0.78,,0.8456,0,0,Good,2022-05-14 07:56:29,Invalid or missing units consumed
RD00001527,MTR004107,UNKNOWN,2023-06-07 11:10:42,Manual,,,241.3,24.97,0.948,31.465,,0,0,Estimated,2023-06-07 11:16:42,Invalid or missing units consumed
RD00030761,MTR001094,CUST001094,2024-09-21 11:00:07,Manual,,20587.22,211.3,0.0,0.753,7.395,0.5774,0,0,0,,Invalid or missing units consumed
RD00025941,MTR000329,CUST000329,2023-05-11 03:03:34,Automatic,,191734.0,217.8,16.92,0.848,0.0,0.5542,,0,,2023-05-11 03:23:34,Invalid or missing units consumed
RD00030456,MTR001050,CUST001050,2024-04-21 05:33:34,UNKNOWN,,85884.96,229.4,32.98,0.746,12.011,,1,1,Good,2024-04-21 05:42:34,Invalid or missing units consumed
RD00025690,MTR004725,CUST004725,2024-06-03 08:24:55,Automatic,,404684.48,236.5,10.51,0.776,2.665,,0,0,,2024-06-03 08:44:55,Invalid or missing units consumed
RD00020968,MTR000769,CUST000769,2023-04-25 02:25:00,automatic,,299435.93,229.7,41.23,0.878,5.246,,,0,Good,2023-04-25 02:37:00,Invalid or missing units consumed
RD00021063,MTR002459,CUST002459,,,,46428.24,231.8,43.93,0.908,13.421,0.4125,0,0,Good,2022-09-18 04:22:35,Invalid or missing units consumed
RD00033556,MTR000694,CUST000694,2022-09-24 22:19:42,Automatic,,453452.42,,3.0,0.911,764.447,23.8061,0,0,Good,2022-09-24 22:27:42,Invalid or missing units consumed
RD00044071,MTR003834,CUST003834,2022-08-03 16:02:00,Revised,,148285.16,,47.89,0.786,2.376,0.0894,0,0,Good,2022-08-03 16:27:00,Invalid or missing units consumed
RD00001393,MTR001162,CUST001162,,Automatic,,365588.04,229.6,2.04,0.774,31.703,1.0716,0,0,Good,2023-11-18 09:12:02,Invalid or missing units consumed
RD00022941,MTR000734,CUST000734,2022-07-09 09:22:06,Automatic,,109100.31,225.3,38.66,0.937,0.0,0.5294,0,0,,2022-07-09 09:29:06,Invalid or missing units consumed
RD00010653,MTR003348,CUST003348,2022-07-15 07:23:28,Manual,,184369.69,232.6,40.57,0.89,8.754,0.5625,0,0,,2022-07-15 07:40:28,Invalid or missing units consumed
RD00035315,MTR002274,CUST002274,2024-11-27 11:46:55,Automatic,,337660.97,218.1,,,2.879,0.1389,0,0,-,2024-11-27 11:56:55,Invalid or missing units consumed
RD00039982,MTR002192,CUST002192,2023-02-21 18:32:12,Automatic,,197841.61,214.6,17.68,0.951,62.88,2.1206,0,0,Estimated,2023-02-21 18:35:12,Invalid or missing units consumed
RD00021400,MTR001692,CUST001692,2024-03-01 06:56:16,Automatic,,35350.32,228.1,40.77,0.723,3.537,0.1697,0,0,Good,2024-03-01 07:03:16,Invalid or missing units consumed
RD00012121,MTR001126,CUST001126,,,,254542.25,234.8,27.97,,2.736,,0,0,,2023-10-29 04:24:58,Invalid or missing units consumed
RD00030806,MTR001069,CUST001069,2023-08-01 00:44:27,Automatic,,,216.7,22.47,0.792,11.268,0.4562,0,0,Good,2023-08-01 00:47:14,Invalid or missing units consumed
RD00043573,UNKNOWN,CUST002544,2024-08-05 01:57:02,Automatic,,281094.04,226.9,10.18,0.751,1268.872,73.3031,0,0,Good,2024-08-05 02:16:02,Invalid or missing units consumed
RD00027197,MTR004920,CUST004920,2024-07-15 06:16:34,Automatic,,285300.98,234.0,4.12,0.948,71.488,2.7191,0,0,good,2024-07-15 06:27:34,Invalid or missing units consumed
RD00006091,MTR002189,-,2023-11-21 14:39:42,Automatic,,372007.59,222.2,49.0,,624.756,21.9976,0,0,Good,2023-11-21 15:00:42,Invalid or missing units consumed
RD00036512,,CUST000913,2023-05-06 15:49:29,Revised,,435373.74,231.8,,0.758,14.417,0.3998,0,0,Good,2023-05-06 16:06:29,Invalid or missing units consumed
RD00038715,MTR003569,CUST003569,,Automatic,,196158.59,216.8,13.58,0.906,3.212,0.2692,0,0,Good,2022-02-13 02:48:56,Invalid or missing units consumed
RD00049573,MTR002547,CUST002547,2022-08-21 08:34:09,Automatic,,38520.02,247.6,4.84,0.767,6.605,0.5749,0,0,Suspect,2022-08-21 09:01:49,Invalid or missing units consumed
RD00045689,MTR003748,CUST003748,2023-01-10 11:47:45,Automatic,,81263.12,0,21.1,0.817,11.891,0.7914,0,0,Good,2023-01-10 12:17:45,Invalid or missing units consumed
RD00042677,MTR000342,CUST000342,2022-11-26 12:00:05,Automatic,,185093.22,226.4,14.75,0.827,99.289,4.0622,0,0,Good,2022-11-26 12:22:05,Invalid or missing units consumed
RD00024456,MTR000479,CUST000479,2022-01-01 13:06:01,Automatic,,,222.2,,0.872,17.657,0.6643,0,0,Good,2022-01-01 13:15:01,Invalid or missing units consumed
RD00006608,MTR003013,CUST003013,2024-09-30 12:37:40,Automatic,,121733.53,226.6,29.97,0.814,23.949,1.7023,1,0,Suspect,2024-09-30 12:44:40,Invalid or missing units consumed
RD00005133,MTR004923,CUST004923,2023-04-02 11:34:33,AUTOMATIC,,262154.49,241.9,28.3,0.982,,0.7051,0,0,Good,2023-04-02 11:50:33,Invalid or missing units consumed
RD00004490,MTR004191,CUST004191,2024-11-19 03:30:01,Automatic,,234771.12,231.8,38.95,0.711,1.406,0.0701,0,0,Good,2024-11-19 03:45:01,Invalid or missing units consumed
RD00043248,MTR002925,CUST002925,2023-05-22 00:07:38,Automatic,,92999.89,223.4,16.53,0.759,4.137,0.2314,0,0,Estimated,2023-05-22 00:22:38,Invalid or missing units consumed
RD00023221,MTR001035,CUST001035,2024-05-19 19:28:43,Manual,,113803.28,241.2,13.24,0.813,3.846,0.2872,0,0,Good,2024-05-19 19:44:43,Invalid or missing units consumed
RD00006552,MTR004425,CUST004425,2024-11-29 22:52:25,Automatic,,18189.61,246.4,46.95,0.736,9.266,,0,,Good,2024-11-29 23:06:25,Invalid or missing units consumed
RD00020571,MTR002889,CUST002889,2022-10-16 01:47:37,Automatic,,,228.4,27.9,0.92,4.293,0.1661,0,,Good,,Invalid or missing units consumed
RD00011747,MTR002535,CUST002535,2023-12-01 14:03:24,Automatic,,397540.11,231.8,34.2,0.801,6.665,0.2985,0,0,Good,2023-12-01 14:19:24,Invalid or missing units consumed
RD00034696,MTR000076,CUST000076,2023-09-10 23:12:34,Automatic,,171332.45,235.8,1.14,,7.344,0.2254,0,0,Good,2023-09-10 23:31:34,Invalid or missing units consumed
RD00042280,MTR002277,CUST002277,2023-11-08 16:18:31,AUTOMATIC,,246886.54,240.3,22.32,0.925,19.26,1.5013,0,0,Good,2023-11-08 16:44:31,Invalid or missing units consumed
RD00033202,MTR004200,CUST004200,2024-02-04 18:01:28,Manual,,102526.34,222.0,21.7,0.893,9.206,0.2,0,0,Estimated,2024-02-04 18:31:28,Invalid or missing units consumed
RD00044298,MTR002995,-,2022-07-04 02:55:09,Automatic,,44064.73,215.2,1.89,0.853,43.798,1.2427,0,0,Good,2022-07-04 03:10:09,Invalid or missing units consumed
RD00001148,MTR003315,CUST003315,2024-08-21 13:52:59,Automatic,,107579.36,230.5,9.68,,,0.1276,0,0,Good,2024-08-21 14:08:59,Invalid or missing units consumed
RD00037133,MTR099970,CUST000331,2023-05-02 04:05:10,Automatic,,118946.26,229.9,0.13,0.878,,0.8615,0,0,Good,2023-05-02 04:19:10,Invalid or missing units consumed
RD00029559,MTR001861,CUST001861,2023-03-02 12:09:59,Automatic,,485514.22,246.2,24.25,0.703,455.504,42.323,0,0,good,2023-03-02 12:37:59,Invalid or missing units consumed
RD00039030,MTR003774,CUST003774,2022-10-28 21:07:05,Manual,,279725.46,238.2,31.0,0.975,172.131,8.0772,0,0,Good,2022-10-28 21:15:14,Invalid or missing units consumed
RD00027455,MTR004812,CUST004812,2022-10-26 17:16:26,Automatic,,155383.4,227.0,1.42,0.899,10.728,0.3528,0,1,,2022-10-26 17:28:26,Invalid or missing units consumed
RD00030806,MTR001069,CUST001069,2023-08-01 00:43:33,Automatic,,,216.7,22.47,0.792,11.268,0.4562,0,0,Good,2023-08-01 00:46:33,Invalid or missing units consumed
RD00024139,MTR003817,CUST003817,,,,80934.38,233.9,21.32,0.846,5.061,0.2157,0,0,Good,2024-07-28 17:37:44,Invalid or missing units consumed
RD00004345,MTR000732,CUST000732,2024-02-03 22:49:15,Automatic,,302606.18,-,4.12,,,3.1229,0,0,Good,,Invalid or missing units consumed
RD00033047,MTR000461,CUST000461,2024-03-21 13:50:12,Automatic,,102922.04,225.8,35.75,0.977,92.754,3.0114,0,0,Good,2024-03-21 14:01:12,Invalid or missing units consumed
RD00015763,MTR000125,CUST000125,,Revised,,115605.7,236.0,37.07,0.98,1.328,0.0682,0,0,Good,2022-09-03 19:46:32,Invalid or missing units consumed
RD00038395,MTR003221,CUST003221,2022-06-26 04:11:50,Manual,,253359.05,226.3,,0.909,4.247,0.1166,0,0,0,2022-06-26 04:13:50,Invalid or missing units consumed
RD00017464,MTR000928,CUST000928,,Automatic,,119931.42,221.5,46.75,0.732,6.413,0.3612,0,0,Good,2022-12-14 14:40:58,Invalid or missing units consumed
RD00000246,MTR001161,CUST001161,,Automatic,,17254.85,201.4,23.3,0.939,4.715,0.4129,0,0,Good,,Invalid or missing units consumed
RD00041154,MTR003473,CUST003473,2023-11-23 05:43:41,Automatic,,391840.2,223.5,43.8,0.982,2.92,,0,0,Estimated,2023-11-23 06:05:41,Invalid or missing units consumed
RD00035768,MTR003305,CUST003305,2023-01-20 07:08:29,Automatic,,253082.97,214.3,13.02,0.906,105.872,7.5597,0,0,Good,2023-01-20 07:22:29,Invalid or missing units consumed
RD00024315,MTR001425,CUST001425,2022-12-10 23:18:02,Estimated,,413689.63,,30.09,0.787,0.374,0.0159,0,0,Good,2022-12-10 23:40:02,Invalid or missing units consumed
RD00020513,MTR002066,CUST002066,2024-03-04 13:46:31,Automatic,,,226.6,13.22,0.929,0.453,0.0305,0,0,Suspect,2024-03-04 13:58:31,Invalid or missing units consumed
RD00022910,MTR000079,CUST000079,2023-10-08 17:57:08,Automatic,,270816.88,228.8,32.67,0.78,2.965,0.1999,0,,Suspect,2023-10-08 18:05:08,Invalid or missing units consumed
RD00006058,MTR002981,CUST002981,2024-10-05 15:02:26,Automatic,,134111.88,240.6,37.6,0.954,3.891,0.2764,0,1,Good,2024-10-05 15:14:26,Invalid or missing units consumed
RD00045652,MTR003388,CUST003388,2023-02-02 04:33:59,Automatic,,143581.58,225.4,,0.978,2.185,0.2676,0,1,Good,2023-02-02 04:55:59,Invalid or missing units consumed
RD00045572,MTR004481,CUST004481,2024-06-19 14:03:35,Estimated,,304567.8,215.0,3.19,0.995,7.716,0.4294,0,1,Good,,Invalid or missing units consumed
RD00020465,MTR001288,CUST001288,,Automatic,,423521.03,230.3,4.39,0.959,4.388,0.2526,0,0,Good,2023-08-06 09:22:10,Invalid or missing units consumed
RD00021721,MTR004831,CUST004831,2024-03-07 02:20:08,Automatic,,214317.71,,8.85,0.858,5.703,0.1703,UNKNOWN,0,Good,2024-03-07 02:33:22,Invalid or missing units consumed
RD00018227,MTR002891,CUST002891,2022-07-15 09:07:12,Automatic,,245303.26,241.3,39.31,0.746,97.161,6.806,0,1,Good,2022-07-15 09:18:12,Invalid or missing units consumed
RD00044600,MTR002693,CUST002693,2022-06-07 17:49:44,Manual,,331266.16,235.7,26.92,0.868,40.835,1.547,0,0,Good,2022-06-07 18:15:44,Invalid or missing units consumed
RD00007300,MTR004163,CUST004163,2022-01-18 08:03:23,Automatic,,317753.69,238.3,4.36,0.825,8.067,0.7701,0,0,Good,2022-01-18 08:32:37,Invalid or missing units consumed
RD00021814,MTR003374,CUST003374,2022-11-07 08:05:06,Automatic,,326041.0,,39.41,0.914,6.572,0.2398,0,0,Good,2022-11-07 08:29:06,Invalid or missing units consumed
RD00019391,MTR000524,CUST000524,,Automatic,,437579.33,232.8,16.83,0.91,13.774,1.2134,,0,Good,2023-11-07 00:02:54,Invalid or missing units consumed
RD00037934,MTR001440,CUST001440,2022-11-24 21:43:07,Automatic,,81536.31,228.4,25.87,0.843,175.508,12.6499,1,0,Good,,Invalid or missing units consumed
RD00048259,MTR004462,CUST004462,2024-06-06 21:39:11,Automatic,,37445.95,223.6,32.85,0.792,45.204,2.2508,0,0,Estimated,2024-06-06 21:43:11,Invalid or missing units consumed
RD00038592,MTR003294,CUST003294,2023-06-13 08:09:29,Automatic,,416916.6,225.2,15.98,0.853,6.101,0.3652,0,1,Good,2023-06-13 08:14:29,Invalid or missing units consumed
RD00025810,MTR003386,CUST003386,2023-11-28 22:40:01,Revised,,203.48142,237.5,32.47,0.936,54.594,3.4067,0,0,Good,2023-11-28 22:44:01,Invalid or missing units consumed
RD00012691,MTR001347,CUST001347,2022-12-12 03:51:45,Automatic,,355730.59,241.4,18.1,0.921,2.892,0.1041,0,0,Good,2022-12-12 03:53:45,Invalid or missing units consumed
RD00016792,MTR002310,CUST002310,2022-03-15 21:20:13,Estimated,,131368.01,219.3,47.06,0.888,4.929,0.3836,0,0,Suspect,2022-03-15 21:36:13,Invalid or missing units consumed
RD00009803,MTR002211,CUST002211,2024-02-25 08:22:20,Automatic,,,0,31.73,0.737,3.369,0.1501,0,0,Good,,Invalid or missing units consumed
RD00022163,MTR003173,CUST003173,2023-08-18 22:27:58,Automatic,,60174.41,231.8,45.61,0.922,13.39,0.4213,0,0,Good,2023-08-18 22:57:58,Invalid or missing units consumed
RD00038682,MTR002255,CUST002255,2023-11-09 17:37:06,Automatic,,283052.76,225.9,23.73,0.827,1.257,0.1029,0,0,Good,2023-11-09 17:49:06,Invalid or missing units consumed
RD00032606,MTR002262,CUST002262,,Automatic,,,232.8,36.56,0.709,12.194,0.7435,0,0,good,2023-09-06 16:11:47,Invalid or missing units consumed
RD00017295,MTR001118,CUST001118,2024-11-26 04:23:13,Manual,,438139.27,225.9,34.08,0.892,2.59,0.0633,0,0,Good,,Invalid or missing units consumed
RD00047148,MTR000573,CUST000573,2022-06-12 11:33:43,Manual,,105969.64,228.4,39.57,0.89,3.096,0.1466,0,0,Good,2022-06-12 11:42:43,Invalid or missing units consumed
RD00040667,MTR003555,CUST003555,2024-11-28 12:22:04,automatic,,60972.03,228.1,,0.736,5.138,0.3196,0,0,Invalid,2024-11-28 12:36:04,Invalid or missing units consumed
RD00040257,0,CUST001003,2022-11-09 01:28:01,Manual,,35191.42,230.1,18.79,,1.983,0.0775,,0,Good,2022-11-09 01:58:01,Invalid or missing units consumed
RD00048814,MTR002812,CUST002812,2023-12-24 06:14:39,Revised,,36724.71,224.1,48.07,0.722,8.819,1.1512,0,0,Good,2023-12-24 06:43:39,Invalid or missing units consumed
RD00001145,MTR002150,CUST002150,2022-04-22 12:38:09,Automatic,,213517.15,210.1,14.93,,,0.1246,0,0,Good,2022-04-22 13:05:09,Invalid or missing units consumed
RD00039411,MTR003180,CUST003180,2023-09-02 01:06:21,Automatic,,,226.6,29.91,0.807,36.875,1.1826,0,0,Good,2023-09-02 01:33:21,Invalid or missing units consumed
RD00022180,MTR004596,CUST004596,2023-01-17 01:26:46,Manual,,426705.63,224.7,40.93,0.786,36.481,2.7189,0,,Good,2023-01-17 01:43:46,Invalid or missing units consumed
RD00032714,MTR002924,CUST002924,2022-05-21 20:02:51,AUTOMATIC,,335046.12,,5.64,0.896,89.57,4.4726,0,0,Good,2022-05-21 20:29:51,Invalid or missing units consumed
RD00033798,MTR002616,CUST002616,2024-05-02 02:33:21,Automatic,,191412.41,0,4.25,,32.628,0.6502,0,0,Good,2024-05-02 02:38:21,Invalid or missing units consumed
RD00031027,MTR004233,CUST004233,2022-02-21 22:17:06,Manual,,453593.09,208.3,34.13,0.991,26.388,0.8353,0,-,Good,2022-02-21 22:18:06,Invalid or missing units consumed
RD00041836,MTR000315,CUST000315,2023-01-15 11:46:57,Automatic,,474216.46,217.5,2.77,0.938,5.21,0.3332,0,0,Good,,Invalid or missing units consumed
RD00019955,MTR003752,CUST003752,2022-03-12 05:52:55,Automatic,,259393.6,249.9,42.6,0.914,,0.1003,0,0,Estimated,2022-03-12 05:59:55,Invalid or missing units consumed
RD00009378,MTR000716,CUST000716,2024-11-25 00:31:36,Estimated,,280184.07,228.1,36.07,0.818,1.727,0.0834,0,0,Good,,Invalid or missing units consumed
RD00023365,MTR003183,CUST003183,2022-06-02 18:43:39,Automatic,,70322.02,223.7,48.02,0.794,19.264,0.6698,0,0,Good,2022-06-02 18:58:39,Invalid or missing units consumed
RD00013968,MTR002205,CUST002205,2024-06-10 05:52:21,,,326376.55,221.7,11.74,0.726,0.745,0.0361,0,1,Good,2024-06-10 06:22:21,Invalid or missing units consumed
RD00045551,MTR004234,CUST004234,2023-01-19 18:56:51,Manual,,42152.03,220.2,14.69,0.828,2.802,,0,0,Good,2023-01-19 19:06:51,Invalid or missing units consumed
RD00047282,MTR001538,CUST001538,2023-08-22 16:36:40,Automatic,,208628.2,231.9,47.26,0.983,123.293,6.9594,0,0,Invalid,,Invalid or missing units consumed
RD00029714,MTR003355,CUST003355,2024-01-25 09:50:24,,,279724.37,241.3,32.38,0.967,10.709,0.2492,0,0,Good,2024-01-25 10:06:24,Invalid or missing units consumed
RD00009747,MTR000875,CUST000875,2022-12-09 16:08:28,Manual,,127244.5,250.1,48.32,0.782,5.137,0.5921,0,1,Estimated,2022-12-09 16:13:28,Invalid or missing units consumed
RD00010557,MTR099723,CUST001018,,Automatic,,255953.75,225.4,18.2,0.0,,1.0139,0,0,Good,2022-02-28 09:48:13,Invalid or missing units consumed
RD00024799,MTR001234,CUST001234,2023-08-02 21:48:38,Estimated,,266825.1,244.8,45.45,0.738,9.826,0.5663,0,0,Estimated,,Invalid or missing units consumed
RD00001549,MTR001547,CUST001547,2024-11-12 11:26:52,Automatic,,320773.83,228.6,3.76,0.834,2.767,0.1759,0,0,Good,2024-11-12 11:37:52,Invalid or missing units consumed
RD00008370,MTR001236,UNKNOWN,2022-12-14 08:18:21,Automatic,,403488.34,251.9,40.17,0.736,8.93,,0,0,Good,2022-12-14 08:25:21,Invalid or missing units consumed
RD00039091,,-,2024-06-14 09:32:10,Automatic,,393390.17,216.2,1.79,0.88,83.826,2.2769,0,0,Estimated,2024-06-14 09:56:10,Invalid or missing units consumed
RD00048634,MTR002081,CUST002081,2023-12-02 22:34:04,Automatic,,79224.04,230.4,48.08,0.792,56.147,4.2569,0,0,Good,2023-12-02 22:45:04,Invalid or missing units consumed
RD00036733,MTR002966,CUST002966,2023-11-10 11:41:00,Automatic,,18235.86,229.4,44.36,0.87,17.419,,0,0,Good,2023-11-10 12:05:00,Invalid or missing units consumed
RD00001010,MTR000193,CUST000193,,Automatic,,348208.23,,42.94,0.796,367.173,10.7401,0,0,Suspect,2024-03-17 18:36:42,Invalid or missing units consumed
RD00049514,MTR000421,CUST000421,2022-08-30 05:13:55,Estimated,,248729.96,235.8,29.15,,2.915,0.1511,0,0,Good,2022-08-30 05:43:55,Invalid or missing units consumed
RD00003405,MTR001783,CUST001783,2024-04-25 04:04:37,Automatic,,205272.97,231.3,12.78,0.822,,0.226,0,0,,2024-04-25 04:11:37,Invalid or missing units consumed
RD00029941,MTR004932,CUST004932,2024-08-23 03:59:46,Manual,,493936.81,242.5,29.08,0.76,12.527,,0,0,Good,2024-08-23 04:23:46,Invalid or missing units consumed
RD00020895,MTR001921,CUST001921,2024-03-28 21:25:29,Estimated,,156848270.0,248.5,17.79,0.932,2.729,0.1724,0,0,Good,2024-03-28 21:47:29,Invalid or missing units consumed
RD00043775,MTR003866,CUST003866,2024-03-24 16:47:51,Automatic,,351.96272,219.4,17.01,,616.687,43.8962,0,0,Good,2024-03-24 17:15:51,Invalid or missing units consumed
RD00024762,MTR003097,CUST003097,2022-12-23 11:31:33,Revised,,341620.23,228.2,43.05,0.905,5.501,0.6747,0,0,Invalid,,Invalid or missing units consumed
RD00007055,MTR001982,CUST001982,2024-12-27 04:35:35,Automatic,,389167.47,232.9,29.98,0.969,6.223,0.22,0,0,Invalid,2024-12-27 04:37:35,Invalid or missing units consumed
RD00009720,,CUST004146,2022-05-02 13:32:37,,,106135.69,0,,0.718,16.897,1.1566,0,0,Good,2022-05-02 14:01:37,Invalid or missing units consumed
RD00017224,MTR003545,CUST003545,2022-05-04 10:12:59,Automatic,,329567.75,236.3,38.51,0.806,5.927,0.2635,0,0,Suspect,2022-05-04 10:39:59,Invalid or missing units consumed
RD00014833,MTR002485,CUST002485,2022-12-14 23:04:11,Automatic,,66361.27,224.9,30.97,0.706,66.344,4.1804,0,0,good,2022-12-14 23:10:11,Invalid or missing units consumed
RD00031697,MTR000762,CUST000762,2022-09-21 09:31:41,Revised,,377810.38,238.3,17.65,0.818,3.399,0.0,0,0,Good,2022-09-21 09:50:41,Invalid or missing units consumed
RD00049968,MTR004306,CUST004306,2024-04-30 11:35:17,Automatic,,365443.7,242.7,3.7,0.859,3.197,,0,-,Good,,Invalid or missing units consumed
RD00002956,MTR003813,CUST003813,2023-08-24 02:37:20,Revised,,,244.9,,0.735,796.47,88.6259,0,0,Estimated,2023-08-24 03:00:20,Invalid or missing units consumed
RD00008269,MTR002319,CUST002319,2024-04-04 15:52:40,Automatic,,49655.69,204.7,21.56,0.743,,0.4946,0,0,Invalid,2024-04-04 16:01:40,Invalid or missing units consumed
RD00033928,MTR001226,CUST001226,2023-08-13 06:22:20,Automatic,,117268.74,233.9,19.05,0.783,115.935,8.2718,0,0,Good,2023-08-13 06:25:20,Invalid or missing units consumed
RD00014211,MTR001911,CUST001911,2022-03-05 04:49:24,Automatic,,244432.38,230.9,26.17,,,0.3063,0,0,Good,2022-03-05 04:56:24,Invalid or missing units consumed
RD00044190,MTR002352,CUST002352,2024-01-30 08:39:08,Automatic,,69579.1,233.6,25.42,0.802,57.048,3.6348,0,0,Good,2024-01-30 08:45:08,Invalid or missing units consumed
RD00041505,MTR004734,CUST004734,2023-04-10 13:50:58,Manual,,455738.21,243.3,0.89,0.991,19.683,,,0,Good,2023-04-10 14:12:58,Invalid or missing units consumed
RD00021752,MTR004361,CUST004361,2024-10-18 15:27:35,-,,268540.91,224.8,31.96,0.874,0.0,0.5672,0,1,Good,2024-10-18 15:41:35,Invalid or missing units consumed
RD00046919,MTR001889,,2023-12-12 07:48:20,Automatic,,162593.94,238.6,8.75,0.769,11.111,0.2338,0,0,Good,2023-12-12 08:14:20,Invalid or missing units consumed
RD00039782,MTR004339,CUST004339,2024-07-06 13:13:50,Automatic,,88773.61,225.7,0.0,0.874,25.506,2.1085,0,0,Good,2024-07-06 13:30:50,Invalid or missing units consumed
RD00044312,MTR001697,CUST001697,2023-01-09 02:30:05,Manual,,329200.75,215.6,12.1,0.95,6.066,0.4591,0,0,Good,2023-01-09 02:56:05,Invalid or missing units consumed
RD00041204,MTR001402,CUST001402,2024-08-27 23:03:19,Automatic,,147531.64,244.3,10.36,0.988,242.48,13.5035,0,0,Good,2024-08-27 23:27:19,Invalid or missing units consumed
RD00032651,MTR004359,CUST004359,2022-02-06 00:29:17,Automatic,,271042.02,228.5,32.55,0.758,,0.235,0,0,Good,2022-02-06 00:30:17,Invalid or missing units consumed
RD00047650,MTR000033,CUST000033,,Estimated,,364636.79,246.5,33.31,0.867,632.617,21.5948,0,0,0,2024-07-02 01:58:32,Invalid or missing units consumed
RD00001744,MTR001806,CUST001806,2024-03-29 12:17:09,Automatic,,9.26,238.0,21.25,0.912,4.103,0.3473,0,0,Good,2024-03-29 12:32:09,Invalid or missing units consumed
RD00001478,MTR002744,CUST002744,2022-09-29 15:27:30,Estimated,,360722.59,240.6,42.26,0.72,24.942,1.0538,0,0,GOOD,2022-09-29 15:37:30,Invalid or missing units consumed
RD00034042,MTR004314,CUST004314,,Automatic,,408074.9,230.6,7.74,0.701,243.466,16.0801,0,0,Good,,Invalid or missing units consumed
RD00027510,MTR000618,CUST000618,2023-09-04 23:00:46,Manual,,140017.14,230.4,3.81,0.963,4.253,0.1215,0,0,Good,2023-09-04 23:03:46,Invalid or missing units consumed
RD00037861,MTR004605,CUST004605,,Estimated,,460485.63,216.7,7.56,0.93,2.193,0.1706,0,0,Good,2023-03-01 03:18:14,Invalid or missing units consumed
RD00012681,MTR003392,CUST003392,,Revised,,238228.83,226.5,34.08,0.918,685.785,,0,0,Good,2023-04-06 09:34:27,Invalid or missing units consumed
RD00017727,MTR000329,CUST000329,2024-03-30 15:22:14,Automatic,,353684.74,243.8,29.41,0.842,10.887,0.337,0,0,Suspect,2024-03-30 15:23:14,Invalid or missing units consumed
RD00011653,MTR001370,CUST001370,2022-09-08 20:37:27,Revised,,,251.3,48.4,0.796,2.114,0.1063,0,1,Good,,Invalid or missing units consumed
RD00041360,MTR000897,,2024-10-24 14:25:11,Revised,,394679.61,,38.57,,94.322,5.4275,0,0,Good,2024-10-24 14:36:11,Invalid or missing units consumed
RD00005237,,CUST002317,2024-04-25 21:41:17,Automatic,,136158.91,236.8,3.7,0.98,14.597,1.0066,0,0,Estimated,2024-04-25 21:54:17,Invalid or missing units consumed
RD00013820,MTR000593,CUST000593,2022-04-23 20:26:40,Automatic,,99380.03,232.4,20.6,0.876,1.696,0.1463,0,0,Good,2022-04-23 20:33:40,Invalid or missing units consumed
RD00026631,MTR002324,CUST002324,2024-08-22 08:11:01,Automatic,,11151.43,224.2,15.99,0.947,10.819,0.241,0,0,Good,2024-08-22 08:29:01,Invalid or missing units consumed
RD00046888,MTR099851,CUST002389,2023-05-10 10:01:12,Revised,,80155.32,220.8,0.27,0.755,453.629,,0,0,Good,2023-05-10 10:15:12,Invalid or missing units consumed
RD00007054,MTR003110,CUST003110,2024-03-08 11:10:20,Manual,,476997.64,238.0,2.03,0.743,6.189,0.3926,0,0,Good,2024-03-08 11:39:20,Invalid or missing units consumed
RD00005375,MTR003732,CUST003732,2024-08-22 10:00:30,Manual,,188990.82,239.5,43.76,,114.741,8.2671,0,0,Estimated,2024-08-22 10:30:30,Invalid or missing units consumed
RD00047294,MTR002933,CUST002933,2022-07-01 14:39:53,AUTOMATIC,,163.50597,224.3,37.07,0.923,8.384,0.5526,0,0,Good,2022-07-01 14:54:53,Invalid or missing units consumed
RD00000384,MTR000380,CUST000380,2022-12-22 10:55:22,Manual,,487874.87,235.0,13.1,0.918,16.12,0.5649,0,0,Good,2022-12-22 11:09:22,Invalid or missing units consumed
RD00006716,MTR004261,CUST004261,2023-10-07 03:46:44,Automatic,,,,19.27,0.823,0.616,0.0376,0,0,Good,2023-10-07 03:58:44,Invalid or missing units consumed
RD00020285,MTR000216,CUST000216,2023-12-12 07:17:41,Automatic,,431321.97,229.0,34.71,,0.0,0.1837,0,0,Good,2023-12-12 07:45:41,Invalid or missing units consumed
RD00040766,MTR003259,CUST003259,2022-04-17 13:08:15,Manual,,,239.0,46.79,0.949,1.672,0.0698,0,0,Suspect,2022-04-17 13:23:15,Invalid or missing units consumed
RD00006124,MTR000254,CUST000254,2023-11-03 20:45:02,Estimated,,251198.54,235.8,1.06,0.873,71.423,6.3527,0,0,Good,2023-11-03 20:55:02,Invalid or missing units consumed
RD00006017,MTR003598,,2022-04-04 16:50:30,Automatic,,,222.1,23.99,0.711,,0.2911,0,0,ESTIMATED,2022-04-04 17:16:30,Invalid or missing units consumed
RD00026884,MTR001185,CUST001185,2023-08-22 05:18:36,Manual,,371313.08,231.8,34.84,0.771,0.559,,0,0,Good,2023-08-22 05:32:36,Invalid or missing units consumed
RD00000442,MTR001351,CUST001351,2024-02-13 20:22:12,Automatic,,100390.92,230.4,,0.787,342.669,18.7876,0,0,Estimated,2024-02-13 20:33:12,Invalid or missing units consumed
RD00009013,MTR003200,CUST003200,2023-11-02 03:01:59,Automatic,,88709.7,227.3,9.7,0.739,0.661,0.0735,0,0,Good,2023-11-02 03:04:59,Invalid or missing units consumed
RD00033104,MTR000096,CUST000096,2022-06-24 16:29:19,Automatic,,18726.73,231.7,38.99,0.884,62.7,,0,0,Good,2022-06-24 16:40:19,Invalid or missing units consumed
RD00032097,MTR003355,CUST003355,2024-12-03 21:57:56,Manual,,463927.42,224.7,14.08,0.821,14.896,,0,0,,2024-12-03 22:02:56,Invalid or missing units consumed
RD00021075,MTR004195,CUST004195,2023-05-21 01:10:45,Automatic,,20959.77,226.4,7.9,0.892,4.745,0.3691,,0,Good,2023-05-21 01:16:45,Invalid or missing units consumed
RD00034858,MTR000010,CUST000010,2024-12-03 04:04:49,Automatic,,229579.86,239.4,33.89,0.731,2.688,0.0946,0,0,UNKNOWN,2024-12-03 04:26:49,Invalid or missing units consumed
RD00014268,MTR004608,CUST004608,2023-02-01 01:42:32,Automatic,,,244.4,,0.74,9.059,,0,0,Estimated,2023-02-01 01:59:32,Invalid or missing units consumed
RD00024068,MTR000426,CUST000426,,Estimated,,188438.91,225.5,24.54,0.724,10.101,0.4955,0,0,Good,2024-08-18 15:39:59,Invalid or missing units consumed
RD00021391,MTR000134,CUST000134,2022-07-16 05:32:59,Manual,,84945.18,226.7,17.62,0.884,0.956,0.0275,UNKNOWN,0,Good,2022-07-16 05:37:59,Invalid or missing units consumed
RD00046460,MTR001299,CUST001299,2024-04-23 20:40:28,Estimated,,94280.58,225.8,42.79,0.895,89.866,5.5072,,0,Good,2024-04-23 20:43:28,Invalid or missing units consumed
RD00048426,MTR003095,CUST003095,2022-09-02 07:09:35,AUTOMATIC,,242970.97,221.3,23.21,0.85,5.265,0.4428,0,0,Good,2022-09-02 07:12:35,Invalid or missing units consumed
RD00015514,MTR001267,CUST001267,2024-02-24 18:18:46,Automatic,,,236.0,18.57,0.79,5.49,0.1815,0,0,Estimated,2024-02-24 18:42:46,Invalid or missing units consumed
RD00037429,MTR003195,CUST003195,2022-12-28 15:45:19,Automatic,,39423.6,235.2,34.1,0.825,5.477,0.5255,0,0,Good,2022-12-28 16:05:19,Invalid or missing units consumed
RD00032557,MTR004265,CUST004265,2022-09-20 05:24:21,Automatic,,91860.9,,20.56,0.956,2.322,,0,0,Good,2022-09-20 05:41:21,Invalid or missing units consumed
RD00042995,MTR001928,CUST001928,2022-03-11 12:33:19,Automatic,,188873.42,213.3,13.01,,6.556,0.3429,0,0,Estimated,,Invalid or missing units consumed
RD00001428,MTR000410,CUST000410,2024-12-13 17:27:01,Manual,,271378.46,236.0,24.55,0.746,79.444,2.7437,0,0,Good,2024-12-13 17:49:01,Invalid or missing units consumed
RD00004971,MTR002592,CUST002592,2022-10-14 00:41:58,Automatic,,104369.49,218.0,2.73,0.99,53.215,1.1053,0,0,Good,2022-10-14 01:11:58,Invalid or missing units consumed
RD00027204,MTR001009,CUST001009,2022-07-19 06:42:15,Estimated,,258527.94,-,28.26,0.968,4.306,0.1176,0,0,UNKNOWN,2022-07-19 06:53:15,Invalid or missing units consumed
RD00009017,MTR002218,CUST002218,2024-06-11 05:56:08,Automatic,,287158.73,233.7,,0.905,6.053,0.3274,0,0,Good,,Invalid or missing units consumed
RD00024801,MTR000519,CUST000519,2023-11-05 22:21:03,Automatic,,,225.2,16.62,,9.309,0.0,0,0,Good,2023-11-05 22:26:03,Invalid or missing units consumed
RD00040880,MTR001964,CUST001964,2022-11-28 14:14:30,Estimated,,154936.07,232.4,14.71,0.758,964.053,,0,0,Good,2022-11-28 14:38:30,Invalid or missing units consumed
RD00031143,,CUST001958,2024-08-08 10:54:34,Automatic,,226260.88,224.4,29.89,0.931,12.84,0.7633,0,0,Good,2024-08-08 11:21:34,Invalid or missing units consumed
RD00015491,MTR004099,CUST004099,2023-11-26 06:50:12,Automatic,,309587.32,223.2,44.23,0.832,713.66,22.4856,0,0,Good,2023-11-26 07:13:12,Invalid or missing units consumed
RD00035058,MTR001489,CUST001489,2023-12-28 09:30:49,Manual,,,256.0,25.05,0.727,34.463,1.1965,0,0,Good,2023-12-28 09:35:49,Invalid or missing units consumed
RD00026338,MTR003048,CUST003048,2022-09-28 05:19:08,Automatic,,131861.72,203.7,13.77,0.801,5.919,0.4925,0,0,Good,2022-09-28 05:21:08,Invalid or missing units consumed
RD00006267,MTR000608,CUST000608,2023-11-27 10:21:10,Manual,,,238.3,8.14,0.891,20.623,1.5883,0,0,Good,2023-11-27 10:44:10,Invalid or missing units consumed
RD00026926,MTR002574,CUST002574,2023-09-27 10:28:23,Automatic,,240804.15,220.0,37.56,0.995,0.0,0.2196,0,0,Good,2023-09-27 10:51:23,Invalid or missing units consumed
RD00023908,MTR001831,CUST001831,2024-11-10 18:27:39,Automatic,,437567.1,237.0,,0.744,11.144,0.5069,0,0,Good,2024-11-10 18:38:39,Invalid or missing units consumed
RD00042532,MTR003213,CUST003213,2024-09-02 17:03:16,Automatic,,349265.73,220.8,,0.965,3.248,0.1245,0,0,INVALID,2024-09-02 17:15:42,Invalid or missing units consumed
RD00025224,MTR002601,CUST002601,,Automatic,,340245.39,0,28.76,0.739,12.068,0.4383,0,0,Good,2023-03-16 08:09:36,Invalid or missing units consumed
RD00036675,MTR001138,CUST001138,2022-07-20 03:07:48,Automatic,,58798.82,229.3,16.08,0.754,4.115,0.4556,0,0,Good,2022-07-20 03:18:48,Invalid or missing units consumed
RD00048584,MTR001551,CUST001551,2024-01-04 14:09:30,Manual,,134990.76,222.9,37.84,0.806,447.138,34.2751,0,0,Good,2024-01-04 14:10:30,Invalid or missing units consumed
RD00005163,MTR001095,CUST001095,2023-11-10 19:49:17,Automatic,,,224.9,5.04,0.786,717.301,67.3511,0,0,Good,2023-11-10 19:54:17,Invalid or missing units consumed
RD00007630,MTR003567,CUST003567,2024-01-19 05:55:17,Automatic,,58638.63,225.0,18.3,0.729,8.432,0.3138,0,0,Good,2024-01-19 05:57:17,Invalid or missing units consumed
RD00027252,MTR004978,CUST004978,2023-05-19 12:13:24,Manual,,313694.3,220.6,19.0,0.878,6.031,0.1266,0,0,Good,2023-05-19 12:34:24,Invalid or missing units consumed
RD00046406,MTR001519,CUST001519,2022-06-17 04:11:14,Automatic,,197447.31,214.7,18.68,0.991,1.373,0.0613,0,0,Good,2022-06-17 04:26:14,Invalid or missing units consumed
RD00035423,-,CUST001362,2024-01-15 06:25:20,Automatic,,20507.55,237.2,16.3,0.89,2.828,0.0963,0,0,Good,2024-01-15 06:42:20,Invalid or missing units consumed
RD00021490,MTR000148,CUST000148,,Automatic,,224490.82,236.8,12.44,0.728,7.937,0.4426,0,,Estimated,2022-07-03 21:20:37,Invalid or missing units consumed
RD00023136,MTR003213,CUST003213,2023-09-03 12:44:13,Automatic,,338692.83,234.2,25.4,,3.464,0.0758,UNKNOWN,0,Estimated,,Invalid or missing units consumed
RD00022624,MTR002407,CUST002407,2022-12-16 04:26:14,Estimated,,99551.46,238.5,3.7,,19.063,0.4215,0,0,Good,2022-12-16 04:32:14,Invalid or missing units consumed
RD00008664,MTR002191,CUST002191,2022-06-29 20:33:40,Automatic,,352401.92,235.4,2.24,0.808,0.0,1.8938,0,0,Suspect,2022-06-29 20:36:40,Invalid or missing units consumed
RD00008422,MTR004634,CUST004634,2022-10-19 18:05:56,Automatic,,364687.72,214.3,27.87,0.734,1.687,0.1619,0,0,Good,,Invalid or missing units consumed
RD00033201,MTR001330,CUST001330,2023-02-22 14:51:39,Manual,,430858.67,219.5,41.31,0.801,2.317,0.2025,0,0,Suspect,2023-02-22 15:12:39,Invalid or missing units consumed
RD00003404,MTR003498,CUST003498,2022-08-03 21:13:05,Manual,,262775.71,209.2,0.0,0.711,7.208,0.2988,0,0,Estimated,2022-08-03 21:18:05,Invalid or missing units consumed
RD00000334,MTR003809,CUST003809,2023-12-26 15:03:12,Automatic,,197006.47,216.3,41.27,0.729,39.852,2.4311,0,0,,2023-12-26 15:30:12,Invalid or missing units consumed
RD00023423,MTR003865,CUST003865,2023-02-05 12:51:58,Automatic,,154489.92,233.0,15.5,0.875,119.594,6.045,0,0,Estimated,,Invalid or missing units consumed
RD00041731,MTR004623,CUST004623,2023-01-25 14:02:23,Automatic,,47223.1,,23.28,,11.201,,0,1,Good,2023-01-25 14:06:23,Invalid or missing units consumed
RD00039418,MTR001671,CUST001671,,Automatic,,,,6.09,0.96,2.428,0.2911,0,0,Suspect,2023-02-21 12:32:27,Invalid or missing units consumed
RD00019286,MTR004885,CUST004885,2024-10-15 14:13:44,Automatic,,250244.86,228.6,5.12,0.837,,0.5084,0,0,Suspect,2024-10-15 14:43:44,Invalid or missing units consumed
RD00021824,MTR001503,CUST001503,2024-09-25 21:28:09,Automatic,,469116.27,231.9,6.45,0.723,1442.952,27.0035,0,0,Good,,Invalid or missing units consumed
RD00049978,MTR002676,CUST002676,2022-02-16 04:55:57,Automatic,,205449.81,242.5,18.67,0.819,1.71,0.1224,0,0,Good,2022-02-16 05:00:57,Invalid or missing units consumed
RD00004277,MTR002486,CUST002486,,Automatic,,0.0,222.0,15.92,0.938,20.745,1.2154,0,0,Good,2023-08-07 21:53:48,Invalid or missing units consumed
RD00018160,MTR000455,CUST000455,2022-10-18 08:39:41,,,,0,45.05,0.0,778.01,22.9906,0,0,good,2022-10-18 08:53:41,Invalid or missing units consumed
RD00025157,MTR004615,CUST004615,2023-08-30 11:31:11,Automatic,,148392.28,241.3,33.0,0.708,631.624,,0,0,Good,2023-08-30 11:39:11,Invalid or missing units consumed
RD00006574,MTR001361,CUST001361,2024-08-18 11:41:58,Automatic,,244775.87,0,18.24,0.893,,0.1742,0,0,Good,2024-08-18 12:06:58,Invalid or missing units consumed
RD00022838,MTR003622,CUST003622,2023-05-09 04:47:44,Automatic,,120795.31,221.7,28.29,0.733,8.783,0.1563,1,0,Good,2023-05-09 05:05:44,Invalid or missing units consumed
RD00042229,MTR003332,CUST003332,2024-04-30 11:52:48,Automatic,,178798.43,233.8,3.83,0.912,57.071,2.775,1,0,-,2024-04-30 11:53:48,Invalid or missing units consumed
RD00015065,MTR004742,CUST004742,2023-03-07 05:22:23,0,,405768.3,UNKNOWN,37.51,0.845,0.816,0.0221,0,0,Good,2023-03-07 05:28:23,Invalid or missing units consumed
RD00009250,MTR002421,CUST002421,2024-01-02 08:33:49,Automatic,,487247.54,213.1,47.3,0.77,586.784,55.3673,0,0,Good,2024-01-02 08:53:36,Invalid or missing units consumed
RD00014648,MTR000003,CUST000003,,Automatic,,208556.05,245.6,4.3,0.758,5.593,0.3216,0,0,Good,2022-01-04 09:58:18,Invalid or missing units consumed
RD00032640,MTR001641,CUST001641,,0,,444626.24,231.6,32.84,0.964,228.727,19.9738,0,0,Good,2024-06-04 00:48:07,Invalid or missing units consumed
RD00030165,MTR001540,CUST001540,2024-03-19 23:16:12,Automatic,,30725.87,230.1,39.97,0.799,28.065,1.5294,,0,Good,2024-03-19 23:33:12,Invalid or missing units consumed
RD00035696,MTR003497,CUST003497,2022-02-25 01:08:51,Automatic,,177483.02,242.3,,0.74,51.388,3.606,0,0,Invalid,,Invalid or missing units consumed
RD00017384,MTR004816,CUST004816,2024-09-01 16:00:50,Automatic,,140540.2,UNKNOWN,36.3,0.801,0.876,,0,0,good,2024-09-01 16:09:50,Invalid or missing units consumed
RD00048297,0,CUST000182,2024-04-04 05:24:48,Manual,,336023.16,212.7,22.0,0.896,6.071,0.2174,0,0,Good,2024-04-04 05:37:48,Invalid or missing units consumed
RD00026642,MTR002241,CUST002241,2023-07-12 17:54:16,Automatic,,,240.5,4.95,0.765,,2.976,0,0,Good,2023-07-12 18:23:16,Invalid or missing units consumed
RD00029045,MTR003334,CUST003334,2022-11-30 09:56:10,Automatic,,168543.59,-,4.79,0.987,7.187,0.539,0,0,estimated,2022-11-30 09:59:10,Invalid or missing units consumed
RD00000871,MTR003674,CUST003674,2024-12-30 22:54:06,Automatic,,34797.09,227.8,12.86,,12.593,0.9669,0,0,Good,2024-12-30 23:20:06,Invalid or missing units consumed
RD00014183,,CUST002601,2023-06-25 14:53:30,Automatic,,308055.74,239.7,49.92,0.743,2.939,0.17,0,0,Suspect,2023-06-25 15:14:30,Invalid or missing units consumed
RD00024857,MTR001243,CUST001243,2024-08-01 15:06:13,-,,,208.1,1.99,0.921,17.567,1.5108,0,0,Good,2024-08-01 15:29:13,Invalid or missing units consumed
RD00017847,MTR000314,CUST000314,2024-03-03 13:54:58,Automatic,,370999.48,217.1,1.58,0.874,7.126,0.4725,0,0,Suspect,2024-03-03 14:08:58,Invalid or missing units consumed
RD00000793,MTR001555,CUST001555,2023-11-21 11:06:44,Estimated,,334391.25,233.3,45.73,0.858,18.746,1.6261,0,0,Good,,Invalid or missing units consumed
RD00042387,MTR001421,CUST001421,,Automatic,,132701.79,236.9,,0.7,143.976,6.3543,0,0,Good,2022-10-26 02:40:48,Invalid or missing units consumed
RD00043529,MTR000681,CUST000681,2023-12-11 06:07:09,Automatic,,434268.41,225.8,48.44,0.909,5.806,0.3825,0,,Suspect,2023-12-11 06:19:09,Invalid or missing units consumed
RD00042750,MTR002571,CUST002571,2024-11-09 17:41:10,Revised,,338112.45,,31.6,0.836,15.544,0.7748,0,0,Good,2024-11-09 18:01:10,Invalid or missing units consumed
RD00031758,MTR004364,CUST004364,,Automatic,,337179.21,222.8,35.17,0.711,27.888,1.836,UNKNOWN,0,Good,2024-06-09 15:10:21,Invalid or missing units consumed
RD00026504,MTR000304,CUST000304,2023-08-15 22:04:53,Automatic,,,218.2,35.73,0.858,,0.0904,0,0,Good,2023-08-15 22:18:53,Invalid or missing units consumed
RD00005826,MTR003554,CUST003554,2022-02-21 14:03:12,Automatic,,253732.67,241.8,,0.777,101.493,9.5443,0,0,Good,2022-02-21 14:25:12,Invalid or missing units consumed
RD00017862,MTR001743,CUST001743,2022-04-14 17:21:12,Automatic,,198017.32,241.7,4.56,0.98,6.525,0.5127,0,0,Good,2022-04-14 17:36:12,Invalid or missing units consumed
RD00005158,MTR001718,CUST001718,2022-12-22 03:23:34,Automatic,,147463.61,244.9,34.32,0.918,10.379,0.3336,0,0,Good,2022-12-22 03:48:34,Invalid or missing units consumed
RD00023406,MTR002365,CUST002365,2022-08-27 09:38:10,Automatic,,338000.73,219.4,9.86,0.774,0.922,,0,0,Good,2022-08-27 09:53:10,Invalid or missing units consumed
RD00019958,MTR001474,CUST001474,2024-11-13 05:49:34,Automatic,,263969.36,0,29.56,0.818,0.24,0.0066,0,0,Good,2024-11-13 05:59:34,Invalid or missing units consumed
RD00000556,MTR000021,CUST000021,2022-05-24 02:54:45,Automatic,,473688.94,221.5,17.54,0.895,6.249,0.5134,0,0,Good,2022-05-24 03:17:45,Invalid or missing units consumed
RD00025814,MTR002699,CUST002699,2024-01-27 23:12:13,Estimated,,18965.62,226.4,19.62,0.739,0.559,0.0277,0,0,Good,2024-01-27 23:41:13,Invalid or missing units consumed
RD00036565,MTR001025,CUST001025,2024-02-07 05:07:35,Automatic,,370672.71,233.7,48.82,0.961,,,0,0,Invalid,2024-02-07 05:34:35,Invalid or missing units consumed
RD00012287,MTR001956,CUST001956,2024-11-25 21:30:57,Estimated,,383131.16,220.1,36.77,0.727,71.71,5.4089,0,0,0,2024-11-25 21:45:57,Invalid or missing units consumed
RD00001083,MTR003035,CUST003035,2024-10-28 03:29:08,Automatic,,164636.54,224.8,24.9,0.773,16.46,0.7767,0,0,Good,2024-10-28 03:31:08,Invalid or missing units consumed
RD00027504,MTR000677,CUST000677,2023-11-16 05:09:07,Manual,,403263.89,221.1,41.56,0.899,0.953,0.0405,0,0,Good,2023-11-16 05:12:07,Invalid or missing units consumed
RD00014330,MTR001867,CUST001867,2024-02-10 06:55:53,Automatic,,0.0,,40.74,0.868,13.037,0.505,0,1,Good,2024-02-10 07:24:53,Invalid or missing units consumed
RD00024117,MTR001597,CUST001597,2023-07-31 09:53:07,Automatic,,184858.15,-,,0.833,18.333,0.9564,0,0,Good,2023-07-31 09:54:07,Invalid or missing units consumed
RD00033007,MTR000007,CUST000007,2022-04-15 11:49:48,Automatic,,102507.44,238.7,0.86,0.712,9.01,0.4611,0,0,Good,2022-04-15 12:09:48,Invalid or missing units consumed
RD00045172,,CUST000150,2022-09-02 01:55:23,Automatic,,476399.41,234.4,,0.8,6.175,0.124,0,0,Good,2022-09-02 02:24:23,Invalid or missing units consumed
RD00015273,MTR004213,CUST004213,2022-07-25 08:18:56,Automatic,,199280.23,,49.28,0.0,1109.895,50.2133,0,0,Good,,Invalid or missing units consumed
RD00035265,MTR004225,CUST004225,2022-08-27 11:00:21,Automatic,,313878.89,,16.25,,122.066,11.3535,0,0,UNKNOWN,2022-08-27 11:09:21,Invalid or missing units consumed
RD00010170,MTR001810,CUST001810,2022-11-28 00:42:41,AUTOMATIC,,159675.25,237.8,,0.0,4.04,0.1954,0,0,Estimated,,Invalid or missing units consumed
RD00028829,MTR000654,CUST000654,2022-09-14 13:54:23,Manual,,10722.8,232.1,36.16,0.749,9.251,0.5698,0,0,Good,2022-09-14 14:04:23,Invalid or missing units consumed
RD00044032,MTR003628,CUST003628,2024-03-01 15:45:04,Automatic,,69818.51,239.1,12.94,0.853,9.412,0.5047,0,0,Good,2024-03-01 15:47:04,Invalid or missing units consumed
RD00030399,MTR004641,CUST004641,2023-05-22 03:41:40,Estimated,,153105.36,249.4,42.13,0.76,,78.6467,0,0,Good,2023-05-22 04:06:40,Invalid or missing units consumed
RD00014193,MTR004607,,2022-10-01 21:51:11,Manual,,189057.58,232.9,,0.927,4.936,0.4854,0,0,Suspect,2022-10-01 22:06:11,Invalid or missing units consumed
RD00039481,MTR000374,CUST000374,2024-01-05 04:02:21,Estimated,,138489.69,220.3,46.9,0.944,5.954,0.4466,0,0,Good,2024-01-05 04:04:21,Invalid or missing units consumed
RD00043020,MTR003648,CUST003648,2022-03-18 18:31:25,Manual,,345165.25,222.2,41.75,,0.0,0.3716,0,0,Good,2022-03-18 18:39:25,Invalid or missing units consumed
RD00047892,MTR003344,CUST003344,2024-09-15 15:04:29,Manual,,92522.7,229.6,39.27,0.708,18.699,0.5937,0,1,Good,2024-09-15 15:19:29,Invalid or missing units consumed
RD00048215,MTR003707,CUST003707,2023-05-06 03:50:37,Automatic,,41936.33,206.1,,0.0,17.815,1.1938,0,0,Good,2023-05-06 04:18:37,Invalid or missing units consumed
RD00003055,MTR002883,CUST002883,2023-11-30 05:16:24,Manual,,476831.08,234.5,,0.735,1.128,0.0594,0,UNKNOWN,Invalid,2023-11-30 05:31:24,Invalid or missing units consumed
RD00038199,MTR004508,CUST004508,2023-12-08 22:02:49,Estimated,,138075.2,223.4,37.48,0.956,3.851,0.1208,0,0,Good,2023-12-08 22:30:49,Invalid or missing units consumed
RD00022231,MTR004651,CUST004651,2022-08-07 18:41:43,Automatic,,284016.85,221.1,18.16,0.968,,11.6922,0,1,Good,2022-08-07 18:44:43,Invalid or missing units consumed
RD00020472,MTR004614,CUST004614,2024-04-25 06:43:13,Automatic,,0.0,218.8,21.17,0.913,18.942,1.8368,0,0,Estimated,2024-04-25 06:53:13,Invalid or missing units consumed
RD00012723,MTR000664,CUST000664,2022-04-02 23:57:47,Automatic,,377202.68,228.3,,0.841,,0.1331,0,0,Good,2022-04-03 00:11:47,Invalid or missing units consumed
RD00003755,MTR002900,UNKNOWN,2022-07-01 10:53:54,Automatic,,72570.83,236.5,38.74,0.857,13.091,0.2687,0,0,Good,2022-07-01 10:58:54,Invalid or missing units consumed
RD00036919,MTR003042,CUST003042,2022-07-09 10:24:35,Automatic,,483202.49,221.9,,0.759,0.517,0.0493,0,0,Good,2022-07-09 10:44:35,Invalid or missing units consumed
RD00024937,MTR003153,CUST003153,2023-09-10 07:10:04,Automatic,,86251.28,,,0.966,2.944,0.2741,0,0,Good,2023-09-10 07:18:04,Invalid or missing units consumed
RD00005524,MTR003977,CUST003977,2023-02-25 07:04:09,Automatic,,203229.6,237.5,23.93,,14.737,1.2344,0,0,Good,2023-02-25 07:18:09,Invalid or missing units consumed
RD00022213,MTR000265,CUST000265,2022-01-31 17:28:37,Manual,,406778.53,243.7,16.19,0.867,87.752,2.1404,0,0,Good,2022-01-31 17:45:37,Invalid or missing units consumed
RD00030027,MTR000291,CUST000291,2023-05-28 16:35:44,Automatic,,37034.61,235.6,23.62,0.904,9.924,0.4938,0,0,0,2023-05-28 16:47:44,Invalid or missing units consumed
RD00026606,MTR003118,CUST003118,2023-06-03 18:38:55,Manual,,335759.47,211.8,28.99,0.0,7.989,0.399,0,0,Good,2023-06-03 18:42:55,Invalid or missing units consumed
RD00009183,MTR001656,,2024-10-20 19:55:52,Automatic,,477288.62,232.8,49.72,0.862,6.308,,0,0,Good,2024-10-20 20:03:52,Invalid or missing units consumed
RD00019112,MTR000282,CUST000282,2023-12-19 15:37:29,Manual,,244917.96,238.5,13.83,0.836,8.304,0.4737,0,0,Estimated,2023-12-19 15:57:29,Invalid or missing units consumed
RD00044397,MTR003075,CUST003075,2022-09-22 08:25:36,Manual,,242772.87,224.0,49.34,,5.798,0.3336,0,0,Good,2022-09-22 08:35:36,Invalid or missing units consumed
RD00001373,MTR002469,CUST002469,2022-05-16 01:31:56,Estimated,,369761.62,241.7,39.03,0.836,6.519,0.1858,0,0,Good,2022-05-16 01:46:56,Invalid or missing units consumed
RD00006385,MTR004272,CUST004272,2024-03-07 04:05:22,Automatic,,,237.6,49.06,0.994,4.562,0.3237,0,-,Good,2024-03-07 04:27:22,Invalid or missing units consumed
RD00006031,MTR003447,-,2023-10-15 12:20:26,Automatic,,208385.19,240.7,41.45,0.959,2.132,,0,0,Estimated,2023-10-15 12:31:26,Invalid or missing units consumed
RD00018162,MTR004889,CUST004889,2024-04-16 08:27:07,Automatic,,262221.58,227.7,13.04,,9.874,0.4394,0,1,Good,2024-04-16 08:53:07,Invalid or missing units consumed
RD00043478,MTR004457,CUST004457,2024-01-24 07:05:12,Automatic,,45694.67,218.4,24.79,0.711,4.808,,0,0,Good,2024-01-24 07:25:12,Invalid or missing units consumed
RD00032005,MTR003151,CUST003151,2024-07-07 10:56:34,Automatic,,66757.66,248.1,6.46,0.753,0.0,0.2517,0,0,Good,2024-07-07 11:23:34,Invalid or missing units consumed
RD00042976,MTR001081,CUST001081,2024-05-25 22:31:42,Automatic,,253078.82,226.9,6.4,0.763,12.066,1.1083,0,0,Good,2024-05-25 22:56:42,Invalid or missing units consumed
RD00025518,MTR000861,CUST000861,2023-07-19 14:45:26,Automatic,,56390.89,,1.44,0.711,6.181,0.277,0,0,Good,2023-07-19 15:14:26,Invalid or missing units consumed
RD00034674,MTR003564,CUST003564,2023-02-08 08:32:40,Estimated,,251206.42,228.5,8.77,,1237.262,26.255,0,0,Good,,Invalid or missing units consumed
RD00036573,MTR002287,CUST002287,2023-07-11 17:37:07,Automatic,,,,44.81,0.734,,7.6417,0,0,Good,2023-07-11 17:52:07,Invalid or missing units consumed
RD00039615,MTR004270,CUST004270,2022-06-06 08:26:35,Revised,,455902.62,237.4,14.63,0.949,7.426,0.3298,0,0,Good,2022-06-06 08:56:35,Invalid or missing units consumed
RD00033797,MTR000839,CUST000839,2023-09-13 02:54:49,Automatic,,32939.54,238.9,7.81,0.934,24.829,3.0227,0,0,Good,2023-09-13 03:20:49,Invalid or missing units consumed
RD00034800,MTR000210,CUST000210,2024-04-19 14:37:19,Automatic,,210266.77,UNKNOWN,37.99,0.85,7.613,0.494,0,0,Good,2024-04-19 14:47:19,Invalid or missing units consumed
RD00044464,MTR000742,CUST000742,2023-04-06 13:42:50,Manual,,180746.71,225.1,18.63,0.965,4.037,0.4384,0,0,Good,2023-04-06 14:05:29,Invalid or missing units consumed
RD00028151,MTR099410,CUST004439,2024-10-14 07:34:05,Estimated,,87665.55,241.0,43.29,0.74,10.054,0.8198,0,0,Good,2024-10-14 08:03:05,Invalid or missing units consumed
RD00043432,,CUST000511,,Automatic,,,-,48.1,0.994,15.206,0.9794,0,0,Good,2023-05-20 09:09:01,Invalid or missing units consumed
RD00029545,MTR002159,CUST002159,2024-08-17 11:10:26,Automatic,,101343070.0,231.3,26.0,0.828,7.314,0.402,0,0,Good,2024-08-17 11:19:26,Invalid or missing units consumed
RD00014081,MTR004265,CUST004265,2023-01-26 00:03:38,Automatic,,109215.06,245.9,5.02,,1.406,0.0513,0,0,Good,2023-01-26 00:19:38,Invalid or missing units consumed
RD00040741,MTR000878,CUST000878,2024-05-19 00:58:31,Automatic,,216164.28,223.1,47.06,0.871,2.558,0.2764,0,0,Good,2024-05-19 01:02:31,Invalid or missing units consumed
RD00017469,MTR003018,CUST003018,2023-01-09 20:15:46,Automatic,,73041.13,221.6,36.75,0.895,7.052,0.1893,0,0,Good,2023-01-09 20:25:46,Invalid or missing units consumed
RD00027761,MTR003269,CUST003269,2024-04-17 10:03:38,AUTOMATIC,,,226.7,3.63,0.896,4.512,0.2961,0,0,Good,2024-04-17 10:07:38,Invalid or missing units consumed
RD00048767,MTR004000,CUST004000,2023-12-15 02:49:50,Manual,,,215.8,16.07,0.75,8.453,0.3439,0,0,Good,2023-12-15 02:50:50,Invalid or missing units consumed
RD00021196,MTR003539,,,Automatic,,0.0,245.7,23.97,0.809,2.588,,0,0,Good,2024-01-19 07:24:50,Invalid or missing units consumed
RD00011726,MTR000221,CUST000221,2022-08-28 02:34:02,Automatic,,338310.4,216.9,16.03,,8.478,0.2678,0,0,Good,2022-08-28 02:45:02,Invalid or missing units consumed
RD00013563,MTR000001,CUST000001,2022-02-01 21:01:02,Automatic,,266602.43,,23.01,0.92,1.235,0.0596,0,0,Good,2022-02-01 21:21:02,Invalid or missing units consumed
RD00048541,MTR001875,CUST001875,2022-12-01 14:23:17,Estimated,,413866.65,230.1,35.06,0.879,2.399,0.1135,0,0,Good,2022-12-01 14:51:17,Invalid or missing units consumed
RD00020994,MTR000149,CUST000149,2022-12-01 14:18:42,Automatic,,332021.22,225.9,26.81,0.968,22.513,1.6505,0,0,,2022-12-01 14:48:42,Invalid or missing units consumed
RD00026316,MTR000460,CUST000460,2024-07-21 17:33:02,Revised,,143722760.0,236.8,21.05,0.718,24.81,1.584,0,0,Good,2024-07-21 18:03:02,Invalid or missing units consumed
RD00006495,MTR004066,CUST004066,2023-06-16 12:01:26,Estimated,,,229.4,2.37,0.725,11.499,0.5646,0,0,Good,2023-06-16 12:04:26,Invalid or missing units consumed
RD00027330,MTR001366,CUST001366,2022-06-10 14:19:58,automatic,,223813.88,223.6,1.69,0.816,7.216,0.2468,0,0,Suspect,2022-06-10 14:49:58,Invalid or missing units consumed
RD00047270,MTR004796,CUST004796,2024-06-11 08:02:41,manual,,318760.53,225.8,44.83,0.867,1.177,0.1388,0,1,Good,2024-06-11 08:13:41,Invalid or missing units consumed
RD00003227,MTR004989,CUST004989,,Automatic,,455010.54,232.3,26.23,0.893,56.572,6.0485,0,0,Good,2024-07-30 10:51:35,Invalid or missing units consumed
RD00024330,MTR000456,CUST000456,2023-02-23 11:09:19,0,,167784.76,237.9,3.07,0.801,,5.9199,0,0,Good,2023-02-23 11:11:19,Invalid or missing units consumed
RD00037953,MTR002072,CUST002072,2024-07-20 11:37:20,Automatic,,362232.0,220.0,23.68,0.713,569.163,26.9101,0,0,Good,2024-07-20 11:57:20,Invalid or missing units consumed
RD00028887,MTR004189,CUST004189,2024-12-13 12:12:15,Automatic,,60338.57,235.4,38.57,0.886,1.585,0.0544,0,0,-,,Invalid or missing units consumed
RD00001689,MTR001996,CUST001996,2024-08-25 03:12:26,Automatic,,11849.88,,8.4,0.818,1.077,0.0276,0,0,Good,,Invalid or missing units consumed
RD00003280,MTR002208,CUST002208,2024-03-24 01:47:07,Automatic,,365643.78,227.8,43.1,0.869,1.015,0.02,0,0,Good,2024-03-24 01:55:07,Invalid or missing units consumed
RD00046315,MTR002012,CUST002012,2022-09-21 04:14:27,Automatic,,118485.45,234.0,47.02,0.823,1.422,0.0994,0,0,Estimated,2022-09-21 04:44:27,Invalid or missing units consumed
RD00045101,MTR001285,CUST001285,2022-12-31 16:07:46,Estimated,,316.20492,225.0,21.14,0.934,0.864,0.0395,0,0,Estimated,,Invalid or missing units consumed
RD00041763,MTR002088,0,2023-02-11 09:11:59,Automatic,,154056.29,211.4,49.74,0.976,599.685,58.6846,0,0,Good,2023-02-11 09:35:59,Invalid or missing units consumed
RD00035616,MTR001973,CUST001973,2022-08-05 04:19:17,Automatic,,131427.91,215.4,7.07,0.966,0.0,0.8526,0,0,Good,2022-08-05 04:35:17,Invalid or missing units consumed
RD00002191,MTR002718,,2023-09-22 08:45:28,,,364007.24,225.3,33.99,0.983,120.721,7.7113,0,0,Good,2023-09-22 09:00:28,Invalid or missing units consumed
RD00010356,MTR002897,CUST002897,2023-04-18 18:52:01,Automatic,,461831.57,225.8,49.8,0.898,108.452,5.5155,0,0,Good,,Invalid or missing units consumed
RD00016331,MTR001633,CUST001633,2023-03-14 03:51:05,Automatic,,349986.27,234.9,46.93,,1.573,0.1174,0,0,Good,2023-03-14 04:13:05,Invalid or missing units consumed
RD00011224,MTR001932,CUST001932,2023-03-30 13:36:53,Automatic,,254550.66,230.0,13.31,,3.705,0.0977,0,0,Good,2023-03-30 14:02:53,Invalid or missing units consumed
RD00049147,MTR001921,CUST001921,2022-01-23 03:39:24,UNKNOWN,,298492.19,219.7,,0.992,3.769,0.0,0,0,UNKNOWN,2022-01-23 03:47:48,Invalid or missing units consumed
RD00017842,MTR002602,CUST002602,,Automatic,,308550.27,236.1,40.87,0.706,86.057,1.5655,0,0,Good,2023-03-22 16:15:01,Invalid or missing units consumed
RD00039922,MTR000009,CUST000009,2022-05-28 21:17:39,Manual,,213163.38,,36.34,0.899,13.353,,0,0,Good,,Invalid or missing units consumed
RD00011993,MTR004344,CUST004344,2024-11-14 14:15:02,Automatic,,232105.86,UNKNOWN,16.47,0.883,602.622,40.4124,0,0,Estimated,2024-11-14 14:39:02,Invalid or missing units consumed
RD00025707,MTR004147,CUST004147,2023-09-27 14:39:28,Automatic,,291928.52,UNKNOWN,0.0,0.725,7.063,0.7465,0,0,Good,,Invalid or missing units consumed
RD00020118,MTR000792,CUST000792,2023-03-02 04:29:52,Estimated,,169656.98,226.2,43.69,0.737,0.545,0.0391,0,,Invalid,2023-03-02 04:31:52,Invalid or missing units consumed
RD00028490,MTR001418,CUST001418,,AUTOMATIC,,,231.1,,0.985,24.371,1.7444,0,0,Suspect,2023-10-30 07:26:02,Invalid or missing units consumed
RD00005823,MTR002548,CUST002548,2022-09-29 16:16:56,AUTOMATIC,,288613.68,237.3,49.16,,6.071,0.3292,0,0,Good,2022-09-29 16:27:56,Invalid or missing units consumed
RD00009858,MTR004464,CUST004464,2022-05-20 11:26:44,Automatic,,245383.63,226.5,19.14,,32.384,2.2379,0,0,Estimated,,Invalid or missing units consumed
RD00009763,MTR000151,CUST000151,2024-07-01 04:37:30,Manual,,334570.53,227.0,6.6,0.948,18.441,,0,0,Good,2024-07-01 05:02:30,Invalid or missing units consumed
RD00032002,MTR002309,CUST002309,2024-12-05 17:19:57,Estimated,,132978.98,248.0,17.53,0.921,6.229,0.2291,0,0,Good,2024-12-05 17:26:57,Invalid or missing units consumed
RD00032449,MTR004683,CUST004683,2023-01-17 09:04:40,Automatic,,478719.45,254.7,28.23,0.846,11.262,0.5114,0,0,Good,,Invalid or missing units consumed
RD00032846,MTR002619,CUST002619,2022-08-16 22:10:45,Estimated,,221903.9,209.8,0.0,0.847,,0.3162,0,0,Good,2022-08-16 22:32:45,Invalid or missing units consumed
RD00047761,MTR002745,CUST002745,,Automatic,,250897.2,240.2,45.26,0.701,9.264,0.2773,0,0,,2022-07-26 07:25:16,Invalid or missing units consumed
RD00014586,MTR003546,CUST003546,2022-06-22 21:30:41,Automatic,,306313.97,241.2,10.89,0.832,65.351,4.1967,0,0,Good,2022-06-22 21:45:41,Invalid or missing units consumed
RD00022815,MTR003405,CUST003405,2022-11-21 02:14:01,Automatic,,204027.78,259.0,15.42,0.915,,0.2533,0,1,GOOD,2022-11-21 02:23:01,Invalid or missing units consumed
RD00032636,MTR004039,CUST004039,2024-03-12 20:48:07,Estimated,,200951.0,213.1,5.73,,4.26,0.2393,0,0,Good,2024-03-12 20:50:07,Invalid or missing units consumed
RD00043344,MTR003218,CUST003218,2022-10-26 06:37:15,Automatic,,359463.45,223.7,,0.89,4.364,0.1823,0,0,Estimated,,Invalid or missing units consumed
RD00039363,MTR003476,CUST003476,2024-11-07 05:32:18,Automatic,,253930.12,220.9,37.51,0.975,0.339,0.0085,0,0,Good,,Invalid or missing units consumed
RD00008542,MTR004474,CUST004474,2022-04-03 23:32:24,-,,98666.29,,10.6,0.723,12.319,0.3964,1,0,Good,2022-04-03 23:58:24,Invalid or missing units consumed
RD00001196,MTR001148,CUST001148,2023-08-09 07:15:17,Automatic,,191553.96,223.5,40.07,0.847,27.538,0.9809,0,0,Good,,Invalid or missing units consumed
RD00024703,MTR003613,CUST003613,2024-02-10 12:33:33,Manual,,426348.52,225.1,,0.913,,0.1514,0,,,,Invalid or missing units consumed
RD00039125,MTR004553,CUST004553,2024-02-29 07:35:11,Automatic,,207978.48,0,8.12,0.839,2.937,0.1447,0,0,Suspect,,Invalid or missing units consumed
RD00023828,MTR003771,CUST003771,2022-05-13 09:43:55,Revised,,,237.7,24.24,0.914,4.783,0.3744,0,0,Good,2022-05-13 09:48:55,Invalid or missing units consumed
RD00022740,MTR003483,CUST003483,2022-09-09 09:40:35,Automatic,,76540.95,,36.22,0.859,,0.1064,0,0,Estimated,2022-09-09 09:46:35,Invalid or missing units consumed
RD00000225,MTR002628,CUST002628,2023-02-09 12:44:04,Automatic,,,218.4,39.82,0.861,3.27,0.2479,0,0,Good,2023-02-09 12:47:04,Invalid or missing units consumed
RD00020070,MTR003299,CUST003299,2024-08-13 19:40:35,Automatic,,152256.96,220.2,46.17,0.742,13.001,1.0182,0,0,Good,2024-08-13 19:47:35,Invalid or missing units consumed
RD00029936,MTR002179,CUST002179,2022-02-21 09:18:31,Automatic,,16491.35,209.9,5.12,0.929,4.033,0.1655,0,0,Good,,Invalid or missing units consumed
RD00028582,MTR001043,CUST001043,2023-01-13 05:52:51,Automatic,,65133.35,236.5,34.19,0.864,8.093,0.5511,0,0,Good,,Invalid or missing units consumed
RD00042599,MTR000893,CUST000893,2024-11-08 02:58:43,Manual,,370977.16,235.6,4.05,0.715,790.821,44.9854,0,0,Good,2024-11-08 03:09:43,Invalid or missing units consumed
RD00020968,MTR000769,CUST000769,2023-04-25 02:25:54,automatic,,299435.93,229.7,41.23,0.878,5.246,,,0,Good,2023-04-25 02:37:53,Invalid or missing units consumed
RD00024479,MTR001277,CUST001277,2024-01-26 09:04:56,Automatic,,338653.18,237.7,45.03,0.852,19.294,0.5162,0,0,Good,2024-01-26 09:12:56,Invalid or missing units consumed
RD00031706,MTR000813,CUST000813,2024-06-16 23:32:48,Manual,,256932.35,212.4,34.6,0.739,11.391,0.8536,0,0,Good,2024-06-16 23:55:48,Invalid or missing units consumed
RD00000257,MTR000138,CUST000138,2023-07-28 12:47:48,Automatic,,113157.41,239.7,22.14,0.847,9.379,0.6785,0,0,-,2023-07-28 12:51:48,Invalid or missing units consumed
RD00016333,MTR003141,CUST003141,2022-03-02 13:49:20,Estimated,,315713.89,223.7,6.69,0.967,3.514,0.2606,0,0,Good,2022-03-02 13:53:20,Invalid or missing units consumed
RD00024987,MTR003429,CUST003429,2024-12-30 13:18:34,AUTOMATIC,,,233.7,36.35,0.827,10.54,0.2894,0,0,Good,2024-12-30 13:41:34,Invalid or missing units consumed
RD00001038,MTR003956,CUST003956,2023-11-10 04:56:26,Automatic,,451591.21,230.1,11.34,0.745,,0.0607,0,0,Suspect,2023-11-10 05:13:26,Invalid or missing units consumed
RD00011814,MTR003509,CUST003509,2023-08-06 21:21:07,Automatic,,,216.1,42.04,0.994,162.743,,0,1,Estimated,2023-08-06 21:32:07,Invalid or missing units consumed
RD00048656,MTR001580,CUST001580,2024-12-01 14:38:17,,,438553.49,223.4,21.58,0.91,13.892,,0,0,Good,2024-12-01 14:43:17,Invalid or missing units consumed
RD00013973,MTR000877,CUST000877,2023-08-06 13:25:48,,,445115.38,215.1,1.46,0.789,53.038,6.0965,0,0,Good,2023-08-06 13:36:48,Invalid or missing units consumed
RD00030935,MTR004557,CUST004557,2024-09-11 06:35:09,Estimated,,52453.61,216.1,35.86,0.78,,4.6746,0,0,Good,2024-09-11 06:57:09,Invalid or missing units consumed
RD00018618,MTR000941,CUST000941,2024-05-01 13:07:15,Automatic,,263245.39,224.1,19.19,0.894,,,0,0,Good,2024-05-01 13:30:15,Invalid or missing units consumed
RD00021414,MTR000481,CUST000481,2024-09-27 23:58:50,-,,37406.94,225.4,22.81,0.89,2.072,0.1268,0,0,Estimated,2024-09-28 00:20:50,Invalid or missing units consumed
RD00015999,MTR001885,CUST001885,2022-08-29 05:44:39,Estimated,,220812.25,214.1,48.52,0.93,0.749,0.0251,0,0,Good,2022-08-29 06:00:39,Invalid or missing units consumed
RD00028695,MTR000495,CUST000495,2022-06-14 04:28:32,Automatic,,,227.6,22.24,0.739,4.915,0.3952,0,0,Good,,Invalid or missing units consumed
RD00032250,MTR003882,CUST003882,2023-06-23 23:50:46,Estimated,,227629.57,230.7,45.97,0.945,26.045,1.7811,0,0,Good,2023-06-24 00:01:46,Invalid or missing units consumed
RD00020212,,CUST004940,2024-11-04 21:07:55,-,,103358.54,213.5,43.07,0.819,0.0,0.2098,0,0,,2024-11-04 21:30:55,Invalid or missing units consumed
RD00030266,MTR000863,CUST000863,2023-12-05 04:44:35,REVISED,,77657.65,245.4,22.44,0.932,67.427,3.7563,0,0,Good,2023-12-05 04:59:35,Invalid or missing units consumed
RD00043702,MTR003303,CUST003303,2022-03-21 14:37:53,AUTOMATIC,,346341.45,,35.78,0.903,7.122,0.0,0,1,Good,2022-03-21 14:56:53,Invalid or missing units consumed
RD00011645,MTR002155,CUST002155,2022-03-19 07:58:10,Automatic,,256481.72,227.4,45.35,0.975,5.527,0.4616,0,0,Good,2022-03-19 08:19:10,Invalid or missing units consumed
RD00030300,MTR001986,CUST001986,2022-06-22 19:31:33,,,448664.02,228.8,47.82,0.728,,,0,0,Good,2022-06-22 19:53:33,Invalid or missing units consumed
RD00041317,MTR003608,,2022-01-24 16:36:40,Automatic,,169022.28,223.3,27.38,0.758,2.433,0.1638,0,0,Estimated,2022-01-24 17:06:40,Invalid or missing units consumed
RD00007063,MTR000913,CUST000913,2023-12-26 04:52:07,Automatic,,399410.84,253.5,14.87,0.841,,1.572,0,0,0,,Invalid or missing units consumed
RD00048348,MTR002877,CUST002877,2024-10-27 11:45:59,Automatic,,450366.62,227.9,12.78,0.797,618.248,19.6794,1,0,Good,2024-10-27 12:06:59,Invalid or missing units consumed
RD00026533,MTR001444,CUST001444,2023-02-24 23:10:50,Automatic,,430657.54,222.6,31.3,0.945,5.393,0.2349,0,0,Good,2023-02-24 23:33:50,Invalid or missing units consumed
RD00031983,MTR002326,CUST002326,2022-09-15 10:45:57,Automatic,,147683.83,239.9,47.19,0.729,2.531,0.1441,0,0,Good,2022-09-15 10:53:57,Invalid or missing units consumed
RD00006260,MTR000581,,2022-09-24 07:04:51,Automatic,,102681.3,222.3,22.41,0.904,19.219,1.5222,0,,,2022-09-24 07:30:51,Invalid or missing units consumed
RD00037239,MTR004448,CUST004448,,Estimated,,210939.32,228.1,29.01,0.834,81.695,5.4358,0,0,Good,2023-07-08 11:28:32,Invalid or missing units consumed
RD00021007,MTR004069,CUST004069,2023-04-16 01:49:24,Automatic,,193375.23,-,46.14,0.977,4.744,0.4279,0,0,Good,2023-04-16 02:12:24,Invalid or missing units consumed
RD00018991,MTR003194,CUST003194,2024-12-15 01:58:55,Automatic,,104782.69,237.1,11.87,0.741,0.813,0.0659,0,0,Good,,Invalid or missing units consumed
RD00025171,MTR002077,CUST002077,2022-10-20 12:17:39,Automatic,,,231.9,11.8,0.885,27.532,1.7998,0,0,Good,2022-10-20 12:43:39,Invalid or missing units consumed
RD00043670,,CUST004560,2022-02-19 16:51:30,Automatic,,25345.57,240.2,9.68,0.0,27.8,0.8968,0,0,Suspect,2022-02-19 17:09:30,Invalid or missing units consumed
RD00004778,MTR001730,CUST001730,2024-10-13 23:48:01,Automatic,,387393.39,219.9,38.15,0.851,12.298,0.6644,0,0,Good,2024-10-13 23:53:01,Invalid or missing units consumed
RD00024422,MTR000280,CUST000280,2022-11-12 12:16:38,Automatic,,462415.81,218.5,24.85,0.899,46.444,2.741,0,0,Good,,Invalid or missing units consumed
RD00024491,MTR003720,CUST003720,2024-04-19 20:44:59,Automatic,,468295.64,0,27.66,0.822,5.335,0.4945,0,0,Invalid,,Invalid or missing units consumed
RD00002124,MTR002018,CUST002018,2022-12-23 06:01:09,Automatic,,310458.74,226.3,48.94,0.727,14.803,0.347,0,0,Good,2022-12-23 06:02:09,Invalid or missing units consumed
RD00022710,MTR001377,CUST001377,2023-10-13 11:51:04,Manual,,486631.71,224.9,44.18,0.774,1.383,0.0953,0,0,Good,,Invalid or missing units consumed
RD00005318,MTR003046,-,2023-02-28 12:35:55,Automatic,,281271.23,240.5,26.73,0.797,1.41,0.1359,0,0,,2023-02-28 12:42:55,Invalid or missing units consumed
RD00040464,MTR000201,CUST000201,,Automatic,,293890.03,213.0,2.31,0.963,6.98,0.3574,-,0,Good,2023-01-29 11:15:46,Invalid or missing units consumed
RD00028342,MTR001539,CUST001539,2024-08-16 05:46:55,Automatic,,331391.63,235.3,48.61,0.896,2.605,0.0965,0,0,Good,2024-08-16 05:54:55,Invalid or missing units consumed
RD00038798,MTR002621,CUST002621,2024-07-20 12:33:31,AUTOMATIC,,497993.46,232.0,23.83,0.814,7.341,0.5625,0,0,Good,2024-07-20 12:52:31,Invalid or missing units consumed
RD00042716,MTR003536,CUST003536,2024-06-10 12:32:13,Automatic,,,223.3,11.34,0.779,,0.4727,0,0,Invalid,,Invalid or missing units consumed
RD00014641,MTR002294,CUST002294,2024-10-17 07:07:29,Automatic,,102272.17,249.8,0.17,0.881,8.06,0.6464,0,0,Good,2024-10-17 07:29:29,Invalid or missing units consumed
RD00015200,MTR000095,CUST000095,2023-06-21 22:21:11,Automatic,,494911.94,230.4,26.21,0.821,197.168,9.8905,0,0,Good,2023-06-21 22:44:11,Invalid or missing units consumed
RD00042710,MTR001611,CUST001611,2024-03-06 21:26:08,Automatic,,481388.55,237.5,46.64,0.85,11.54,0.7223,1,0,Good,2024-03-06 21:52:08,Invalid or missing units consumed
RD00016020,MTR002212,CUST002212,2024-12-06 06:22:24,Automatic,,135110.1,239.5,24.96,0.898,30.972,1.5399,0,0,Invalid,2024-12-06 06:24:24,Invalid or missing units consumed
RD00035516,MTR004479,CUST004479,2023-08-04 13:41:39,Estimated,,469504.98,236.1,9.3,0.842,4.132,0.1706,0,0,Good,2023-08-04 14:11:39,Invalid or missing units consumed
RD00048866,MTR003811,CUST003811,2024-07-06 17:32:10,Automatic,,65564.75,-,19.51,0.886,5.865,0.4543,0,0,Good,2024-07-06 17:35:10,Invalid or missing units consumed
RD00049345,MTR000650,CUST000650,2022-08-04 23:07:04,Estimated,,342562.43,234.9,9.97,0.854,5.187,0.3975,0,0,Good,2022-08-04 23:23:04,Invalid or missing units consumed
RD00015811,MTR003957,CUST003957,2022-06-29 08:59:04,Automatic,,92362.05,227.7,43.13,0.8,5.325,0.235,0,0,Estimated,2022-06-29 09:22:04,Invalid or missing units consumed
RD00046885,MTR004856,CUST004856,,Automatic,,403283.6,229.6,30.54,0.0,16.781,1.0151,0,1,Good,2022-04-03 15:39:03,Invalid or missing units consumed
RD00036368,MTR003888,CUST003888,,Automatic,,18620.43,230.0,21.37,0.873,,4.9085,0,0,Estimated,,Invalid or missing units consumed
RD00046645,MTR002794,CUST002794,2023-12-28 10:09:55,Automatic,,350724.88,233.1,37.41,0.874,4.221,0.4597,1,0,Good,2023-12-28 10:33:55,Invalid or missing units consumed
RD00046525,MTR000124,CUST000124,2024-12-19 03:45:25,Manual,,43207.29,245.9,25.4,0.907,,27.4117,0,0,Good,2024-12-19 04:00:25,Invalid or missing units consumed
RD00037377,MTR003009,CUST003009,2024-08-13 17:25:12,Automatic,,268475.32,240.7,5.8,0.719,3.632,0.4268,0,0,Good,2024-08-13 17:31:12,Invalid or missing units consumed
RD00035571,MTR000357,CUST000357,2022-12-18 12:12:32,Manual,,425715.63,236.2,,0.851,368.585,43.0581,0,0,Good,2022-12-18 12:31:32,Invalid or missing units consumed
RD00043873,MTR002485,CUST002485,2022-05-05 10:22:16,Automatic,,79244.64,235.5,33.33,0.893,120.064,4.6313,0,0,Good,2022-05-05 10:46:16,Invalid or missing units consumed
RD00047673,MTR004172,CUST004172,2024-12-15 12:41:07,Automatic,,431922.24,206.3,16.49,0.726,14.267,0.4085,0,0,Good,2024-12-15 13:11:07,Invalid or missing units consumed
RD00023268,MTR000783,CUST000783,2023-04-01 19:30:46,Automatic,,119504.28,-,4.1,0.864,90.041,6.7141,0,1,Good,2023-04-01 19:34:46,Invalid or missing units consumed
RD00045465,MTR002861,CUST002861,2023-07-06 17:24:36,Automatic,,159134.71,239.7,3.07,0.966,683.129,19.1257,0,0,Estimated,2023-07-06 17:54:36,Invalid or missing units consumed
RD00031640,MTR001232,CUST001232,,Automatic,,40753.13,,38.85,,2.83,0.2196,0,0,Good,,Invalid or missing units consumed
RD00044326,MTR000509,CUST000509,2023-11-13 14:00:49,Automatic,,78299.15,240.3,32.62,0.786,4.177,0.3757,0,0,Good,2023-11-13 14:11:49,Invalid or missing units consumed
RD00008955,MTR002248,CUST002248,,Automatic,,152966.19,236.9,6.85,0.78,4.113,0.2085,0,0,Estimated,2023-01-15 12:44:14,Invalid or missing units consumed
RD00013295,MTR002357,CUST002357,2023-10-02 06:08:42,Manual,,263977.5,227.7,19.77,0.866,1.689,0.1547,0,0,Estimated,2023-10-02 06:25:42,Invalid or missing units consumed
RD00031977,MTR004984,CUST004984,2023-10-13 06:09:17,Manual,,137484.84,224.9,9.62,0.974,,0.3608,0,0,Good,2023-10-13 06:15:17,Invalid or missing units consumed
RD00002341,MTR002499,CUST002499,2022-08-02 15:20:43,Manual,,232166.61,231.2,28.55,0.96,332.948,11.4369,0,0,Good,2022-08-02 15:47:43,Invalid or missing units consumed
RD00018564,MTR004497,CUST004497,2024-07-09 22:40:05,Manual,,114165.18,243.6,15.7,0.952,1.07,0.0494,0,0,GOOD,2024-07-09 22:57:05,Invalid or missing units consumed
RD00031477,MTR004919,CUST004919,2023-04-28 00:16:59,Automatic,,,230.2,,0.781,0.645,0.0426,0,0,Estimated,,Invalid or missing units consumed
RD00045951,MTR004340,CUST004340,2024-10-25 00:39:29,Revised,,74896.0,238.4,1.52,0.854,50.157,1.4156,0,0,Suspect,,Invalid or missing units consumed
RD00021069,MTR001587,CUST001587,2024-09-27 15:21:26,Automatic,,372006.26,223.6,45.29,0.856,125.781,5.7511,0,0,Good,2024-09-27 15:25:26,Invalid or missing units consumed
RD00025180,MTR004153,CUST004153,2022-08-05 21:08:49,Automatic,,53692.13,247.3,41.49,0.864,66.163,2.5493,0,0,Estimated,2022-08-05 21:36:49,Invalid or missing units consumed
RD00049605,MTR000265,CUST000265,,Automatic,,499385.79,242.9,27.58,0.841,140.784,7.6751,1,0,UNKNOWN,2024-12-25 22:48:31,Invalid or missing units consumed
RD00030970,MTR003547,CUST003547,2024-07-19 22:35:00,Automatic,,248762.88,236.1,20.63,0.779,,0.3312,0,0,Good,2024-07-19 23:05:00,Invalid or missing units consumed
RD00013780,MTR004020,CUST004020,2022-08-11 03:08:45,Automatic,,429911.3,239.5,16.41,0.813,,0.1976,0,0,GOOD,2022-08-11 03:16:47,Invalid or missing units consumed
RD00032812,MTR001178,CUST001178,2023-10-26 06:00:46,Automatic,,168811.97,197.3,33.17,0.868,24.74,0.7964,0,0,-,,Invalid or missing units consumed
RD00025505,MTR000909,CUST000909,2024-09-19 06:36:04,Manual,,227802.77,236.3,38.68,0.709,431.158,,0,0,Good,,Invalid or missing units consumed
RD00027793,MTR003303,CUST003303,2022-08-30 19:21:04,Automatic,,313679.86,237.3,2.9,0.822,6.21,0.3585,0,0,Good,2022-08-30 19:41:04,Invalid or missing units consumed
RD00015261,MTR000596,CUST000596,2023-10-01 14:57:21,Automatic,,78504.79,226.1,31.51,0.876,65.489,1.5069,0,0,Good,2023-10-01 15:20:21,Invalid or missing units consumed
RD00032440,MTR004041,CUST004041,2022-08-10 08:35:02,Automatic,,490085.37,219.0,11.21,0.982,1073.871,67.5069,0,0,Estimated,2022-08-10 08:53:42,Invalid or missing units consumed
RD00047052,MTR000899,CUST000899,2023-07-11 01:31:02,Automatic,,296415.73,226.7,9.91,0.754,2.178,0.1465,0,0,Good,2023-07-11 01:33:02,Invalid or missing units consumed
RD00047383,MTR002445,CUST002445,,Automatic,,292474.89,237.7,39.15,0.953,1133.77,29.7957,0,0,Good,2022-08-14 12:02:10,Invalid or missing units consumed
RD00025966,MTR001299,CUST001299,,Automatic,,352088.4,243.0,25.12,0.821,14.831,0.9757,0,0,Good,2024-07-12 01:15:43,Invalid or missing units consumed
RD00037951,MTR004663,CUST004663,2024-09-17 21:00:30,Automatic,,142004.71,257.7,14.29,0.0,10.33,0.6555,0,1,Estimated,2024-09-17 21:13:30,Invalid or missing units consumed
RD00022977,MTR001228,CUST001228,2023-04-17 15:20:25,Automatic,,430095.57,231.4,25.64,0.888,13.462,0.973,0,0,Good,2023-04-17 15:25:25,Invalid or missing units consumed
RD00034676,MTR002160,CUST002160,2023-08-03 16:03:49,Revised,,89769.19,UNKNOWN,47.01,0.861,15.169,0.4965,0,0,Good,2023-08-03 16:21:49,Invalid or missing units consumed
RD00033851,MTR001247,CUST001247,2023-09-20 19:47:10,,,180808.93,,26.12,0.93,11.741,0.6444,0,0,invalid,2023-09-20 19:52:10,Invalid or missing units consumed
RD00029624,MTR000888,CUST000888,2023-03-13 14:30:15,Estimated,,193157.99,235.7,,0.806,50.566,,0,0,Estimated,2023-03-13 14:37:15,Invalid or missing units consumed
RD00049792,MTR004126,CUST004126,2022-09-05 07:51:27,Automatic,,479104.29,0,,0.795,18.216,0.5642,0,0,Good,2022-09-05 08:15:27,Invalid or missing units consumed
RD00005079,MTR000510,CUST000510,2023-04-09 03:11:47,automatic,,230329.85,230.4,43.36,0.957,4.303,0.202,0,0,Good,2023-04-09 03:26:47,Invalid or missing units consumed
RD00003712,MTR003342,CUST003342,2023-06-03 01:16:49,Automatic,,497730.8,227.3,20.93,0.941,15.857,0.8865,0,0,0,2023-06-03 01:17:49,Invalid or missing units consumed
RD00013771,MTR000471,CUST000471,,Manual,,62667.92,232.8,10.03,0.754,101.301,4.2645,0,0,Estimated,2022-07-27 14:41:10,Invalid or missing units consumed
RD00032456,,CUST004689,2024-03-31 01:27:20,Revised,,354552.37,219.7,39.69,0.89,4.775,0.3311,0,0,Invalid,2024-03-31 01:28:20,Invalid or missing units consumed
RD00009823,MTR002342,CUST002342,2024-05-08 03:40:24,Automatic,,11957.42,,14.88,0.984,4.252,0.5068,0,0,Good,2024-05-08 03:57:24,Invalid or missing units consumed
RD00029669,MTR002750,CUST002750,2022-09-06 20:10:42,Automatic,,347903.84,202.8,9.85,0.989,1247.15,51.4142,0,0,Estimated,2022-09-06 20:13:42,Invalid or missing units consumed
RD00021090,MTR002735,CUST002735,2022-08-26 14:41:33,Automatic,,,228.5,25.36,0.748,13.102,0.5066,0,0,Good,2022-08-26 14:47:33,Invalid or missing units consumed
RD00007855,MTR003982,CUST003982,,Automatic,,400080.01,225.5,,0.986,12.432,0.3325,0,0,Good,2023-09-08 19:42:54,Invalid or missing units consumed
RD00032233,MTR000754,CUST000754,2023-10-17 18:00:35,Automatic,,29875.34,227.7,35.95,0.843,5.971,0.3814,0,,Good,2023-10-17 18:18:35,Invalid or missing units consumed
RD00026422,MTR004917,CUST004917,2023-01-03 23:42:46,Automatic,,179887.9,238.6,47.0,0.832,4.301,,0,0,Good,2023-01-04 00:03:08,Invalid or missing units consumed
RD00003821,MTR004581,CUST004581,2022-10-01 01:35:13,Automatic,,64487.74,238.4,8.23,0.793,2.605,,0,0,Good,2022-10-01 01:54:13,Invalid or missing units consumed
RD00012527,MTR000887,CUST000887,2022-02-19 03:19:57,Automatic,,370158.58,224.4,20.63,0.936,,0.327,0,0,Good,2022-02-19 03:41:57,Invalid or missing units consumed
RD00014790,MTR000815,CUST000815,2024-01-15 14:48:03,Manual,,,213.7,,0.932,3.265,0.1827,0,0,Estimated,2024-01-15 14:52:03,Invalid or missing units consumed
RD00003609,MTR001372,CUST001372,2022-03-01 19:32:44,Automatic,,327526.67,194.3,2.19,0.857,,1.6809,0,0,Good,2022-03-01 19:35:44,Invalid or missing units consumed
RD00013108,MTR004940,CUST004940,2024-09-10 22:56:08,Automatic,,10467.83,240.7,,0.939,7.37,0.4896,0,0,Good,2024-09-10 23:15:08,Invalid or missing units consumed
RD00011544,MTR003420,CUST003420,2022-09-28 02:05:27,Manual,,25742.59,225.0,36.27,0.758,7.26,0.4205,0,0,Good,2022-09-28 02:10:27,Invalid or missing units consumed
RD00010272,MTR000909,CUST000909,,Automatic,,321941.7,226.2,29.51,0.808,873.799,63.0068,0,0,good,2023-04-03 06:00:54,Invalid or missing units consumed
RD00026401,MTR000359,CUST000359,2024-10-01 13:54:32,automatic,,86312.89,241.6,14.39,0.775,9.432,0.2027,0,0,Good,2024-10-01 14:09:32,Invalid or missing units consumed
RD00021509,MTR000993,CUST000993,2024-05-22 10:23:26,Revised,,354533.68,219.3,27.02,0.764,,8.6544,0,0,Estimated,2024-05-22 10:53:26,Invalid or missing units consumed
RD00004886,MTR002254,CUST002254,2024-12-10 22:07:59,Automatic,,450649.11,232.2,48.24,0.825,8.341,0.8856,0,0,Good,2024-12-10 22:31:59,Invalid or missing units consumed
RD00034658,MTR002314,CUST002314,,Automatic,,417388.84,227.5,5.87,,148.028,7.4302,0,0,Good,,Invalid or missing units consumed
RD00018871,MTR000943,CUST000943,2022-09-01 17:40:55,Automatic,,105365.38,215.6,41.77,0.743,2.086,0.0555,0,0,Estimated,2022-09-01 17:52:55,Invalid or missing units consumed
RD00016426,MTR000843,CUST000843,2024-02-16 01:35:35,Estimated,,386598.36,247.5,37.09,0.799,5.413,0.3558,0,0,Good,2024-02-16 01:49:35,Invalid or missing units consumed
RD00009398,MTR004518,CUST004518,,Automatic,,165081.37,217.2,3.48,0.789,28.418,,0,0,Good,2024-07-10 10:52:52,Invalid or missing units consumed
RD00049588,MTR000705,CUST000705,2022-11-10 15:46:27,Automatic,,376312.96,251.3,22.63,0.917,106.151,2.6727,0,0,Good,2022-11-10 16:09:27,Invalid or missing units consumed
RD00042028,MTR000098,CUST000098,2022-08-11 16:42:04,,,492077.6,214.6,48.18,0.801,12.206,1.2108,0,0,Good,2022-08-11 16:59:04,Invalid or missing units consumed
RD00045897,MTR002293,CUST002293,2024-11-21 19:56:03,,,281250.74,222.3,0.93,0.99,12.576,1.069,0,0,Good,2024-11-21 20:14:03,Invalid or missing units consumed
RD00000264,MTR099409,CUST000530,2023-04-23 01:49:24,Automatic,,332616.86,229.2,9.2,0.793,3.596,0.3032,0,0,Estimated,2023-04-23 01:58:24,Invalid or missing units consumed
RD00017268,MTR003720,CUST003720,,,,236107.6,244.0,8.51,0.764,7.366,0.7933,0,0,Good,2024-06-21 11:52:24,Invalid or missing units consumed
RD00009282,MTR002559,CUST002559,2022-12-14 05:06:15,Automatic,,453592.98,231.2,3.55,0.823,33.111,,0,0,Good,2022-12-14 05:30:15,Invalid or missing units consumed
RD00015108,MTR000461,CUST000461,2022-06-09 14:46:33,Automatic,,286102.91,217.3,8.8,,17.256,1.0967,0,0,Good,,Invalid or missing units consumed
RD00044104,MTR099220,CUST003727,2024-01-24 12:06:50,Automatic,,407754.61,231.9,40.38,0.801,7.654,0.462,0,0,Good,2024-01-24 12:24:50,Invalid or missing units consumed
RD00009065,MTR003598,CUST003598,2024-05-23 23:57:21,Automatic,,105404.32,230.2,4.48,0.813,1.153,0.0882,0,0,Good,2024-05-24 00:22:21,Invalid or missing units consumed
RD00010886,MTR000678,CUST000678,2023-05-10 09:53:36,Automatic,,206555.49,232.8,21.52,,0.935,0.1046,0,0,Good,2023-05-10 09:54:36,Invalid or missing units consumed
RD00038746,MTR004157,CUST004157,2023-05-12 17:48:59,Estimated,,66017.84,0,10.73,0.798,13.608,0.4585,0,0,Good,2023-05-12 18:12:59,Invalid or missing units consumed
RD00039705,MTR000791,CUST000791,2024-07-14 21:22:22,Automatic,,249254.85,227.8,45.69,0.854,11.002,0.9644,0,0,Estimated,2024-07-14 21:35:22,Invalid or missing units consumed
RD00040863,MTR000191,CUST000191,2024-08-13 17:42:04,AUTOMATIC,,55905.5,249.4,,0.877,11.505,0.7768,0,0,Estimated,2024-08-13 17:52:04,Invalid or missing units consumed
RD00012258,-,CUST003641,2022-05-02 02:34:55,Manual,,252789.82,208.3,38.14,0.887,38.525,2.1187,0,0,Good,2022-05-02 02:57:55,Invalid or missing units consumed
RD00031427,MTR000938,CUST000938,2023-02-10 07:46:24,Automatic,,290248.47,225.0,18.28,0.908,5.698,0.3212,0,0,Good,,Invalid or missing units consumed
RD00047947,MTR001168,CUST001168,,Automatic,,133251.82,251.1,9.63,0.989,7.133,0.3493,0,0,Good,2023-05-15 20:37:16,Invalid or missing units consumed
RD00021564,MTR000488,CUST000488,2023-11-17 16:45:19,Automatic,,305192.2,227.1,17.25,0.717,3.912,0.1405,0,0,Good,2023-11-17 16:51:19,Invalid or missing units consumed
RD00018795,MTR004671,CUST004671,2024-06-02 11:42:06,Automatic,,304059.85,-,6.25,0.803,7.265,0.1542,0,0,Good,2024-06-02 12:03:06,Invalid or missing units consumed
RD00010620,MTR002007,CUST002007,2024-04-26 21:13:59,Automatic,,199115.98,232.8,0.0,0.748,3.108,0.1753,0,1,Good,2024-04-26 21:19:59,Invalid or missing units consumed
RD00027743,MTR001058,CUST001058,2024-01-24 02:38:39,Automatic,,202405.55,218.8,,0.992,2.264,0.1029,0,0,Good,2024-01-24 02:47:39,Invalid or missing units consumed
RD00042653,MTR000538,CUST000538,2024-10-05 03:47:19,Automatic,,,,19.66,0.955,2.038,0.0645,0,0,ESTIMATED,2024-10-05 03:51:19,Invalid or missing units consumed
RD00011380,MTR001707,CUST001707,2023-11-27 09:16:27,Automatic,,227007.6,235.3,5.36,0.91,23.277,1.3313,0,0,Good,2023-11-27 09:34:27,Invalid or missing units consumed
RD00000977,MTR000505,CUST000505,2022-10-31 20:30:59,Automatic,,151054.6,217.9,34.5,0.858,6.174,0.4367,0,0,Good,2022-10-31 20:45:59,Invalid or missing units consumed
RD00002719,-,CUST001771,2024-11-23 14:02:32,Automatic,,463.04146,241.1,2.92,0.921,2.236,0.1328,0,0,Good,2024-11-23 14:04:32,Invalid or missing units consumed
RD00001424,MTR002396,CUST002396,2023-02-15 02:51:53,Automatic,,35418.48,236.8,49.18,0.835,68.381,1.9721,0,1,Good,2023-02-15 02:57:53,Invalid or missing units consumed
RD00044796,MTR001521,CUST001521,2024-10-28 20:33:10,Manual,,27966.4,222.2,27.68,0.739,4.945,0.342,0,0,Invalid,2024-10-28 20:40:10,Invalid or missing units consumed
RD00041584,MTR001900,CUST001900,2023-06-02 11:34:58,Automatic,,,220.2,44.43,0.99,66.839,,0,0,Good,,Invalid or missing units consumed
RD00006518,MTR004400,CUST004400,2022-04-27 05:32:09,Automatic,,344263.91,233.7,33.18,0.97,51.62,3.786,0,0,Estimated,2022-04-27 05:34:09,Invalid or missing units consumed
RD00029603,MTR000549,CUST000549,2023-07-01 12:20:36,Automatic,,401990.87,,44.68,0.936,5.042,0.1649,-,0,Good,2023-07-01 12:37:36,Invalid or missing units consumed
RD00049573,MTR002547,CUST002547,2022-08-21 08:33:53,Automatic,,38520.02,247.6,4.84,0.767,6.605,0.5749,0,0,Suspect,2022-08-21 09:00:53,Invalid or missing units consumed
RD00028111,MTR002149,CUST002149,2023-02-23 19:52:07,Automatic,,430054.01,231.9,12.97,,1227.499,44.6785,0,0,Invalid,2023-02-23 20:11:07,Invalid or missing units consumed
RD00047132,MTR000478,CUST000478,2024-06-04 02:36:38,Automatic,,73748.69,209.8,41.41,0.851,17.963,1.2806,0,0,Good,2024-06-04 02:54:38,Invalid or missing units consumed
RD00049526,MTR001372,CUST001372,2024-06-29 04:12:40,Automatic,,19787.28,242.5,9.46,0.761,38.129,3.1616,0,0,Good,2024-06-29 04:22:40,Invalid or missing units consumed
RD00020144,,CUST002464,,Automatic,,12032.52,232.6,48.42,0.989,96.048,6.4589,0,0,Good,2024-08-22 14:50:51,Invalid or missing units consumed
RD00022954,MTR002945,CUST002945,2022-01-29 05:17:24,Estimated,,408652.41,223.7,7.25,0.704,6.976,0.2122,0,0,Good,2022-01-29 05:41:24,Invalid or missing units consumed
RD00031353,MTR001472,CUST001472,2024-02-02 00:14:20,Automatic,,404526.45,234.9,19.82,0.771,54.705,,0,0,Good,2024-02-02 00:30:20,Invalid or missing units consumed
RD00003531,MTR002217,CUST002217,2024-02-12 04:12:06,Estimated,,116915.78,250.3,0.16,0.726,1.86,0.0935,0,0,Good,2024-02-12 04:35:06,Invalid or missing units consumed
RD00008006,MTR099696,CUST000346,2023-05-19 08:35:57,Manual,,471469.48,212.5,45.03,0.799,10.219,1.08,,0,Estimated,2023-05-19 08:45:57,Invalid or missing units consumed
RD00013740,MTR000648,CUST000648,2022-01-12 10:22:27,Automatic,,54637.45,226.5,45.53,0.706,5.684,,0,0,,2022-01-12 10:52:27,Invalid or missing units consumed
RD00009416,MTR004222,CUST004222,2024-07-14 23:54:16,Automatic,,239469.61,219.7,26.69,0.912,3.01,0.1594,0,1,Good,2024-07-15 00:24:16,Invalid or missing units consumed
RD00015824,MTR001770,CUST001770,2023-08-28 04:09:23,Manual,,452674.76,261.4,26.24,0.737,21.015,1.0534,0,0,Good,2023-08-28 04:36:23,Invalid or missing units consumed
RD00042604,MTR003839,CUST003839,2022-02-19 16:42:49,Automatic,,445142.76,233.1,25.7,0.87,8.225,0.3673,0,0,Good,2022-02-19 16:48:49,Invalid or missing units consumed
RD00012539,MTR004633,CUST004633,2024-10-02 18:07:17,Automatic,,155713.26,234.4,5.06,0.888,149.551,,0,0,Good,2024-10-02 18:26:17,Invalid or missing units consumed
RD00011694,MTR003915,CUST003915,2024-07-26 22:19:51,Automatic,,180051.89,228.5,,,16.598,0.8951,0,0,,2024-07-26 22:35:51,Invalid or missing units consumed
RD00049535,MTR000163,,2023-12-12 15:34:23,Automatic,,368195.98,229.2,12.13,,20.165,1.1691,,0,Good,2023-12-12 15:39:23,Invalid or missing units consumed
RD00014471,MTR004147,CUST004147,2023-10-17 14:44:23,Automatic,,280253.34,215.3,13.52,,6.635,0.4173,0,0,Good,2023-10-17 15:03:23,Invalid or missing units consumed
RD00008937,MTR001636,CUST001636,2023-03-28 05:03:05,Automatic,,200931.59,240.9,11.78,0.943,6.804,0.3622,0,0,Good,2023-03-28 05:28:05,Invalid or missing units consumed
RD00017209,MTR001983,CUST001983,2023-11-24 12:12:37,Estimated,,23394.12,241.8,18.6,0.956,9.601,0.0,0,0,Good,2023-11-24 12:18:37,Invalid or missing units consumed
RD00034821,MTR001594,CUST001594,2022-03-05 07:13:16,Automatic,,,229.9,18.47,0.92,2.43,0.1692,0,0,Good,2022-03-05 07:34:16,Invalid or missing units consumed
RD00001723,MTR001047,CUST001047,2023-06-16 13:19:41,Automatic,,375861.48,226.9,6.92,0.721,24.54,1.5413,0,0,Good,2023-06-16 13:42:41,Invalid or missing units consumed
RD00045635,MTR000364,CUST000364,2023-05-10 20:28:11,Automatic,,,231.5,14.62,0.988,5.937,0.2072,0,0,Good,2023-05-10 20:29:11,Invalid or missing units consumed
RD00008125,MTR000657,CUST000657,2023-01-07 04:31:27,Automatic,,22788210.0,,34.54,0.865,3.15,0.1904,0,0,Good,2023-01-07 04:47:27,Invalid or missing units consumed
RD00003270,MTR003878,CUST003878,2023-09-11 00:21:21,Automatic,,457952.84,233.5,48.28,0.989,3.644,0.1298,0,0,Good,,Invalid or missing units consumed
RD00044251,MTR003382,CUST003382,2024-03-11 14:45:13,estimated,,154155.09,233.5,,0.885,2.078,0.1718,0,UNKNOWN,Good,2024-03-11 15:04:13,Invalid or missing units consumed
RD00009469,MTR001385,CUST001385,,Automatic,,349615.25,225.6,16.35,0.905,319.045,,0,0,Good,2022-03-11 11:41:53,Invalid or missing units consumed
RD00003979,MTR002509,CUST002509,2022-05-06 10:42:13,Automatic,,33172.4,209.9,43.68,0.798,102.645,5.9223,0,,Good,,Invalid or missing units consumed
RD00013447,MTR003793,CUST003793,2023-01-03 17:01:55,Automatic,,470638.22,226.4,45.65,0.904,208.855,13.6928,0,0,good,2023-01-03 17:08:55,Invalid or missing units consumed
RD00025829,MTR099696,CUST000991,2022-04-30 03:00:40,Automatic,,207949.92,UNKNOWN,48.99,0.994,1.81,0.0805,0,0,good,2022-04-30 03:26:40,Invalid or missing units consumed
RD00024059,MTR004324,CUST004324,2022-05-28 13:40:30,Automatic,,228836.26,219.8,47.43,0.821,8.051,0.5686,0,0,Good,2022-05-28 14:08:30,Invalid or missing units consumed
RD00016507,MTR003868,CUST003868,2023-04-18 17:26:47,Manual,,75271.61,216.8,2.93,0.754,7.41,0.3807,0,0,Estimated,2023-04-18 17:47:47,Invalid or missing units consumed
RD00026356,MTR003266,CUST003266,2023-05-04 08:50:24,Estimated,,160093.28,242.5,41.03,0.88,,0.2936,0,0,Good,2023-05-04 09:12:24,Invalid or missing units consumed
RD00016612,MTR002605,CUST002605,2023-07-23 16:02:23,Automatic,,347486.53,209.7,28.46,0.875,8.438,0.5085,0,0,Good,2023-07-23 16:16:23,Invalid or missing units consumed
RD00025924,MTR002133,CUST002133,2022-03-14 09:51:09,Automatic,,44562.91,222.2,43.96,0.763,1.861,0.0869,0,0,Good,2022-03-14 10:11:09,Invalid or missing units consumed
RD00036735,MTR003343,CUST003343,2024-09-10 15:41:49,Automatic,,179883.19,238.0,23.65,0.853,494.949,34.5398,0,0,Good,2024-09-10 15:49:49,Invalid or missing units consumed
RD00024085,MTR004743,CUST004743,2023-01-21 00:15:33,Automatic,,308834.63,230.4,38.49,0.97,0.995,0.071,0,0,Good,2023-01-21 00:22:33,Invalid or missing units consumed
RD00000140,MTR000478,CUST000478,2023-02-19 11:16:49,Automatic,,422317.28,243.3,28.43,,18.056,0.0,0,0,Good,2023-02-19 11:37:49,Invalid or missing units consumed
RD00014960,MTR004312,CUST004312,,Automatic,,35661.97,243.5,0.0,0.705,9.127,0.8228,0,0,Good,2022-09-23 20:16:41,Invalid or missing units consumed
RD00044918,MTR004773,CUST004773,2023-09-15 20:27:53,Automatic,,78452.74,224.5,44.41,0.774,17.658,1.5035,0,0,GOOD,2023-09-15 20:55:53,Invalid or missing units consumed
RD00011507,MTR001917,CUST001917,2024-07-03 17:25:27,Automatic,,383280.64,233.6,26.32,0.777,35.988,0.9562,0,0,Good,2024-07-03 17:48:27,Invalid or missing units consumed
RD00005435,MTR001861,CUST001861,2022-11-11 06:09:23,Automatic,,176219.9,227.8,21.07,0.908,515.152,15.5413,0,0,Good,2022-11-11 06:12:23,Invalid or missing units consumed
RD00004363,MTR004175,CUST004175,2023-04-11 01:14:05,Estimated,,177717.95,233.7,26.89,0.719,0.552,0.0575,0,0,Good,2023-04-11 01:29:03,Invalid or missing units consumed
RD00042564,MTR000420,CUST000420,2022-11-05 05:48:15,Estimated,,497.75999,214.2,7.72,0.887,0.846,0.0258,0,0,Good,2022-11-05 06:17:15,Invalid or missing units consumed
RD00040665,MTR002213,,2022-09-14 04:18:48,Manual,,334500.98,,9.98,0.758,20.473,1.2576,0,0,Good,2022-09-14 04:20:48,Invalid or missing units consumed
RD00036834,MTR000608,CUST000608,,Manual,,358234.0,223.9,43.45,0.788,52.053,3.1683,0,0,Good,2022-07-08 16:38:55,Invalid or missing units consumed
RD00042089,MTR004546,CUST004546,2022-05-11 09:18:53,Automatic,,181003.96,224.7,31.96,0.89,116.409,8.9677,0,0,good,2022-05-11 09:23:53,Invalid or missing units consumed
RD00039517,MTR004130,CUST004130,,Automatic,,150829.22,229.6,0.0,0.751,1135.169,70.8904,0,0,Good,2024-02-03 05:54:15,Invalid or missing units consumed
RD00038640,MTR002290,CUST002290,2023-03-11 10:11:29,Automatic,,42408.55,225.9,15.2,0.818,4.681,0.371,0,0,Good,2023-03-11 10:35:29,Invalid or missing units consumed
RD00021595,MTR003190,CUST003190,2023-01-01 19:50:31,Manual,,209482.48,237.4,30.72,0.983,3.37,0.1611,0,0,Good,,Invalid or missing units consumed
RD00014259,MTR004401,CUST004401,2022-04-17 22:57:01,Automatic,,227355.78,231.0,6.21,0.801,8.882,0.6263,0,0,Good,2022-04-17 23:19:01,Invalid or missing units consumed
RD00046341,MTR000719,CUST000719,2024-03-10 19:56:07,Automatic,,13804.23,233.8,35.09,0.774,27.784,2.137,0,0,Estimated,2024-03-10 20:06:07,Invalid or missing units consumed
RD00034859,MTR002237,CUST002237,2022-12-21 03:58:14,Automatic,,438731.04,211.9,24.29,0.897,1.973,0.0515,0,0,Good,2022-12-21 04:06:14,Invalid or missing units consumed
RD00048300,MTR002687,CUST002687,2022-05-19 00:45:51,Automatic,,248913.83,232.5,48.16,0.956,9.338,0.6909,0,0,Good,2022-05-19 00:46:51,Invalid or missing units consumed
RD00011635,MTR002251,CUST002251,,Estimated,,174697.16,228.3,33.08,0.771,5.036,0.5561,0,0,Estimated,2022-02-02 09:11:01,Invalid or missing units consumed
RD00040230,MTR002864,CUST002864,2023-02-10 09:59:42,Automatic,,416797.69,241.1,36.62,,8.087,0.7605,0,0,Good,,Invalid or missing units consumed
RD00044628,MTR004339,CUST004339,2023-01-13 15:57:41,Automatic,,313226.53,225.3,49.1,0.827,35.374,2.9402,-,0,Good,2023-01-13 16:04:41,Invalid or missing units consumed
RD00028317,MTR004540,CUST004540,2022-06-11 08:37:11,Automatic,,,238.0,19.49,0.871,18.85,0.4253,0,0,,2022-06-11 09:07:11,Invalid or missing units consumed
RD00044000,-,CUST003717,2023-02-04 08:10:43,UNKNOWN,,202818.93,245.9,10.6,0.891,16.653,1.0447,0,0,Good,2023-02-04 08:37:43,Invalid or missing units consumed
RD00000715,MTR000659,CUST000659,2022-01-04 15:05:36,AUTOMATIC,,415445.39,228.7,34.0,0.713,0.65,0.0231,0,0,Good,,Invalid or missing units consumed
RD00005035,MTR004765,CUST004765,2022-06-01 02:22:37,Automatic,,104616.47,246.2,30.44,0.918,3.764,0.091,0,0,Good,2022-06-01 02:30:37,Invalid or missing units consumed
RD00042767,MTR001348,CUST001348,2023-04-12 16:39:18,Automatic,,425216.78,215.7,37.5,0.807,2.3,0.0405,,1,Good,2023-04-12 17:06:18,Invalid or missing units consumed
RD00030444,MTR002473,CUST002473,2022-12-10 23:36:43,Automatic,,396441.25,220.9,31.58,0.871,509.799,13.2071,0,0,Good,2022-12-10 23:44:43,Invalid or missing units consumed
RD00031126,MTR003975,CUST003975,2022-09-14 06:28:34,Automatic,,317142.72,240.0,17.56,0.96,5.808,0.5927,0,0,Good,,Invalid or missing units consumed
RD00026173,MTR004010,-,2022-10-30 14:48:35,Automatic,,397742.68,230.8,12.84,0.821,10.68,0.7103,0,0,Suspect,2022-10-30 14:56:35,Invalid or missing units consumed
RD00037642,MTR004087,CUST004087,2022-11-09 04:31:29,Automatic,,412134.12,233.2,21.95,0.904,4.15,0.3505,0,0,Good,,Invalid or missing units consumed
RD00002813,MTR001106,CUST001106,2022-02-15 08:30:46,Automatic,,283316.72,233.2,48.31,0.818,136.941,10.2029,UNKNOWN,0,Good,2022-02-15 08:33:46,Invalid or missing units consumed
RD00023697,MTR000856,CUST000856,2024-08-19 21:01:48,Manual,,,241.2,6.44,0.941,,0.2652,0,0,Good,2024-08-19 21:08:48,Invalid or missing units consumed
RD00036925,MTR000656,CUST000656,2022-07-30 06:41:49,Automatic,,35347.36,-,,0.703,693.231,44.5297,0,0,Estimated,2022-07-30 06:51:49,Invalid or missing units consumed
RD00015071,MTR001383,CUST001383,,Automatic,,403469.38,,40.59,0.892,101.592,5.497,,0,Good,2024-07-07 09:16:19,Invalid or missing units consumed
RD00015285,MTR003105,CUST003105,2023-11-28 22:11:59,Automatic,,31349.38,216.7,10.58,0.818,4.972,0.2021,0,1,Suspect,2023-11-28 22:21:59,Invalid or missing units consumed
RD00010465,MTR099853,CUST004015,2022-06-18 09:22:14,Automatic,,104671.47,232.9,16.04,0.868,11.215,0.7303,0,0,Good,,Invalid or missing units consumed
RD00030625,MTR001490,CUST001490,2023-08-14 17:20:21,Automatic,,48663.69,223.0,13.4,0.994,,0.1589,0,0,Good,2023-08-14 17:46:21,Invalid or missing units consumed
RD00038186,MTR000464,CUST000464,,Automatic,,380397.17,228.9,37.21,0.756,7.478,0.3779,0,0,Invalid,,Invalid or missing units consumed
RD00043439,MTR003329,CUST003329,,Automatic,,36928.41,232.4,3.42,0.822,49.872,3.139,0,1,Good,2022-10-02 11:06:37,Invalid or missing units consumed
RD00044251,MTR003382,CUST003382,2024-03-11 14:45:24,estimated,,154155.09,233.5,,0.885,2.078,0.1718,0,UNKNOWN,Good,2024-03-11 15:04:43,Invalid or missing units consumed
RD00037195,MTR000332,CUST000332,2024-07-11 21:39:55,Revised,,417485.18,226.9,9.47,0.929,94.669,6.349,0,0,Good,2024-07-11 21:40:55,Invalid or missing units consumed
RD00034418,MTR004268,CUST004268,2023-09-11 07:50:16,Automatic,,385537.11,241.3,22.76,0.754,13.209,,0,0,Good,2023-09-11 08:04:16,Invalid or missing units consumed
RD00014235,MTR003551,CUST003551,2022-09-27 16:26:19,Automatic,,353.592,239.3,6.9,0.974,386.021,25.4476,0,0,Good,2022-09-27 16:39:19,Invalid or missing units consumed
RD00043118,MTR000005,CUST000005,2023-10-10 00:27:57,Automatic,,,226.9,14.2,0.812,6.893,0.816,0,0,Good,,Invalid or missing units consumed
RD00002624,MTR003369,CUST003369,2022-03-19 03:14:01,Automatic,,48857.88,227.1,6.98,0.878,57.786,3.7945,0,0,good,2022-03-19 03:25:48,Invalid or missing units consumed
RD00046853,MTR001944,CUST001944,2022-04-05 01:33:05,Automatic,,106195.53,220.7,0.97,0.887,23.424,1.7031,0,0,Good,2022-04-05 01:56:05,Invalid or missing units consumed
RD00022557,MTR099518,CUST000270,2022-08-01 12:10:46,Manual,,301189.53,223.9,27.68,0.931,8.534,0.4874,0,0,Good,2022-08-01 12:38:46,Invalid or missing units consumed
RD00011785,MTR003617,CUST003617,2024-10-04 17:24:51,Automatic,,16918.13,236.7,15.45,0.921,1.274,0.1341,0,0,Good,2024-10-04 17:48:51,Invalid or missing units consumed
RD00036631,MTR003496,CUST003496,2024-08-04 14:38:36,Automatic,,453825.08,236.7,49.84,0.736,30.213,3.1615,0,,Suspect,2024-08-04 14:43:36,Invalid or missing units consumed
RD00029048,MTR000325,CUST000325,2024-10-06 17:12:52,Automatic,,197500.32,,10.35,0.944,,4.3656,0,0,Good,2024-10-06 17:20:52,Invalid or missing units consumed
RD00027140,MTR002769,CUST002769,2023-05-14 08:56:24,Automatic,,383095.49,230.8,34.25,,112.696,7.7558,0,0,GOOD,2023-05-14 09:01:24,Invalid or missing units consumed
RD00005872,MTR002138,CUST002138,2022-12-25 14:17:59,Automatic,,186303.04,232.0,26.64,0.838,47.159,1.8017,0,0,Good,2022-12-25 14:21:59,Invalid or missing units consumed
RD00040094,MTR000772,CUST000772,2022-10-19 10:26:36,Automatic,,364188.09,218.6,19.56,0.936,10.842,0.7314,,0,Estimated,2022-10-19 10:48:36,Invalid or missing units consumed
RD00032502,MTR001939,CUST001939,2023-11-01 04:32:51,Automatic,,430274.46,225.8,25.83,0.789,2.678,0.2447,0,0,Good,2023-11-01 04:50:51,Invalid or missing units consumed
RD00013144,MTR002768,CUST002768,2023-08-25 03:05:30,Manual,,150806.91,264.3,48.1,0.933,3.812,0.2548,0,0,Good,2023-08-25 03:34:30,Invalid or missing units consumed
RD00010734,MTR001029,CUST001029,2022-04-18 08:28:30,Automatic,,264757.9,215.7,30.84,0.761,22.846,,0,0,Estimated,2022-04-18 08:51:30,Invalid or missing units consumed
RD00020440,MTR004235,,2024-07-24 15:17:09,Automatic,,296132.62,221.3,48.36,0.942,13.151,0.7732,0,0,Good,2024-07-24 15:41:09,Invalid or missing units consumed
RD00010628,MTR004705,CUST004705,,Estimated,,181009.87,,35.78,0.901,16.019,0.8756,0,0,Good,2023-01-22 03:04:20,Invalid or missing units consumed
RD00025059,MTR002131,CUST002131,2023-08-10 13:34:29,AUTOMATIC,,139153.61,235.4,7.04,0.824,12.898,0.8277,0,0,Good,2023-08-10 13:56:29,Invalid or missing units consumed
RD00016972,MTR000499,CUST000499,2024-01-15 14:26:28,Estimated,,60804.62,206.4,18.43,0.859,9.31,0.9987,0,1,Good,2024-01-15 14:41:28,Invalid or missing units consumed
RD00016380,MTR003576,CUST003576,2024-09-13 03:26:42,Estimated,,379780.28,248.8,8.75,0.737,4.258,0.2136,0,0,-,2024-09-13 03:30:42,Invalid or missing units consumed
RD00029685,MTR002005,CUST002005,2023-03-28 02:00:38,Automatic,,93004.09,236.8,,0.778,0.0,0.3975,0,1,Good,,Invalid or missing units consumed
RD00030921,MTR000603,CUST000603,2024-10-10 15:56:12,Estimated,,160722.42,228.4,28.92,0.854,49.081,1.5019,0,0,Suspect,2024-10-10 16:16:12,Invalid or missing units consumed
RD00033213,MTR000237,CUST000237,2022-12-19 06:54:07,Automatic,,461876.0,217.0,17.7,0.766,0.779,0.0856,0,0,Estimated,2022-12-19 07:03:07,Invalid or missing units consumed
RD00000753,MTR002775,CUST002775,,Automatic,,,211.3,,0.953,41.478,2.6086,0,0,Good,2023-10-17 13:14:23,Invalid or missing units consumed
RD00007729,MTR002404,CUST002404,2023-07-31 08:10:53,automatic,,289566.34,241.0,26.96,0.814,10.129,0.449,0,0,Good,2023-07-31 08:18:53,Invalid or missing units consumed
RD00000611,MTR003909,CUST003909,,Automatic,,434289.0,238.2,9.98,,6.511,0.1374,0,0,Good,2022-07-02 22:14:19,Invalid or missing units consumed
RD00023571,MTR003433,CUST003433,2024-02-21 04:33:06,Automatic,,148484.84,222.8,,0.731,19.287,0.7047,0,0,Good,,Invalid or missing units consumed
RD00024450,MTR000939,CUST000939,,Automatic,,441438.5,235.9,44.05,0.914,40.664,3.3625,0,0,Good,2024-04-19 15:10:36,Invalid or missing units consumed
RD00031830,MTR002745,CUST002745,2023-02-28 14:23:28,Automatic,,474186.48,223.0,24.8,0.907,0.621,0.0289,0,0,Estimated,2023-02-28 14:53:28,Invalid or missing units consumed
RD00046800,,CUST002123,2022-08-08 02:53:59,Automatic,,301576.95,226.4,44.43,0.743,43.633,3.0333,0,0,Good,2022-08-08 02:58:59,Invalid or missing units consumed
RD00026927,MTR004108,CUST004108,,Manual,,186489.65,220.0,42.86,0.815,4.367,0.277,0,0,Good,2022-07-28 04:42:21,Invalid or missing units consumed
RD00021121,MTR002583,CUST002583,2024-05-22 09:12:38,Manual,,255504.38,,16.21,0.813,14.632,0.4193,0,0,Good,2024-05-22 09:15:38,Invalid or missing units consumed
RD00049685,MTR001373,CUST001373,2022-02-17 01:57:46,Revised,,435988.15,239.8,9.49,,500.009,25.1105,0,0,Good,2022-02-17 02:07:46,Invalid or missing units consumed
RD00044047,MTR002331,CUST002331,2023-11-21 10:54:24,Manual,,95118.69,207.8,38.62,0.944,3.299,0.1903,0,,Good,2023-11-21 11:15:24,Invalid or missing units consumed
RD00018059,MTR002141,CUST002141,2022-08-29 06:35:42,Automatic,,338067.54,248.6,21.51,0.912,0.0,23.0533,0,0,Good,2022-08-29 06:44:42,Invalid or missing units consumed
RD00041752,MTR004420,CUST004420,2023-10-28 04:50:23,Manual,,249765.38,239.8,22.07,0.701,,71.963,0,0,Good,2023-10-28 04:51:23,Invalid or missing units consumed
RD00002900,MTR004244,CUST004244,2024-11-08 06:57:34,Automatic,,141844.28,221.1,22.39,0.962,36.745,0.731,0,0,Good,2024-11-08 07:07:34,Invalid or missing units consumed
RD00026544,MTR004970,CUST004970,2022-09-16 10:10:26,Estimated,,26603.53,218.8,47.35,0.947,,0.3521,0,0,Estimated,2022-09-16 10:40:26,Invalid or missing units consumed
RD00000062,MTR004563,CUST004563,2022-12-06 12:02:00,Automatic,,18852.64,232.2,3.46,0.794,44.639,2.5172,0,0,Good,2022-12-06 12:09:00,Invalid or missing units consumed
RD00041340,MTR002648,CUST002648,2022-04-24 19:35:19,Automatic,,,249.8,37.81,0.708,15.111,0.9828,0,0,Good,2022-04-24 19:48:19,Invalid or missing units consumed
RD00045917,MTR000395,CUST000395,2022-09-19 08:46:13,Automatic,,180419.2,244.0,45.58,,26.379,1.1816,-,0,Good,2022-09-19 08:49:13,Invalid or missing units consumed
RD00047102,MTR000545,CUST000545,2022-01-08 16:14:11,Automatic,,336812.79,227.3,33.08,0.933,9.542,0.7081,0,0,Good,2022-01-08 16:37:11,Invalid or missing units consumed
RD00012021,MTR000450,CUST000450,2023-06-24 16:12:59,Manual,,327321.99,217.0,0.11,0.884,74.124,4.3749,0,0,Good,2023-06-24 16:26:59,Invalid or missing units consumed
RD00010408,MTR004629,CUST004629,2023-07-05 02:54:18,Automatic,,249855.31,228.2,0.0,0.86,907.186,29.6043,0,0,Good,2023-07-05 03:15:18,Invalid or missing units consumed
RD00010670,MTR002689,CUST002689,2024-06-14 14:28:34,Manual,,484387.12,225.8,8.77,0.821,7.501,0.1519,0,0,Good,2024-06-14 14:47:34,Invalid or missing units consumed
RD00047578,MTR004876,CUST004876,2023-02-10 00:14:38,Automatic,,229359.04,232.3,47.4,0.817,0.755,0.0172,0,0,Good,2023-02-10 00:27:38,Invalid or missing units consumed
RD00036969,MTR000037,CUST000037,2022-02-24 03:56:10,REVISED,,302484.38,,19.14,0.989,3.84,0.1307,0,0,Good,2022-02-24 04:25:10,Invalid or missing units consumed
RD00035023,MTR000840,CUST000840,2023-08-21 11:17:17,Automatic,,244593.4,240.8,0.44,0.93,3.317,0.1758,0,0,Invalid,2023-08-21 11:30:17,Invalid or missing units consumed
RD00015531,MTR001370,CUST001370,2022-01-05 12:58:45,Automatic,,271164.57,245.2,16.1,0.707,7.785,0.262,0,0,Good,2022-01-05 13:13:45,Invalid or missing units consumed
RD00000690,,CUST000757,2023-03-29 15:15:41,Automatic,,,221.1,7.5,0.801,5.235,0.2103,1,-,Good,2023-03-29 15:20:41,Invalid or missing units consumed
RD00021891,MTR000395,CUST000395,2022-03-24 00:00:28,Automatic,,154636.93,213.5,0.81,0.99,8.467,0.5436,0,0,Good,2022-03-24 00:29:28,Invalid or missing units consumed
RD00010626,MTR099875,CUST003611,2022-04-11 10:57:57,Automatic,,236671.54,231.5,29.77,0.712,5.945,0.288,0,0,Good,2022-04-11 11:10:57,Invalid or missing units consumed
RD00013313,MTR004448,CUST004448,2023-06-23 12:14:21,Automatic,,278848.07,235.8,13.54,0.731,,9.3085,,0,Good,,Invalid or missing units consumed
RD00029711,MTR002942,CUST002942,2023-02-20 16:30:34,Automatic,,410085.41,233.6,34.35,0.805,37.483,1.233,0,0,Invalid,2023-02-20 16:44:34,Invalid or missing units consumed
RD00049452,MTR000240,CUST000240,,Automatic,,260543.13,227.7,5.32,0.703,659.968,20.9614,0,0,Estimated,2024-04-10 00:08:12,Invalid or missing units consumed
RD00009741,MTR003954,CUST003954,2024-04-29 21:54:36,automatic,,324664.84,234.2,8.37,0.852,6.963,0.8331,0,UNKNOWN,Good,2024-04-29 22:14:36,Invalid or missing units consumed
RD00048735,MTR003899,CUST003899,2023-01-08 11:42:39,Automatic,,122209.14,229.7,24.57,0.824,7.975,0.9803,0,0,Good,2023-01-08 11:58:39,Invalid or missing units consumed
RD00002594,MTR000644,CUST000644,2022-07-13 07:01:09,Automatic,,,0,8.4,0.721,16.832,0.6945,0,0,Good,2022-07-13 07:16:09,Invalid or missing units consumed
RD00045816,MTR000051,CUST000051,2024-11-24 12:54:40,Manual,,289651.02,237.1,10.08,0.952,226.627,18.6931,0,0,Good,2024-11-24 12:55:40,Invalid or missing units consumed
RD00036686,MTR004129,CUST004129,2022-02-24 19:07:28,Manual,,239002.26,224.9,7.51,0.801,5.557,0.2463,0,0,Good,2022-02-24 19:18:28,Invalid or missing units consumed
RD00025425,MTR000717,CUST000717,2022-02-09 13:38:39,Automatic,,327283.36,224.7,40.91,0.836,6.099,0.6723,0,0,Good,2022-02-09 14:02:39,Invalid or missing units consumed
RD00048764,MTR003073,CUST003073,2022-07-09 11:35:26,Automatic,,255474.5,234.0,3.3,0.816,13.811,1.2359,0,0,Good,2022-07-09 11:45:26,Invalid or missing units consumed
RD00005686,MTR001699,CUST001699,2022-04-09 15:56:04,Automatic,,486926.32,233.8,12.92,0.774,1.189,0.097,0,0,Good,2022-04-09 16:04:04,Invalid or missing units consumed
RD00003569,MTR003108,CUST003108,2024-06-17 03:00:29,Manual,,394916.58,225.5,0.0,0.977,22.578,0.558,0,0,Invalid,2024-06-17 03:23:29,Invalid or missing units consumed
RD00016747,MTR001172,CUST001172,2024-04-12 07:41:35,UNKNOWN,,340061.66,228.3,11.88,0.921,5.989,0.3311,0,0,Good,2024-04-12 07:56:35,Invalid or missing units consumed
RD00043042,MTR001163,CUST001163,,,,98978.9,237.0,31.88,0.843,25.104,2.228,0,0,Suspect,2022-11-28 17:27:27,Invalid or missing units consumed
RD00045444,MTR001870,CUST001870,2024-02-22 04:48:44,Automatic,,349678.51,222.4,40.81,0.746,,0.2084,0,0,Good,2024-02-22 05:04:44,Invalid or missing units consumed
RD00010985,MTR002266,CUST002266,2024-06-13 06:07:18,Automatic,,136879.73,228.6,20.35,0.94,3.725,0.2665,0,0,Estimated,2024-06-13 06:18:18,Invalid or missing units consumed
RD00020650,MTR001747,CUST001747,2024-02-16 05:38:54,Automatic,,471304.44,228.1,26.65,0.787,33.928,3.4201,0,,Good,2024-02-16 05:56:54,Invalid or missing units consumed
RD00037039,MTR004887,CUST004887,2023-10-27 02:40:16,Automatic,,87169.49,237.1,20.36,0.857,2.115,,0,0,Estimated,2023-10-27 02:57:16,Invalid or missing units consumed
RD00027744,MTR004641,CUST004641,2022-04-26 10:01:51,Automatic,,296.98669,232.4,15.83,0.85,218.732,7.0758,1,0,Good,2022-04-26 10:27:51,Invalid or missing units consumed
RD00023921,MTR003852,CUST003852,2022-09-16 21:01:19,Estimated,,47318.12,228.7,31.51,0.799,10.195,0.7269,0,0,Good,2022-09-16 21:31:19,Invalid or missing units consumed
RD00047199,MTR004812,CUST004812,2022-09-14 08:23:52,Automatic,,436220.75,235.6,4.23,0.71,11.327,1.0374,1,0,Good,2022-09-14 08:45:52,Invalid or missing units consumed
RD00034351,MTR002976,CUST002976,2023-09-22 14:16:04,Estimated,,51811.47,241.7,28.11,0.821,2.331,0.0491,0,0,Good,2023-09-22 14:44:04,Invalid or missing units consumed
RD00032010,MTR002577,CUST002577,2023-09-29 16:30:45,Automatic,,466893.17,228.6,47.47,0.869,3.25,0.0801,0,0,Estimated,2023-09-29 16:40:45,Invalid or missing units consumed
RD00005790,MTR002075,CUST002075,2022-06-14 22:00:22,Estimated,,104646.59,232.3,22.06,0.734,15.644,0.9759,0,0,Good,2022-06-14 22:09:22,Invalid or missing units consumed
RD00009804,MTR004017,,2023-08-16 18:02:54,Automatic,,378338.55,229.7,19.41,0.859,27.168,1.9613,0,0,Good,2023-08-16 18:31:54,Invalid or missing units consumed
RD00041234,MTR004068,CUST004068,2023-01-09 19:07:43,Manual,,324492.12,233.4,24.29,0.911,74.333,5.6699,0,0,Good,2023-01-09 19:22:43,Invalid or missing units consumed
RD00019348,MTR002854,CUST002854,2024-11-14 00:56:21,Automatic,,116498.79,222.7,10.47,0.871,34.079,2.5169,0,1,Suspect,2024-11-14 01:17:21,Invalid or missing units consumed
RD00033098,MTR000803,CUST000803,2023-10-09 16:02:31,automatic,-4.4943,239595.33,238.5,16.61,0.783,3.4,0.2831,0,0,Good,2023-10-09 16:05:31,Negative units consumed
RD00002277,MTR000962,CUST000962,,automatic,-1.1596,488304.73,,,0.909,5.387,0.2309,0,0,GOOD,2022-08-03 07:21:40,Negative units consumed
RD00000792,MTR002243,CUST002243,2022-07-22 05:05:54,Automatic,-3.601,491896.3,234.9,19.88,0.796,6.99,0.2048,0,0,Suspect,2022-07-22 05:24:54,Negative units consumed
RD00046736,MTR002732,CUST002732,2023-10-01 03:33:01,Automatic,-2.5533,467256.52,236.7,48.68,,1.092,0.0935,0,0,Good,2023-10-01 03:46:01,Negative units consumed
RD00009087,MTR004612,CUST004612,2024-03-12 07:28:38,Automatic,-2.7008,60046.49,223.1,20.4,0.928,3.936,0.3721,0,0,Good,2024-03-12 07:35:38,Negative units consumed
RD00016363,MTR004469,CUST004469,2024-10-31 17:09:20,Automatic,-3.9029,395500.56,-,7.47,0.906,4.082,0.2199,0,0,Good,2024-10-31 17:30:20,Negative units consumed
RD00011364,MTR000067,CUST000067,2024-06-23 04:10:58,Automatic,-2.6771,194783.56,227.9,22.11,0.703,2.863,0.0812,0,0,Good,2024-06-23 04:33:58,Negative units consumed
RD00021534,MTR000246,CUST000246,2023-06-12 22:18:32,automatic,-4.048,295468.95,228.0,42.44,,42.974,2.1894,0,0,Good,2023-06-12 22:25:32,Negative units consumed
RD00034843,MTR001354,CUST001354,2024-10-12 14:57:46,Automatic,-3.0575,319806.32,234.6,34.67,0.833,95.247,2.8065,0,1,Invalid,2024-10-12 15:20:46,Negative units consumed
RD00002280,MTR002323,CUST002323,2024-04-16 23:39:29,Manual,-2.4582,,260.1,13.89,0.911,5.014,,0,0,Good,,Negative units consumed
RD00027518,MTR001783,CUST001783,2023-11-28 00:39:18,Revised,-2.5937,,219.2,36.76,0.99,,0.038,0,0,Suspect,,Negative units consumed
RD00022344,MTR004055,CUST004055,2023-04-25 09:26:34,Automatic,-4.7458,392907.85,246.6,24.66,0.0,13.041,0.4494,0,0,Good,2023-04-25 09:47:34,Negative units consumed
RD00035016,MTR001068,CUST001068,2023-07-15 12:21:25,Automatic,-4.0936,,213.5,48.05,0.838,4.85,0.1721,0,0,Good,2023-07-15 12:36:25,Negative units consumed
RD00006496,MTR000437,CUST000437,2023-10-25 17:49:52,Automatic,-3.554,294115.56,237.2,30.01,0.714,9.869,0.2801,0,-,Good,2023-10-25 18:00:52,Negative units consumed
RD00049555,MTR002610,CUST002610,2023-09-07 01:05:03,Estimated,-0.9451,149105.68,218.2,30.64,0.973,1021.214,64.0232,0,UNKNOWN,Good,2023-09-07 01:07:03,Negative units consumed
RD00016363,MTR004469,CUST004469,2024-10-31 17:09:30,Automatic,-3.9029,395500.56,-,7.47,0.906,4.082,0.2199,0,0,Good,2024-10-31 17:31:16,Negative units consumed
RD00019683,MTR002692,CUST002692,2024-07-27 23:13:19,Manual,-0.5411,66381.68,224.2,42.84,0.794,3.377,0.1267,0,0,Good,2024-07-27 23:29:19,Negative units consumed
RD00001603,MTR002040,CUST002040,2023-03-09 05:15:40,0,-0.6241,76501.1,224.2,39.66,0.856,0.905,0.041,0,0,Good,2023-03-09 05:33:40,Negative units consumed
RD00035066,MTR000720,CUST000720,2023-05-03 03:47:30,Automatic,-1.5877,370539.48,,13.1,0.985,3.258,0.1262,0,0,Good,2023-05-03 04:07:30,Negative units consumed
RD00012382,MTR001275,CUST001275,2023-05-28 21:25:50,Manual,-4.455,329429.44,228.1,10.3,0.963,119.371,,UNKNOWN,0,Suspect,2023-05-28 21:34:50,Negative units consumed
RD00046668,MTR099102,CUST003535,2024-11-17 20:25:24,Automatic,-3.432,,230.8,38.72,0.855,3.893,0.2919,0,0,Good,2024-11-17 20:52:24,Negative units consumed
RD00048933,MTR000730,CUST000730,2022-06-09 08:06:24,Estimated,-4.402,353395.65,234.7,1.89,0.908,16.391,0.9769,0,0,Good,,Negative units consumed
RD00040167,MTR000160,,,Automatic,-4.4925,481105.88,230.8,9.78,0.704,1.127,0.0978,0,0,Good,2022-02-10 11:01:19,Negative units consumed
RD00037956,MTR000819,CUST000819,2024-08-07 15:13:02,Automatic,-2.8562,339795.06,219.9,18.21,0.908,9.599,0.5295,0,1,Good,2024-08-07 15:16:02,Negative units consumed
RD00013807,MTR099703,CUST000076,2022-04-04 06:13:29,Manual,-2.9431,322826.76,238.0,,0.875,19.252,1.733,0,0,Good,2022-04-04 06:41:29,Negative units consumed
RD00004592,MTR003922,CUST003922,2022-06-10 20:14:37,Automatic,-1.8286,345017.42,231.0,15.27,0.728,7.544,0.4786,0,0,Good,2022-06-10 20:22:37,Negative units consumed
RD00047280,MTR004676,CUST004676,2023-12-04 14:06:17,Estimated,-0.8885,,232.6,40.72,0.0,9.046,0.3562,0,0,Invalid,,Negative units consumed
RD00030873,MTR004448,CUST004448,,AUTOMATIC,-0.8897,14162.23,218.6,17.48,0.765,,2.0651,0,0,Good,2023-07-27 16:05:36,Negative units consumed
RD00022731,MTR001349,CUST001349,,Automatic,-2.5383,212852.91,243.7,20.67,,10.131,,0,0,Good,2022-03-24 07:50:00,Negative units consumed
RD00013888,MTR001305,CUST001305,,estimated,-4.8911,413197.42,232.4,24.99,0.82,3.018,0.3311,0,0,Good,2022-05-18 23:46:57,Negative units consumed
RD00006479,MTR000507,CUST000507,2023-03-14 03:56:43,Automatic,-2.532,233794.81,227.8,5.35,0.793,48.026,2.7116,0,0,Good,2023-03-14 04:02:43,Negative units consumed
RD00013021,MTR003206,CUST003206,2023-03-29 14:07:55,Automatic,-2.8987,435557.22,228.9,44.2,,,0.34,0,0,Good,2023-03-29 14:19:55,Negative units consumed
RD00046132,MTR001780,CUST001780,2023-03-23 12:01:35,Automatic,-0.7964,66887.22,229.1,49.89,0.831,1.563,0.1686,0,0,Good,2023-03-23 12:19:35,Negative units consumed
RD00025627,MTR002100,CUST002100,2023-07-10 16:43:18,Automatic,-3.689,431695.05,229.3,47.14,0.914,72.06,7.1952,0,0,Good,2023-07-10 17:02:18,Negative units consumed
RD00042644,MTR001874,CUST001874,2022-01-02 21:26:10,Manual,-4.9814,207874.14,230.2,32.97,0.739,12.516,0.6025,0,0,Estimated,2022-01-02 21:50:10,Negative units consumed
RD00009481,MTR000452,CUST000452,2024-07-17 11:56:57,Automatic,-1.6931,425222.59,240.5,8.13,0.992,2.219,0.1927,0,0,Good,2024-07-17 12:06:57,Negative units consumed
RD00014073,MTR003733,CUST003733,2024-12-19 10:34:26,Automatic,-2.7277,379531.16,226.8,8.02,0.876,250.354,9.144,0,0,Estimated,,Negative units consumed
RD00036699,MTR000555,CUST000555,2024-05-22 00:35:09,Automatic,-1.6622,280859.81,239.5,5.55,0.878,2.679,0.1203,0,0,Suspect,2024-05-22 00:39:09,Negative units consumed
RD00025465,MTR000689,CUST000689,2024-08-21 21:46:52,Manual,-0.2081,415651.08,232.6,11.18,0.884,736.956,44.634,0,0,Good,,Negative units consumed
RD00042694,MTR000337,CUST000337,,Estimated,-1.7261,408405.04,240.8,35.88,0.818,8.309,,-,0,Good,2024-03-31 11:35:22,Negative units consumed
RD00004500,MTR002946,CUST002946,2023-03-27 20:37:29,Automatic,-3.046,315071.16,224.9,33.96,0.972,245.714,17.5378,0,0,Good,2023-03-27 20:42:29,Negative units consumed
